-- MySQL dump 10.13  Distrib 5.5.28, for Linux (x86_64)
--
-- Host: localhost    Database: wifinder
-- ------------------------------------------------------
-- Server version	5.5.28

/*!40101 SET @OLD_CHARACTER_SET_CLIENT=@@CHARACTER_SET_CLIENT */;
/*!40101 SET @OLD_CHARACTER_SET_RESULTS=@@CHARACTER_SET_RESULTS */;
/*!40101 SET @OLD_COLLATION_CONNECTION=@@COLLATION_CONNECTION */;
/*!40101 SET NAMES utf8 */;
/*!40103 SET @OLD_TIME_ZONE=@@TIME_ZONE */;
/*!40103 SET TIME_ZONE='+00:00' */;
/*!40014 SET @OLD_UNIQUE_CHECKS=@@UNIQUE_CHECKS, UNIQUE_CHECKS=0 */;
/*!40014 SET @OLD_FOREIGN_KEY_CHECKS=@@FOREIGN_KEY_CHECKS, FOREIGN_KEY_CHECKS=0 */;
/*!40101 SET @OLD_SQL_MODE=@@SQL_MODE, SQL_MODE='NO_AUTO_VALUE_ON_ZERO' */;
/*!40111 SET @OLD_SQL_NOTES=@@SQL_NOTES, SQL_NOTES=0 */;

--
-- Table structure for table `callback`
--

DROP TABLE IF EXISTS `callback`;
/*!40101 SET @saved_cs_client     = @@character_set_client */;
/*!40101 SET character_set_client = utf8 */;
CREATE TABLE `callback` (
  `id` int(11) NOT NULL AUTO_INCREMENT,
  `first_name` varchar(225) COLLATE utf8_unicode_ci DEFAULT NULL,
  `middle_name` varchar(225) COLLATE utf8_unicode_ci DEFAULT NULL,
  `last_name` varchar(225) COLLATE utf8_unicode_ci DEFAULT NULL,
  `email` varchar(225) COLLATE utf8_unicode_ci NOT NULL,
  `phone` varchar(225) COLLATE utf8_unicode_ci NOT NULL,
  `callback_text` longtext COLLATE utf8_unicode_ci NOT NULL,
  `is_received` tinyint(1) DEFAULT NULL,
  `created` datetime NOT NULL,
  `post` varchar(225) COLLATE utf8_unicode_ci DEFAULT NULL,
  `company` varchar(225) COLLATE utf8_unicode_ci DEFAULT NULL,
  PRIMARY KEY (`id`)
) ENGINE=InnoDB AUTO_INCREMENT=142 DEFAULT CHARSET=utf8 COLLATE=utf8_unicode_ci;
/*!40101 SET character_set_client = @saved_cs_client */;

--
-- Dumping data for table `callback`
--

LOCK TABLES `callback` WRITE;
/*!40000 ALTER TABLE `callback` DISABLE KEYS */;
INSERT INTO `callback` VALUES (1,'Роман','Бол','Васильевич','brv2007@inbox.ru','35-30-01','Хочу проверить Ваш сервис',1,'2013-04-24 21:24:04',NULL,NULL),(5,'ideostest','ideostest','ideostest','adolbine7747069@gmail.com','123456','Соберем для Вас по интернет клиентскую базу в течение суток!  \r\nУзнайте об этом по  \r\nтел +79137936342  \r\nSkype: s....8  \r\nICQ: 6288862  \r\nEmail: prodawez3837@mixmail.com \r\n \r\nЧтобы получить демоверсию базы данных БЕСПЛАТНО пришлите описание в виде: \r\n  \r\nЧем должны заниматься Ваши потенциальные клиенты (род деятельности, вид товара) \r\nГде должны находиться Ваши потенциальные клиенты (страны, регионы, города)',0,'2013-05-06 15:59:18',NULL,NULL),(6,'HailieAniya','HailieAniya','HailieAniya','kseniysobachixa@gmail.com','123456','Представляем вашему вниманию :<a href=http://intim-dates.com/?t=20617><b>мамба сайт знакомств</b></a> \r\n \r\n<a href=http://intim-dates.com/?t=20617><img>http://i47.fastpic.ru/big/2012/1117/cb/c697881f31ea7c10f6871ec2888c56cb.jpeg</img></a> \r\n \r\nПортал знакомств для секса <a href=http://richsexydate.com/?t=20617><b>знакомства для интима</b></a> создан для того, чтобы люди имели возможность предложить друг другу интим безвозмездно. Всё начинается и заканчивается как обыкновенный виртуальный флирт, который совершенно никого ни к чему не принуждает. Но часто, посетив сайт интимных знакомств, люди встречаются и неплохо проводят часы друг с другом. Впрочем, те, кому хочется всего и сразу, также запросто отыскивают партнеров прямо здесь <a href=http://sex-video-dating.com/?t=20617><b>нижнекамский секс-сайт знакомств</b></a>. Интимные знакомства всегда так интригующи!',0,'2013-05-20 10:45:00',NULL,NULL),(7,'Роман','Васильевич','Большунов','roman.bolshunov@gmail.com','910-357-15-95','Если Вы получили данное сообщение перезвоните мне для контроля или пришлите СМС',0,'2013-05-22 22:42:48',NULL,NULL),(8,'Роман','Вас','Большунов','Roman.bolshunov@mail.ru','8(910)357-1595','проверка рассылки уведомления из другой формы',0,'2013-05-22 22:44:18',NULL,NULL),(9,'arlineyrlipt','arlineyrlipt','arlineyrlipt','arline_ducasse47@rambler.ru','123456','Здравствуйте!                      \r\nОфициально по договору оформим на частных лиц и сотрудников учереждений карты клиента metro в сеть супермаркетов «METRO Cash & Carry»:карта метро с вашим фото(делается в самом магазине в вашем присутствии),с личным номером,кодом,со специальной магнитной полосой, названием предприятия, от которой вы будете нами зарегистрированы и оформлены. Вы можете проводить с собой двоих человек. Карты metro  оформляются: на граждан РФ и иностранных граждан.Оформление производится без предварительной оплаты, то есть вначале мы регистрируем и оформляем вас,вы получаете карточки metro, потом оплачиваете. Оплата производится в течение 1-го рабочего дня после оформления через Сбербанк Российской Федерации ,гипермаркеты МЕТРО КЕШ ЭНД КЭРРИ работают 24 часа.Срок действия карты  метро три года, по истечении этого срока договор перезаключается по взаимному согласию сторон.Для оказания этой услуги мы находим юридические лица, у которых есть свободные места в этих немецких тц,и заключаем с ними соответствующие договора, по которым учреждения обязуются предоставить вам право пользоваться их местами в этих немецких тц сроком на три года. Оформление и регистрация производятся в разных немецких магазинах  МETRO CASH & CARRY, по выбору юридических лиц в соответствии с их территориальным месторасположением. Получив карты клиента метро  в одном из тц МETRO CASH & CARRY вы можете ей пользоваться в любых других магазинах этой сети гипермаркетов МETRO CASH and CARRY в Российской Федерации и за рубежом.                      \r\nСтоимость оформления пропусков:      \r\n1-4 карт-клиента     1550 р/карта       \r\n5-14 карт-клиента   1050 р/карта       \r\n15-24 карт-клиента  850 р/карта       \r\n25-35 карт-клиента  800 р/карта       \r\n35-45 карт-клиента  750р/карта       \r\n45-60 карт-клиента  700р/карта         \r\nТелефон в Москве: 8-968-395-80-10                      \r\nНЕ ОТВЕЧАЙТЕ НА ЭТО ПИСЬМО, ЗВОНИТЕ И ЗАКАЗЫВАЙТЕ ПРЯМО СЕЙЧАС!',0,'2013-05-31 00:01:15',NULL,NULL),(10,'ababkovartbytw','ababkovartbytw','ababkovartbytw','ababkova37@rambler.ru','123456','Здравствуйте!                             \r\nЗаконно по юридическому договору оформим на частных лиц и сотрудников организаций карточки метро в сеть супермаркетов «МЕТРО»:карточка метро с вашей фотографией(делается при вас в самом магазине METRO Cash & Carry) ,с индификационным номером,кодом,со специальной магнитной полосой, названием предприятия, от которой вы будете нами оформлены. Вы можете проводить с собой двух человек. Карточки metro оформляются: на граждан России и иностранных граждан.Оформление производится без предварительной оплаты, то есть вначале мы регистрируем вас,вы получаете пропуска в метrо, потом оплачиваете. Оплата производится в течение 1-го рабочего дня после оформления через Сбербанк Российской Федерации ,немецкие супермаркеты МЕТРО КЕШ ЭНД КЭРРИ работают 24 часа.Срок действия карты клиента метро  три года, по истечении этого срока договор перезаключается по взаимному согласию сторон.Для оказания этой услуги мы находим фирмы, у которых есть свободные места в этих магазинах,и заключаем с ними соответствующие договора, по которым организации обязуются предоставить вам право пользоваться их местами в этих немецких супермаркетах сроком на три года. Оформление и регистрация производятся в разных немецких гипермаркетах МETRO CASH and CARRY, по выбору юридических лиц в соответствии с их территориальным месторасположением. Получив карты метро в одном из магазинов «МЕТРО Кэш энд Керри» вы можете ей пользоваться в любых других магазинах этой сети супермаркетов МETRO CASH and CARRY в РФ и за рубежом.                             \r\nСтоимость оформления пропусков:             \r\n1-4 карт-клиента     1550 р/карта              \r\n5-14 карт-клиента   1050 р/карта              \r\n15-24 карт-клиента  850 р/карта              \r\n25-35 карт-клиента  800 р/карта              \r\n35-45 карт-клиента  750р/карта              \r\n45-60 карт-клиента  700р/карта                \r\n                         \r\nНЕ ОТВЕЧАЙТЕ НА ЭТО ПИСЬМО!       \r\n     \r\nИЩИТЕ НАС В ПОИСКОВИКАХ ПО КЛЮЧЕВЫМ СЛОВАМ ТИПА: метро-карточка',0,'2013-05-31 14:14:11',NULL,NULL),(11,'katalogqefigx','katalogqefigx','katalogqefigx','prestige_katalog000@yahoo.com','123456','Здравствуйте!    \r\n    \r\nПросим сообщить стоимость пультовой охраны офиса.    \r\nОфис 369 м/кв. расположен в г.Москве в 500 метрах от ст.метро Черкизовская в одноэтажном здании.    \r\nНеобходимо смонтировать систему охраны с выводом на ваш пульт управления.    \r\nОхрана в не рабочее время суток, выходные и праздники.    \r\nСообщите, где территориально расположена ваша группа быстрого реагирования и через какое время смогут добраться до     \r\nобъекта в случае \"тревожного сигнала\".    \r\n    \r\nP.S.    \r\nПросим сообщить стоимость пультовой охраны всего объекта общей площадью 2900 метров квадратных (10 офисов), учитывая, что     \r\n внешняя система видеонаблюдения смонтирована.    \r\nПлан БТИ и прилегающей территории прикреплены.    \r\nТакже просим сообщить минимальную стоимость поста охраны (2 человека) вахтовым методом.    \r\nОтвет по ценам просьба прислать на ящик prestige_katalog000@yahoo.com    \r\nС уважением:Илья Николаевич',0,'2013-06-03 13:31:01',NULL,NULL),(12,'iawdoypp','iawdoypp','iawdoypp','yinliu302@hotmail.com','123456','Trend <a href=http://www.okay2shoes.net><b>Cheap Jordans</b></a> report-Play pants\r\n\r\nSo starting from the autumn and winter 2010, designers seemed to pick up the tape and scissors, begin to make pants reborn.Celines phoebe philly, as the initiator of minimalist style, will also be re-Cut pants into people\'s attention.In addition, chloe, salvatore farrago, michael kars, zach posen and a series of simple and sophisticated style, brand, also joined the ranks.In tom ford\'s first lady clothing series, there are plenty of neutral and capable of pants style.Ladies pants, from the spring and summer 2011 season, and in the past will be showing a different style.Wide-Leg or straight, to cotton, linen fabric, wool or silk mixed with the main draw men\'s tailoring, showing the <a href=http://www.okay2shoes.net/nikeairmaxnikeairmax97womens-c-3_58.html><b>Cheap Womens Nike Air Max</b></a> elegant contours of stiffness. \r\nWith the guidelines:Although i have to fawn unbearable point, but denied that the color will always be popular next spring, and fluorescence color with the occupation of wardrobe.A superb cut, the material stiffness of the wide-Leg pants, a woman can bring out the most capable, elegant and wise qualities, it is not too complicated for the match.Proposed in this season, dressed in a simple thin sweater or lightweight fabric easy to streamline style shirt.Stiffness of a cut the same simple woolen coat indispensable recommended to choose over-Sized models is the currently most popular worn.This wear, of course, is not suitable in the legs wrapped boots, pants sets of boots i do not know which village is more worn, the proposed simple style with high-Heeled shoes.In color, choose a single product all the different shades of the same degree of color is the latest fashion focus.',0,'2013-06-04 06:36:40',NULL,NULL),(13,'jvhmqzff','jvhmqzff','jvhmqzff','yinliu302@hotmail.com','123456','Malefactor of Ma Sida of emperor of Mu Shuai dissatisfaction on the west intermediary: Yourself uses the Qi Er that abandon be stranded\r\nYahoo sports dispatch is in the training yesterday, the member that Muliniao did not criticize emperor polo people, he said only sentence \" weekday says again \" . Local time this Saturday, emperor horse will is opposite in heart comparing battle a Ma Jing. This weekday, emperor horse will prepare for war afresh Duotemengde, at the appointed time Muliniao will answer dish this field match. Although maniac shuts up temporarily, occupy nevertheless \" Ma Ka signs up for \" the report says, muliniao had chosen 4 one who brings disgrace on his group inside the team, he thinks admire admire, Hedila, Harvey - Alongsuo and be stranded Qi Er need pair of Ou Guan be defeated and responsible. \r\n \r\n\" Ma Ka signs up for \" : Mu Shuai thinks 4 malefactor should suffer a defeat for emperor horse responsible\r\n In the antagonism with Laimoduofusiji, admire admire is in overall disadvantageous position. Very long not was opposite in summit summit definitely in the Portuguese that takes up the post of a hair halfback, be squelched completely by polish center institute. What make Muliniao malcontent more is, admire admire is attendant on lack enough aggressive sex, strong the label that ought be 30 million gentleman. \r\n Be opposite when many Temengde, of emperor horse medium a complete out of control, muliniao thinks this wants to ascribe to double hind waist Hedila and Harvey - Alongsuo. Double hind the waist is squelched completely by adversary, duotemengde is right Harvey - Alongsuo is stared at cheek by jowl prevent, basque appears time and again below weigh the error that pass a ball. And did not have Harvey - Alongsuo is gotten army, hedila resembles a fly that do not have a head. The waist after Germany cannot organize effective aggression, also do not bar Beijing is installed more at the <a href=http://www.lantkegypt.com/engine/images/nikeshoes025.aspx>retro air jordans for sale</a> same time. Lamosi by Rhea this of do sth over and over again terrible, hedila did not provide adequate protection to line of defence. \r\n To the expression of be stranded neat Er, muliniao is likewise disappointed to anger. Be stranded neat Er ought be emperor horse the last crucial person that send, but the waist before Germany is attendant however go up to have any contribution hardly. Although be stranded neat Er is line of emperor horse attack,go up to be able to stabilize the player that charges a ball exclusively, but those who lack clever light to show is biting pass continuously. \r\n On the press conference after contest, muliniao shifts responsibility to player <a href=http://www.tatlangida.com/images/products/nikeshoes009.aspx>buy jordans online cheap</a> body, he alleges emperor horse is nonexistent attitude issue, however player people problem of the existence on ability. Nowadays, muliniao began hold tight to have scapegoat again. But \" world sports signs up for \" point out clearly, muliniao just is the real culprit of emperor horse disastrous defeat. Muliniao lets Mo Deli surprise a hair, this makes the be stranded of the waist before kicking be used to neat Er is forced to appear in right way, maniac brings about be stranded Qi Er to be lost completely directly. Muliniao broke the halfback combination of Lamosi and Walanei, admire admire loses face because of this lose face. Be opposite with 3 of Keluopu definitely in, muliniao cannot find the method that gains an advantage on tactics completely. And in face a direct side, muliniao meet an emergency is honest too slow, he until 1 change Dimaliya, card to block He Benze horse than the 4 ability when lagging behind, but when be late already. \r\n After this disastrous defeat, emperor horse player people be opposite in succession \" Ma Ka signs up for \" watch determination: \"We still have an opportunity to promote, we must hold. If have a team can changeover, this team is emperor horse, we must dare to die and battle! \" the word of emperor horse player says passion is insurgently, but think so really in may not heart. \"We are very helpless, we feel whats are done, we by all-around crushing. \" \" confidential newspaper \" the ana of emperor horse player of exposure, just perhaps be the true aspirations after disastrous defeat. (Responsibility edits: Lv Ze)',0,'2013-06-04 16:29:21',NULL,NULL),(14,'Александр','Юрьевич','Степков','al.viss@yandex.ru','8(906)033-27-03','Добрый день!\r\nИщу медиаконвертер оптика-RS485, имеющий сертификат соответствия ФЗ-123 (ТРоПБ)\r\n784766, 784765 соответствуют этим требованиям?\r\n\r\nСпасибо!',0,'2013-06-07 18:01:45',NULL,NULL),(15,'optimaisetWyzel','optimaisetWyzel','optimaisetWyzel','koritovandriy@gmail.com','123456','Найди себе партнера для интима и приятного общения в одно мгновение! <a href=http://sex-video-dating.com/?t=20617><b>mamba секс знакомства</b></a> Невероятные знакомства для секса в любом городе Росии и не только, только на нашем сайте секс знакомств  самые раскованные девушки и парни, готовые отдохнуть в любое время с тобой! Десятки, сотни, тысячи людей ищут секса с тобой! <a href=http://sex-lavs.com/?t=20617><b>сайты интимных знакомств беларусь</b></a> \r\n \r\n<a href=http://intimstrana.in/?t=20617><img>http://i.pixs.ru:/storage/0/9/1/RRRRRSRRRR_7774580_8148091.jpg</img></a>',0,'2013-06-09 04:04:41',NULL,NULL),(16,'Blultacle','Blultacle','Blultacle','cruiciecy@yandex.ru','123456','Top Swiss Brand Watches for Sale \r\n \r\nhttp://pavar.ru/',0,'2013-06-17 09:09:56',NULL,NULL),(17,'Андрей','Валерьевич','Мелентьев','zuganoid@ddk.ru','8 863 2979722','Интересуют камеры MDF3000A-CS',0,'2013-06-19 17:01:52',NULL,NULL),(18,'abaksinmlferc','abaksinmlferc','abaksinmlferc','abaksin69@rambler.ru','123456','Здравствуйте!                                       \r\nЗаконно по договору сделаем на физических лиц и сотрудников организаций пропуска в метро в сеть гипермаркетов МETRO CASH and CARRY:карта клиента метро  с вашим фото(делается в самом магазине в вашем присутствии),с номером,штрих - кодом,магнитной полосой, названием организации, от которой вы будете нами зарегистрированы. Вы можете проводить с собой двух человек. Карты  метро оформляются: на граждан России и иностранных граждан.Оформление производится без предоплаты, то есть вначале мы регистрируем и оформляем вас,вы получаете карты клиента metro, потом оплачиваете. Оплата производится в течение одного рабочего дня после оформления через Сбербанк России ,немецкие торговые центры METRO CASH&CARRY работают 24 часа в сутки.Срок действия карты  метро три года, по истечении этого срока договор перезаключается по взаимному согласию сторон.Для оказания этой услуги мы находим юридические лица, у которых есть свободные места в этих супермаркетах,и заключаем с ними соответствующие договора, по которым учреждения обязуются предоставить вам право пользоваться их местами в этих тц сроком на три года. Оформление и регистрация производятся в разных супермаркетах МЕТРО КЭШ ЭНД КЕРРИ, по выбору юридических лиц в соответствии с их территориальным месторасположением. Получив пропуска в метро в одном из немецких супермаркетов METRO вы можете ей пользоваться в любых других магазинах этой сети немецких супермаркетов \"Метро\" в РФ и за границей.                                       \r\nСтоимость оформления пропусков:                       \r\n1-4 карт-клиента     1550 р/карта                        \r\n5-14 карт-клиента   1050 р/карта                        \r\n15-24 карт-клиента  850 р/карта                        \r\n25-35 карт-клиента  800 р/карта                        \r\n35-45 карт-клиента  750р/карта                        \r\n45-60 карт-клиента  700р/карта                          \r\n                                   \r\nНЕ ОТВЕЧАЙТЕ НА ЭТО ПИСЬМО!                 \r\nЗаказывайте  карты через сайт:  http://www.metro-kk.ru/',0,'2013-06-20 08:44:58',NULL,NULL),(19,'searnecyroine','searnecyroine','searnecyroine','cruiciecy@yandex.ru','123456','Browse Watch Replica Catalogue Here \r\nhttp://pavar.ru/',0,'2013-06-21 04:38:30',NULL,NULL),(20,'Jawagogetoith','Jawagogetoith','Jawagogetoith','sovm45ftekp@mail.ru','123456','Ремонт ворот в Москве, Ремонт шлагбаумов и автоматических дверей. <a href=http://www.remvorot.ru/>Ремонт ворот</a> производится профессиональными инженерами, и дается гарантия 3 месяца.',0,'2013-06-21 07:06:57',NULL,NULL),(21,'nik.karivSeaton','nik.karivSeaton','nik.karivSeaton','skvernukvova@gmail.com','123456','Найди себе партнера для интима и общения прямо сейчас! <a href=http://yourlaves.com/?t=20617><b>сайт интим знакомств бесплатно</b></a> Невероятные знакомства для секса в любом городе Росии и ближнего зарубежья, только на нашем сайте секс знакомств  лучшие девушки и парни, готовые отдохнуть в любое время с тобой! Десятки, сотни, тысячи людей хотят секса с тобой! <a href=http://v-razvrate.com/?t=20617><b>секс знакомства бесплатно в пензе</b></a> \r\n \r\n<a href=http://seks-srazu.org/?t=20617><img>http://i5.pixs.ru:/storage/0/5/4/RRRRRRSSRR_5519999_8148054.jpg</img></a>',0,'2013-07-01 07:40:24',NULL,NULL),(22,'paradoxMattew','paradoxMattew','paradoxMattew','larisachaxnazarova@yandex.ru','123456','Найди себе партнера для секса и общения в одно мгновение! <a href=http://seks-srazu.org/?t=20617><b>сайт знакомств</b></a> Невероятные знакомства для секса в любом городе Росии и других странах СНГ, только на нашем сайте секс знакомств  самые раскованные девушки и парни, готовые отдохнуть этим вечером с тобой! Десятки, сотни, тысячи людей ищут секса с тобой! <a href=http://intim-dates.com/?t=20617><b>секс знакомства тольятти</b></a> \r\n \r\n<a href=http://sex-lavs.com/?t=20617><img>http://i.pixs.ru:/storage/0/3/7/RRRRRRSSRR_9349659_8148037.jpg</img></a>',0,'2013-07-02 00:33:11',NULL,NULL),(23,'Валентин','Викторович',NULL,'tyu.v.v@yandex.ru','89099220042','Система пожарной сигнализации',0,'2013-07-04 14:20:43',NULL,NULL),(24,'nitipatwTyree','nitipatwTyree','nitipatwTyree','kakamadairrina@gmail.com','123456','Найди себе партнера для секса и не только прямо сейчас! <a href=http://intim-dates.com/?t=20617><b>знакомства секс</b></a> Невероятные знакомства для секса в любом городе Росии и ближнего зарубежья, только у нас на сайте секс знакомств  самые лучшие девушки и парни, готовые развлечься этим вечером с тобой! Десятки, сотни, тысячи людей ищут секса с тобой! <a href=http://seks-srazu.org/?t=20617><b>знакомства в ярославле без регистрации</b></a> \r\n \r\n<a href=http://vseksmire.com/?t=20617><img>http://i.pixs.ru:/storage/0/6/4/RRSRRRSRRR_1511931_8148064.jpg</img></a>',0,'2013-07-06 08:21:24',NULL,NULL),(25,'Horamareaskkqmd','Horamareaskkqmd','Horamareaskkqmd','horamareas@gmail.com','123456','Enlinkunsesia <a href=http://vikaswieier.com>xaikalitag</a> MypecypeMok http://usillumaror.com - iziananatt snankella http://gussannghor.com Semaaspetle',0,'2013-07-21 23:50:40',NULL,NULL),(26,'Артем','Владимирович','Грюков','grukov@servicegroup.com.ua','+380978619179','Интересуют следующие позиции по оборудованию ESSER. \r\n789862.10\r\n789863\r\n789864\r\nЕсть ли возможность отправить данное оборудование в Украину?',0,'2013-07-28 15:12:55',NULL,NULL),(27,'DJMusic','DJMusic','DJMusic','besterov4@mail.ru','123456','0day Techno, 0day House , 0day Minimal \r\nDOWNLOAD - 0day-music !! 0day Chart, 0Day Top10, \r\nhttp://2013.0daymusic.org \r\nwww.uploaded.lt \r\nwww.0daymusic.eu \r\nwww.0dayvinyls.org \r\nwww.filestube.eu \r\nwww.filestube.lt \r\nwww.mediafire.lt \r\nwww.oron.cz \r\nwww.oron.dk \r\nwww.oron.ee \r\nwww.oron.lt \r\nwww.oron.se \r\nwww.0daymusic.org',0,'2013-07-30 19:55:29',NULL,NULL),(28,'Saundunfini','Saundunfini','Saundunfini','diddethorient@mail.ru','123456','<a href=http://www.freenergy.com.ua/topic/87-sekret-kapanadze/page-25>эд линскалнинш</a>\r\n<a href=http://www.freenergy.com.ua/topic/79-elektricheskii-analog-kontrollera-tesla-dlia-si/>механический ключ тесла</a>\r\n \r\n \r\nПортал Свободная Энергия посвящен изучению и обсуждению вышеобозначенной проблемы.  На нашем ресурсе талантливые ученые делятся своими  достижениями,  спрашивают совета у посетителей сайта, относительно усовершествования  уже существующих систем, для получения  как можно более высоких результатов. Отличительной особенностью  данного ресурса является то, что  в нем  приветствуется  только лишь реальное обсуждение и  новые мысли  разумных людей, нет  пустословия, воды, стандартных мыслей, «вечных двигателей», воплощение которых  не представляется возможным. \r\nБолее всего полезным будет этот портал тем пользователям, которые пишут научную работу, имеют некоторые затруднения с выполнением практического задания, либо же просто жаждут повторить опыты великих ученных, достичь или может даже превзойти уже существующие результаты. С помощью нашего интернет-сайта можно отыскать важную информацию, которая касается электрооборудования. Очень занимательно будет ознакомиться с разделами Свободной энергии новичкам, которые почти ничего не соображают в электрическом оборудовании, стремятся своими силами освоить его азы, чтобы не прибегать к помощи специалистов для решения сложных задач. Тем более, что знания в области электроэнергии никогда не будут лишними, особенно в бытовом вопросе. \r\n \r\n<a href=http://www.freenergy.com.ua/topic/100-issledovanie-stoiachikh-voln-v-katushke/>получение стоячих волн</a>\r\n<a href=http://www.freenergy.com.ua/topic/87-sekret-kapanadze/>схема генератора капанадзе</a>',0,'2013-07-30 23:24:22',NULL,NULL),(30,'Лариса','Михайловна','Родионова','rodionova.larisa@mail.ru','8-910-664-02-44','Цены и скидки 1 комплект:\r\n1.	 Лицензионное программное обеспечение  для программирования и тестирования пожарных панелей ESSER 789861\r\n2.	Базовая лицензия для ПО WINMAGplus c USB ключом за-щиты ESSER 13631\r\n3.	Лицензия на опцию поддержки интеграции чертежей AutoCAD ESSER 013655',0,'2013-08-05 09:20:38',NULL,NULL),(33,'Болат','Мейрамович','Рахимбеков','bolat@starsat.kz','+77017216009','Добрый день!\r\nоправил ТЗ на info@wifinder.biz\r\n\r\nЖду КП.\r\nСпасибо.',0,'2013-08-14 09:34:47',NULL,NULL),(34,'Максим','Васильевич','Салыган','shela@bk.ru','8-916-702-01-96','Ремонт пожарной станции Esser',0,'2013-08-21 10:25:18',NULL,NULL),(35,'Алексей',NULL,NULL,'svettsov@aist76.ru','4852 45-10-78','Прошу выслать прайс-лист на видеонаблюдение',0,'2013-08-23 11:34:05',NULL,NULL),(37,'Алексей','Владимирович','Угрюмов','msp34@mail.ru','+79023119876','Здравствуйте\nхочется пообщаться со специалистом технической поддержки.\nСпасибо.',0,'2013-09-06 20:41:51',NULL,NULL),(38,'Александр','Владимирович','Алексеенко','ava@tsn.ru','9055041616','Прошу сообщить стоимость:	\r\n1	Микромодуль ESSERNET для КП FlexEs Control, 500 kBd	FX808341	шт. 1		\r\n2	Управляющий модуль на 18 слотов для панелей серии FlexEs Control	FX808328.18R - 1 шт.		\r\n3	Пульт управления с монохромным QVGA-дисплеем 5,7\" для панелей	FX808324 - 1 шт.		\r\n4	Пожарная контрольная панель FlexEs Control FX10 	FX808394 - 1 шт.			\r\n5	PS-8E панель управления и расширения для систем оповещения	PS-8E -  1шт.',0,'2013-09-19 12:13:56',NULL,NULL),(39,'Дмитрий','Сергеевич','Ларионов','larionov@opsn.ru','89153529905','Наличие и стоимость модулей 808623 - 25 шт., либо 808613.10 - 25 шт.',0,'2013-09-19 18:04:24',NULL,NULL),(40,'Владимир','Николаевич','Шмидт','shmidt.vn@szma.org','+7(4872)407461','Основные компоненты Системы пожарной сигнализации Esser:\r\n•	Пожарные контрольные панели серии 8000 или IQ8Control -1 шт.\r\n•	Аналогово-кольцевой шлейф esserbus®\r\n•	Адресные расширители (транспондеры) - 1 шт.\r\n•	Автоматические пожарные извещатели серии 9200 или IQ8 (или аналог) - 20 шт.\r\n•	Ручные пожарные извещатели серии 9200 или IQ8 (или аналог) - 3 шт.\r\nДополнительные компоненты Системы пожарной сигнализации Esser:\r\n•	Адресные тревожные оповещатели IQ8Alarm (или аналаг) - 2 шт.\r\n•	Беспроводной транспондер IQ8Wireless - 1 шт.\r\n•	Беспроводной шлюз IQ8Wireless со стандартным датчиком IQ8 - 1 шт.\r\n•	Беспроводные базы для ручных и автоматических извещателей со стандартными датчиками IQ8 - 1 шт.\r\nСпринклерная система автоматического пожаротушения для склада стеллажноготипа 6 м высота, 12м. ширина, 20м.длинна.',0,'2013-09-20 11:20:06',NULL,NULL),(41,'Дмитрий',NULL,'Калинин','9880922@gmail.com','+380509001088','Термомаксимальный извещатель ТМ 802171 - 10 шт доставка в Украину',0,'2013-09-20 19:15:56',NULL,NULL),(42,'Виктор','Юрьевич',NULL,'6406101@mail.ru','(916)-210-56-57','Интересует запасное стекло для РИП ESSER\r\nВ количестве 30 шт.',0,'2013-09-23 11:18:00',NULL,NULL),(43,'Денис','Алексеевич','Тарасов','2406498@gmail.com','(966)2406498','IQ8Quad 802371 - 3 шт		\r\nIQ8Quad O2T/F 802383 - 2 шт\r\nIQ8Quad 805590 - 5 шт\r\nIQ8Quad 805571 - 5 шт\r\nSAS0475 - 200 м',0,'2013-09-25 09:56:34',NULL,NULL),(44,'Artem','Sergeevich','Belov','Tmak55@mail.ru','89136520105','WINMAGLite demo или WINMAGPlus demo',0,'2013-10-02 08:22:30',NULL,NULL),(45,'Елена','Анатольевна','Голубева','w-sec@yandex.ru','(812) 325-95-36','усилитель мощности 2хD250 ESSER 580 231-2шт      усилитель мощности 2хD400 ESSER -1шт     рупорный динамик HQ 30 ESSER 581 203-13шт   рупорный динамик HQ 30 ESSER -9шт',0,'2013-10-17 11:27:50',NULL,NULL),(60,'Кирилл','Валерьевич','Черных','rxd-90@yandex.ru','89164794607','Интересует техническое обслуживание АПС Honeywell',0,'2013-10-24 10:52:56',NULL,NULL),(61,'Кирилл','Юрьевич','Чудин','snab@arkada-ss.ru','+79185555993','Необходимо приобрести оборудование пожарной сигнализации Esser Honeywell. Как прикрепить заявку?',0,'2013-10-28 09:55:13',NULL,NULL),(62,'Виктор','Юрьевич','Шабалов','po.avtomatika@gmail.com','+7(915)820-25-11','Здравствуйте! Нашу компанию ООО \"АвтоматиикаСБ\" интересует продукция ESSER by Honeywell, а именно оборудование для АПС. Прошу Вас срочно со мной связаться для обсуждения вопросов сотрудничества.',0,'2013-10-30 19:39:34',NULL,NULL),(63,'Владимир','Владимирович','Лободенко','vv@microlana.ru','89180030205','Тестер для дымовых извещателей, \"Esser 805582\"\r\nТестер для тепловых извещателей , \"Esser 060429\"\r\nинтересует наличие и цена',0,'2013-11-06 09:54:08',NULL,NULL),(64,'Андрей','Васильевич','Матвеев','a.matveev@inbox.ru','8 (912) 016-97-15','1. Оптический дымовой извещатель IQ8Quad (код 802371);\r\n2. Стандартная база для серии IQ8Quad с клеммами для дистанционного индикатора (код 805590);\r\n3. Выносное устройство оптической сигнализации (код 801824 ВУОС);\r\n4. РПИ серии IQ8 с изолятором, красный корпус со стеклянной вставкой – Esser (код 804971);\r\n5. Транспондер esserbus - 4 входа / 2 реле (код 808613.10);\r\n6. Корпус для трансподера, накладной монтаж. цвет серый (код 788600).',0,'2013-11-06 13:05:12',NULL,NULL),(65,'Татьяна','Александровна','Ковина','kovina@vipaks.ru','(342) 220-67-10  вн. №321','Добрый день!\r\nПодкажите пожалуйста цену и срок поставки:\r\nСтекло Esser 704910 для ИПР 704900    12шт.\r\n\r\nЗаранее спасибо.',0,'2013-11-11 12:44:14',NULL,NULL),(66,'henegrini','henegrini','henegrini','druddysom@hotmail.com','123456','<a href=http://ufa102.com/maps/transport-gruzoperevozki/perevozki/pochtovoe-otdelenie-38.html>почта 38 уфа график работы</a>\r\n<a href=http://ufa102.com/maps/raznoe/gidrorukav.html>гидрорукав уфа</a>\r\n \r\n \r\nПочти все наши соотечественники - люди занятые. Мы нечасто встречаемся с друзьями, практически не обсуждаем видеофильмы и публикации и даже не имеем возможности поделиться актуальной новостью. \r\nВебсайт ufa102.com – это официальный вебресурс города Уфа, на котором размещена вся актуальная информация не только города Уфа, но и РФ, и планеты. \r\nИменно здесь имеется самый теплый и дружный форум, на нём вы отыщете много друзей. Только на этом вебресурсе расположены блоги любопытных и знаменитых людей. Именно наши новости самые свежие и честные. Кроме этого, здесь размещена карта Уфы, информация о интересных местах, транспорте, торговых точках и прочей инфраструктуре. \r\nКардинальное отличие нашего вебсайта от аналогичных ему – это комфортный интерфейс, это и стало нашей визиткой. У нас информация упорядочена и структурирована, потому даже новичок быстро найдёт то, что необходимо. \r\nВебсайт ufa102.com – это интерактивный ресурс. Вы не только смотрите со стороны, оставив комментарии на форуме, вы сами сделаете наш ресурс интересным и уникальным, добавив свою информацию, сможете поделиться только вам известными фактами и своим исключительным опытом. \r\n \r\n<a href=http://ufa102.com/faq/quest605.html>интересные места в уфе</a>\r\n<a href=http://ufa102.com/maps/medicina-zdorove-krasota/bolnicy/respublikanskaja-klinicheskaja-bolnica-im-g-g-kuvatova-rkb.html>больница ркб г уфа операции</a>',0,'2013-11-13 11:25:20',NULL,NULL),(96,NULL,NULL,'Давыдов','664-43-31@mail.ru','+7-903-664-43-31','Здравствуйте, интересует оборудование ESSER/\r\nБлок питания 782426G1\r\nМикромодуль 782426',1,'2013-12-10 15:54:58','инженер','ООО \"СПРИНКЛЕР\"'),(97,'Анатолий','Александрович','Александров','ooosib@rambler.ru','+7-863-280-09-75','День добрый. Прошу уточнить цену и наличие на оборудование Esser by Honeywell согласно заявке (см.вложение)',1,'2014-01-14 12:11:39','директор','ООО \"ТД \"СиБ\"'),(98,'Олег','Анатольевич','Диордиев','doa@radiansb.ru','+7-902-877-80-00','Стартовый комплект для программирования (789860.10)	компл	1\r\nUSB-переходник для программирования панелей 8010 (789866)	шт	1\r\nТелескопический удлинитель для пластиковой штанги 060427 (060426)	шт	1\r\nПластиковая телескопическая штанга (060427)	шт	1\r\nПрибор для дымовых извещателей (805582)	шт	1\r\nГаз тестовый для прибора 805582 (060430.10)	шт	10\r\nТестовые дымовые таблетки (769080)	шт	59\r\nСъемник для извещателей (805580)	шт	1',1,'2014-01-22 09:41:16','Директор','ДО№1 ООО \"Радиан\"'),(99,'Сергей','Юрьевич','Максименко','rossintec@perm.ru','+7-342-277-15-89','Добрый день!\r\nИнтересует возможность поставки оборудования (в файле)\r\nПрошу выслать коммерческое предложение с ценами и сроками поставки.',1,'2014-01-23 10:21:21','Директор','ООО \"РОССИНТЕК\"'),(100,'Виктор','Георгиевич','Гришин','grishin@asvt.ru','+7-495-744-55-77','Во вложении перечень оборудования АПС. Этот расчет вы уже делали для других фирм, поэтому просто повторите.',1,'2014-01-23 13:59:47','Начальник отдела управления проектами','ОАО \"АСВТ\"'),(101,'Надежда','Михайловна','Шилова','nadmih11@mail.ru','+7-347-244-56-33','1. Ст. к-т для программирования (789860.10)  -1шт;\r\n2. USB-переходник д/прогр. панелей 8010  (789866) -1шт\r\n3.Телескоп. удлинитель для пласт.панели 060427 (060426)  - 1шт;\r\n4.Пласт. телескоп. штанга (060427) - 1шт\r\n5. Прибор для дым.извещ. (805582) - 1шт;\r\n6. Газ тестовый для прибора 805582 (060430.10) - 10шт;\r\n7.Тестовые дым. таблетки (769080) - 59шт;\r\n8. Съемник для извещат. (805580)  - 1шт',1,'2014-01-28 08:48:19','нач. отдела продаж','ООО \"Мир безопасности\"'),(102,NULL,NULL,'qu','ooo@kkk.ru','+7-222-222-22-22','oooops!\r\ntest letter',1,'2014-01-28 17:28:53',NULL,NULL),(103,'Сергей','Анатольевич','Тяпкин','sat_2008@list.ru','+7-926-362-26-01','Здравствуйте. Прошу рассчитать стоимость оборудования для  наладки и тестирования:\r\n1). Стартовый комплект для программирования.  \r\n                 (арт.789860.10)',1,'2014-01-30 11:34:01','Инженер','ООО НПФ \"РОМБ+К4\"'),(104,'А.А.',NULL,'Мазов','onlyvimar@gmail.com','+7-905-085-35-32','Прошу выслать коммерческое предложение на следующее оборудование esser by honeywell:\r\n1. контрольная панель 808004 - 1 шт.\r\n2. АКБ 18011 - 2 шт.\r\n3. Лицевая панель 786010 - 1 шт.\r\n4. Карта внешних устройств 772420 - 1 шт.\r\n5. Модуль расширения 772476 - 1 шт.\r\n6. Модуль для связи с АРМ 784841 - 1 шт.\r\n7. Модуль 787530 - 2 шт.\r\n8. Транспондер - 808610.10 - 1 шт. \r\n9. Извещатель IQ8 Quad 802371 - 20 шт.\r\n10. База для извещателя 805590 - 18 шт.\r\n11. Извещатель ручной 804971 - 27 шт.\r\n12. Доп. крышка 704965 - 6 шт.\r\n13. Цифровой модуль выходов Variodyn D1 DOM - 1 шт.\r\n14. Усилитель мощности 2х300Вт 2XV300-D1 - 1 шт.\r\n15. Распределитель сетевого питания MSU - 1 шт.\r\n16. Универсальный интерфейсный модуль UIM - 1 шт.\r\n17. Микрофонная консоль DCSF12 - 1 шт.',1,'2014-02-03 16:41:34','Инженер','ООО \"АВТОР\"'),(105,'Роман','Васильевич','Большунов','roman.bolshunov@gmail.com','+7-910-357-15-95','Это письмо отправлено с целью выяснить читает ли кто то кроме меня присылаемые клиентами заказы.\r\nНапишите какого числа вы получали крайнюю рассылку. Заранее спасибо',0,'2014-02-04 11:28:44',NULL,NULL),(106,'Александр',NULL,'Круглов','akruglov@itera.ru','+7-495-788-81-01','Здравствуйте!\r\n\r\nДля модернизации ПКП ESSER 8008 нам необходимо приобрести:\r\n1. 771794 - карта процессора - 1шт.\r\n2. 770393 - ПО резервного процессора - 1шт.\r\n3. 784760 - карта ввода/вывода - 1шт.\r\n4. 771788 - карта памяти - 1шт.\r\n\r\nПросим Вас сообщить возможность поставки вышеуказанного оборудования, его стоимость и сроки поставки.',1,'2014-02-05 11:05:55','инженер','Тоуэр'),(107,NULL,NULL,'test','test@test.ru','33333333','fffffff',0,'2014-02-05 22:43:57',NULL,NULL),(108,'Руфина','Фергатовна','Габдуллина','2923768@mail.ru','+7-347-292-37-68','Добрый день!\r\n\r\nМы заинтересованы в приобретении оборудования, в связи с этим просим выставить, по возможности, отдельные счета на каждую спецификацию (во вложении).\r\n\r\nНадеемся на сотрудничество.',1,'2014-02-06 09:47:45','Начальник проектный отдел','ЗАО ЦПЗ \"Арсенал-01\"'),(109,'Руфина','Фергатовна','Габдуллина','2923768@mail.ru','+7-347-292-37-68','Добрый день!\r\n\r\nМы заинтересованы в приобретении оборудования, в связи с этим просим выставить, по возможности, отдельные счета на каждую спецификацию (во вложении).\r\n\r\nНадеемся на сотрудничество.',1,'2014-02-06 09:47:52','Начальник проектный отдел','ЗАО ЦПЗ \"Арсенал-01\"'),(110,'Андрей',NULL,'Саяпин','sastruba@mail.ru','+7-916-672-69-30','Пожарная контрольная панель IQ8Control M 	808004	Esser by Honeywell	шт	10,00\r\nКарта расширения на 3 микромодуля 	772476	Esser by Honeywell	шт	18,00\r\nЛицевая панель с пультом управления (дисплей 1/4 VGA), рус. 	786410	Esser by Honeywell	шт	1,00\r\nЛицевая панель заглушка 	786100	Esser by Honeywell	шт	9,00\r\nМодуль кольцевого шлейфа esserbusPlus 	804382.D0	Esser by Honeywell	шт	58,00\r\nАккумулятор 12 В / 24 Ач	18006	Esser by Honeywell	шт	20,00\r\nМодуль essernet 500 kBd	784841.10	Esser by Honeywell	шт	11,00\r\n Последовательный интерфейс essernet с двухсторонней связью	784856	Esser by Honeywell	шт	1,00\r\nКонвертер RS232/V24 для 784856	772386	Esser by Honeywell	шт	1,00\r\nКорпус для сетевого интерфейса	788606	Esser by Honeywell	шт	1,00\r\n2. Извещатели и компоненты кольцевого шлейфа				\r\nОптический дымовой датчик IQ8Quad	802371	Esser by Honeywell	шт	4 886,00\r\nСтандартная база IQ8Quad	805590	Esser by Honeywell	шт	4 886,00\r\nРучной извещатель IQ8 с изолятором в красном корпусе со стеклом	804971	Esser by Honeywell	шт',0,'2014-02-11 15:30:31',NULL,NULL),(111,'Наталья','Владимировна','Андреева','its.syktyvkar@yandex.ru','+7-812-250-25-3','как у вас заказать оборудование ?',1,'2014-02-18 14:43:14','Инженер ПТО','ООО \"Ай-Ти-Эс\"'),(112,'Станислав','Юрьевич','Ахмадуллин','smeta1@expert69.ru','+7-910-531-87-97','Добрый день. Подбираем поставщиков оборудования для строительства в сколково. Интересует ваше пожарное оборудование фирмы esser.\r\nНеобходимо от Вас коммерческое предложение по перечню оборудования. На какой адрес можно выслать список или пришлите ваш прайс.\r\nСпасибо',0,'2014-02-21 14:45:52',NULL,NULL),(113,NULL,NULL,'Richardsimb','uabuil@wegas.ru','123456','Строительный ресурс Ua Build – это огромная площадка строительных услуг в Украине. У нас продаются и покупаются сопутствующие материалы, двери и сантехническое оборудование, элементы декора и милые мелочи для обустройства интерьера. У нас предлагают профессиональные услуги самые квалифицированные и знающие строители, дизайнеры, инженеры. \r\n \r\n<a href=http://www.uabuild.com/companies/c-1739-internet-magazin-tavrida-teh.html>интернет магазин по продаже строительного и оборудования</a>\r\n \r\nНа этом ресурсе предлагают свои услуги и продукцию не только физические лица, но и фирмы, которые занимаются оказанием строительных услуг и реализацией строительной продукции. \r\n \r\n<a href=http://www.uabuild.com/goods/r-35-potolki-natyazhnye.html?city=3107>натяжные потолки в городе ромны</a>\r\n \r\nКроме того, на сайте uabuild.com вас ждет масса увлекательной и полезной любому человеку, осуществляющему ремонт, информации – публикации о дизайне и архитектуре, способах укладки плитки и отделки стен и т.д.и т.п. \r\n \r\n<a href=http://www.uabuild.com/goods/g-9076-dvuhkonturnyj-gazovyj-kondensacionnyj-kotel.html>двухконтурный газовый котел бу</a>\r\n \r\nВ разделе «новости» вы ознакомитесь с самыми актуальными предложениями на сегодняшний день. Зайдя на наш сайт в поисках вариантов ламината, вы даже сможете найти неплохую работу, которую представляют в разделе «вакансии» компании и физические лица. \r\n \r\n<a href=http://www.uabuild.com/goods/r-131-rakushnyak.html>купить ракушняк в харькове цена</a>\r\n \r\nМаксимально упрощенная процедура регистрации и быстрая и комфортная система поиска позволят тратить минимум времени на общение с сайтом и тратить его на ремонт своей мечты. Ремонт и стройка превратятся для вас в удовольствие, если вы будете пользоваться услугами нашего строительного сайта.',0,'2014-02-23 07:54:21',NULL,NULL),(114,'Игорь',NULL,'Короткий','korotkiy@sk-sigurd.com','+7-910-869-28-37','ESSER IQ8 \r\n1. корпус(704900), эл. модуль(804905)\r\n2. извещатель комб. (802373), база(850590)',0,'2014-02-24 13:16:49',NULL,NULL),(115,NULL,NULL,'CarlosBire','daemsro@wegas.ru','123456','<a href=http://www.daemsro.ru/informatsiya-o-sro/zakonodatelstvo-o-sro>сайт минрегионразвития россии изменение вида рабо по сро</a>\r\n \r\nСаморегулирование набирает в РФ большие обороты. Все больше и больше фирм хотят работать на таких приемлемых во всех отношениях условиях, которые предлагает СРО. Но, к сожалению, у предпринимателей имеется огромное количество вопросов, на которые нет профессиональных и умных ответов. Так и выходит, что попытка вступить в СРО оканчивается ничем. \r\n \r\n<a href=http://www.daemsro.ru/vstupit-v-sro/vstupit-v-sro-stroitelej>строительные компании россии каталог для сро</a>\r\n \r\nМы основали наш ресурс для того, чтобы любой человек сумел отыскать здесь ответы на все вопросы, связанные со вступлением в СРО. Наш сайт полностью посвящен проблемам, связанным с саморегулированием в РФ. \r\n \r\n<a href=http://www.daemsro.ru/informatsiya-o-sro/svidetelstvo-o-dopuske-k-rabotam>на какие виды работ требуется сро</a>\r\n \r\nУ нас вы сможете найти подробную информацию, так или иначе касающуюся данного вопроса:  процедура получения статуса СРО, требования, предъявляемые к подобным компаниям государственными органами, схема вступления, важные и увлекательные новости и статьи, рекомендации для вступающих в СРО и т.д. Кроме этого, на нашем вебсайте вы можете отыскать полный список таких организаций, которые предлагают свои услуги для компаний, желающих войти в СРО не только в Москве или Петербурге, но и в любом уголке РФ. \r\n \r\n<a href=http://www.daemsro.ru/vstupit-v-sro/dopusk-sro-na-genpodryad>генподряд в строительстве документация</a>\r\n \r\nМы также предлагаем организациям наиболее полный комплект услуг по вступлению в СРО. У нас трудятся опытные и высококвалифицированные сотрудники, которые окажут грамотную и своевременную юридическую помощь в короткие сроки.',0,'2014-02-28 07:48:53',NULL,NULL),(116,NULL,NULL,'GregoryKi','boardsalle@wegas.ru','123456','<a href=http://board.salle.com.ua/index.php?catid=181>мебель для ванной комнаты</a>\r\n \r\nПродать, купить, сдать или арендовать квартиру, обменять надоевшие предметы на какую-нибудь интересную вещь – все мы иногда пользуемся такими сервисами, но не все делают это правильно. Некоторые предпочитают всем известное «сарафанное радио», большинство по старинке расклеивает объявления на столбе, но все они забывают о том, что существует вездесущий интернет, являющийся сегодня очень эффективной площадкой для таких объявлений. \r\n \r\n<a href=http://board.salle.com.ua/detail.php?id=134526>кит кар в украине</a>\r\n \r\nНаш вебсайт – это виртуальная доска объявлений. Место, где вы можете разместить бесплатно любые объявления о покупке, продаже, обмене квартир, автомобилей, детской и взрослой обуви, игрушек, даже животных и птиц. \r\n \r\n<a href=http://board.salle.com.ua/detail.php?id=168305>s1111s2006</a>\r\n \r\nУ нас вы можете выгодно продать какую-нибудь услугу или найти человека, который готов сделать что-нибудь для вас. Комфорт и максимальная скорость поиска – вот качества, которыми руководствовались создатели вебресурса. Именно потому, наш ресурс сейчас является одним из самых посещаемых и широкоизвестных. \r\n \r\n<a href=http://board.salle.com.ua/detail.php?id=176546>двухъярусные кровати в кременчуге</a>\r\n \r\nВоспользовавшись хоть один раз нашим вебсайтом, как большой виртуальной доской объявлений, вы навсегда останетесь его поклонниками, потому что преимущества такого метода подачи объявлений очевиден: вы в любой момент можете отредактировать его, изменить ваши данные и отметить пользователей, интересовавшихся вашим объявлением.',0,'2014-02-28 12:05:13',NULL,NULL),(117,NULL,NULL,'CarlosBire','daemsro@wegas.ru','123456','<a href=http://www.daemsro.ru/vidy-sro/sro-auditorov>внутренний аудит сро</a>\r\n \r\nСаморегулирование набирает в РФ стремительные обороты. Все больше и больше фирм хотят работать на таких выгодных во всех отношениях условиях, предлагающихся СРО. Но, к сожалению, у предпринимателей возникает огромное количество вопросов, на которые нет профессиональных и умных ответов. Так и выходит, что попытка вступления в СРО оканчивается ничем. \r\n \r\n<a href=http://www.daemsro.ru/kontakty>гасу санкт петербург официальный сайт сро конференция</a>\r\n \r\nМы основали наш вебсайт для того, чтобы каждый желающий сумел отыскать здесь ответы на все вопросы, которые связаны со вхождением в СРО. Наш сайт целиком посвящен вопросам, связанным с саморегулированием в РФ. \r\n \r\n<a href=http://www.daemsro.ru/vstupit-v-sro/gotovaya-firma-s-dopuskom-sro>готовые строительные фирмы с сро с историей</a>\r\n \r\nУ нас вы можете отыскать детальную информацию, так или иначе касающуюся этого вопроса:  процедура получения статуса СРО, требования, которые предъявляются к подобным организациям государственными органами, схема вступления, важные и увлекательные новости и публикации, рекомендации для вступающих в СРО и т.д. Кроме этого, на нашем сайте вы можете отыскать полный перечень таких организаций, которые предоставляют свои услуги для фирм, желающих войти в СРО не только в Москве или Санкт-Петербурге, но и в любом уголке РФ. \r\n \r\n<a href=http://www.daemsro.ru/informatsiya-o-sro/zakonodatelstvo-o-sro>проектное сро перечень работ</a>\r\n \r\nМы также предлагаем организациям максимально полный уомплекс услуг по вступлению в СРО. У нас работают опытные и квалифицированные специалисты, которые окажут профессиональную и своевременную юридическую помощь в сжатые сроки.',0,'2014-03-01 11:33:00',NULL,NULL),(118,NULL,NULL,'Carlosjem','daemsro@wegas.ru','123456','<a href=http://www.daemsro.ru/vidy-sro/sro-v-stroitelstve>государственный реестр саморегулируемых организаций строителей</a>\r\n \r\nСаморегулирование набрало в РФ большие обороты. Все больше и больше фирм хотят осуществлять деятельность на самых выгодных во всех отношениях условиях, предлагающихся СРО. Однако, у предпринимателей имеется большое количество вопросов, на которые нет профессиональных и грамотных ответов. Так и выходит, что попытка вступления в СРО оканчивается ничем. \r\n \r\n<a href=http://www.daemsro.ru/vidy-sro/sro-v-proektirovanii>проектные организации сро владивостока</a>\r\n \r\nМы сделали наш сайт для того, чтобы каждый желающий смог найти здесь ответы на любые вопросы, связанные со вступлением в СРО. Наш портал полностью посвящен вопросам, связанным с саморегулированием в РФ. \r\n \r\n<a href=http://www.daemsro.ru/informatsiya-o-sro/zakonodatelstvo-o-sro>положение о строительном контроле пмп сро сск 01 2012 пж</a>\r\n \r\nУ нас вы сможете отыскать детальную информацию, так или иначе касающуюся данного вопроса:  процедура получения статуса СРО, требования, которые предъявляются к подобным организациям государственными органами, технология вступления, важные и интересные новости и публикации, рекомендации желающим вступить в СРО и т.д. Кроме того, на нашем ресурсе вы сможете отыскать полный перечень таких организаций, которые предлагают свои услуги для фирм, желающих войти в СРО не только в Москве или Петербурге, но и в любом регионе РФ. \r\n \r\n<a href=http://www.daemsro.ru/vidy-sro/sro-arbitrazhnykh-upravlyayushchikh>условия вступления в сро арбитражных управляющих</a>\r\n \r\nМы также предлагаем организациям наиболее полный комплект услуг по вступлению в СРО. У нас трудятся опытные и квалифицированные сотрудники, которые окажут профессиональную и своевременную юридическую помощь в короткие сроки.',0,'2014-03-01 11:33:45',NULL,NULL),(119,'Елена','Владимировна','Сунгатуллина','es@komisgroup.ru','+7-927-440-40-46','Добрый день! Нужна Ваша помощь в подборе оборудования для футбольного стадиона в Самаре.\r\nЗонный контроллер			Ackermann clino by honeywell	шт.	 1   \r\nМастер станции KSA			Ackermann clino by honeywell	шт.	 1   \r\nАбонентский терминал		ZT99		шт.	 69   \r\nИнтерфейс дежурного поста			Ackermann clino by honeywell	шт.	1\r\nКоридорная лампа			Ackermann clino by honeywell	шт.	 69   \r\nИнформационное табло			Ackermann clino by honeywell	шт.	 16   \r\nШнуровой модуль вызова			Ackermann clino by honeywell	шт.	 69   \r\nТерминатор коридорной шины активный (делитель/повторитель)			Ackermann clino by honeywell	шт.	 71',0,'2014-03-04 09:44:53',NULL,NULL),(120,NULL,NULL,'RonaldRisk','club-3t@qip.ru','123456','<a href=http://club-3t.ru/games/trainers/2872-state-of-decay-breakdown-trainer-all-version-8.html>state of decay коды к игре</a>\r\n \r\nКаждый из нас внутри всегда чувствует себя ребенком. Именно потому, мы, взрослые тети и дяди, предпочитаем играть – в экранизацию событий, в мягкие игрушки или компьютерные игры. Только игра позволит расслабиться после напряженного трудового дня. Вебсайт club-3t – это место, где размещены самые захватывающие и увлекательные онлайн-игры. У нас вас ожидают подробные и захватывающие видеообзоры, в подразделе «все для игр» вы сможете найти трейнеры, прохождения и чит-коды. Кроме того, на нашем сайте вас ждет большое количество самой увлекательной информации об играх, а также удивительный раздел рукоделия, где наши гости делятся эксклюзивными идеями декора и своими талантами. У нас вы сможете выбрать самую актуальную и популярную игру, исходя из топ-100 нашего вебресурса. \r\n \r\n<a href=http://club-3t.ru/games/trainers/2518-payday-2-trainer-version-10-steam-17.html>payday 2 трейнер 1 0</a>\r\n \r\nЗарегистрировавшись на нашем вебсайте, вы получите уникальную возможность доступа к абсолютно новым играм, галерее скриншотов, e-mail рассылке и многому другому. Вы также получите возможность комментировать и просматривать комментарии остальных пользователей, советоваться с опытными игроками и просто общаться со своими единомышленниками. \r\n \r\n<a href=http://club-3t.ru/games/trainers/2833-assassins-creed-4-black-flag-trainer-version-103-21.html>тренера на assassins creed 4 black flag</a>\r\n \r\nРегистрируйтесь у нас на сайте, присоединяйтесь к увлекательному сообществу игроков! \r\n \r\n \r\n<a href=http://club-3t.ru/cheats/1850-chit-kody-k-igre-transformers-fall-of-cybertron-transformery-padenie-kibertrona-.html>трейнер для transformers fall of cybertron</a>',0,'2014-03-10 05:04:54',NULL,NULL),(121,'Дмитрий',NULL,'Меньшаков','ooo_spas_@mail.ru','+7-926-997-47-37','Прошу Вас предоставить цены на оборудование для выполнения работ по АПС',1,'2014-03-11 10:21:30','начальник отдела','ООО \"СПАС\"'),(122,NULL,NULL,'JosephBET','vseoremonte1001@wegas.ru','123456','<a href=http://vseoremonte1001.ru/remont_cten/kamennie-oboi/kamennie-oboi/>как используют каменные обои фото</a>\r\n \r\nКаждый человек хочет, чтобы его жилье полностью соответствовало его вкусам, требованиям и пожеланиям. Потому и проводится ремонт в доме. Многие не могут доверить свое жилье непроверенным работникам, которые не смогут дать гарантии на необходимый окончательный итог. Поэтому многие люди принимают решение самостоятельно провести в доме все изменения, от перепланировки до ремонтных работ и обустройства жилья мебелью. Конечно, далеко не все располагают соответствующими знаниями. Но благодаря сайту vseoremonte1001.ru можно отыскать ответы на многие возникающие вопросы. \r\n \r\n<a href=http://vseoremonte1001.ru/dizain_interier/stil-art-deko-v-interiere/sovremennoe-oformlenie-kvartir-v-stile-art-deko-osobennosti-specifika-naznachenie/>ремонт квартир в стиле арт деко</a>\r\n \r\nНа нем предоставлено много информации, которая имеет непосредственное отношение к строительству и ремонту. Даже малоопытный, непрофессиональный строитель сможет освоить технологии, которые подробно изложены на ресурсе. \r\n \r\n<a href=http://vseoremonte1001.ru/dizain_interier/stil-vintazh/stil-vintazh-v-interere/>винтаж в интерьере своими руками</a>\r\n \r\nОсобого внимания заслуживает категория портала, посвященная дизайну. Там подробно рассмотрены вопросы подбора цветов для разных помещений. Ведь каждой комнате присущ свой цвет. Одни цвета призывают к активной работе, другие умиротворяют, третьи – способствуют расслабленному отдыху. Не зная всех этих нюансов, очень тяжело будет сделать жилье совершенным, избавленным недостатков, отвечающим всем требованиям и желаниям хозяина и жильцов. \r\n \r\n<a href=http://vseoremonte1001.ru/remont_cten/uteplenie-sten/uteplenie-sten/>отделка гипсокартоном стены радиаторов отопления фото</a>',0,'2014-03-11 18:53:56',NULL,NULL),(123,'Геннадий','Васильевич','Дьченко','dgv@ritk.ru','+7-495-783-65-56','Прошу сообщить срок поставки и стоимость оборудования:1.Пож. конт. панель IQ8Control М (808004)- 3 шт.;2.Глухая лиц.  панель  для  IQ8Control С/М (786100)- 2 шт.; 3.Лицевая  панель  с  пультом  управления  (дисплей  1 / 4  VGA) (786410)- 1 шт. 4.Карта расширителя на 3 микромодуля (772476)- 6 шт. 5.Модуль  кольцевого  шлейфа   esserbus (784382.D0)- 15 шт. 6.Модуль  esserbus 500 kBd (784841.10)- 3 шт. 7.Аккумулятор 12в/24Ач (018006)-6 шт. 8.Термодифференциальный датчик IQ8Quad   (802271) – 10 шт. 9.Оптич.  дым.  датчик  IQ8Quad (802371) – 1146 шт. 10.Станд.  база IQ8Quad (805590) -1156 шт. 11.Электронный  модуль  ручного  извещателя (804905) – 37 шт. 12.Красный  корпус  ручного  извещателя со стеклом (704900)- 37шт. 13.Выносной  параллельный  индикатор тревоги для  IQ8Quad (801824)- 23 шт.\r\n14.Извещ.  линейный  дым  Fireray 50 RV   с одной призмой (761315)- 6 шт. 15.Отражающее  зеркало   (1 призма )  для Fireray  18 (761322)- 6 шт. 16.Транспондер   esserbus 4 вх./2 вых. (808623)- 3 шт',0,'2014-03-13 17:48:22',NULL,NULL),(124,NULL,NULL,'Mathewhoto','eye@wegas.ru','123456','<a href=http://e-y.info/lyudi-bez-linii-sudby>человек без линии судьбы</a>\r\n \r\nЧеловек всегда пытается открыть и изучить неизведанное. Астрологи и астрономы хотят познать чудеса природы и изучить вселенную. В стародавние времена возможности человека были ограничены, но время идет вперед и научное сообщество расширяет границы возможностей. Сейчас в руках человечества имеется громадное количество устройств, которые позволяют проводить изучение тайн природы. \r\n \r\n<a href=http://e-y.info/chudo-proshhyonogo-voskresenya>как бросить курить в прощённое воскресенье</a>\r\n \r\nНаблюдать и экспериментировать сегодня намного проще, чем ранее. На страницах нашего сайта вы узнаете о загадках природы, аномальных явлениях, окунетесь в мифологию. Здесь вы сможете узнать историю НЛО. Приверженцев техники ожидают увлекательные статьи о НТР на планете. \r\n \r\n<a href=http://e-y.info/solnce-v-soedinenii-s-marsom>солнце соединение марс</a>\r\n \r\nВы наконец-таки узнаете все истории о иети, о котором сложилось множество легенд. Для вас откроются тайны фауны, масса интересного и необычного. \r\n \r\n<a href=http://e-y.info/page/11>какие загадки природы ещё не известны человечеству</a>\r\n \r\nЕсли вы увлечены астрологией, то на портале для вас интересные публикации о том, как звезды влияют на судьбы и здоровье человечества. Посещайте страницы нашего портала и познавайте вместе с нами все тайны природы.',0,'2014-03-14 23:55:49',NULL,NULL),(125,NULL,NULL,'Bobbiephet','integral-holding@wegas.ru','123456','<a href=http://integral-holding.ru/goods/19268>клл 12в е27</a>\r\n \r\nПрофессиональное электрооборудование способно облегчить работу и быт. Мы предоставляем возможность купить разную светотехническую продукцию, новейшие системы видеонаблюдения, системы оповещения, средства пожаротушения и остальное полезное оборудование. С нашей компанией вам будет проще реализовать собственные планы и проекты. \r\n \r\n<a href=http://integral-holding.ru/goods/11679>ип 212 3см (новый)</a>\r\n \r\nПри приобретении больших объемов вы сможете рассчитывать на некоторые скидки. На вебресурсе находится детальный каталог. Ознакомиться со стоимостью товаров можно прямо на нашем сайте в прайсе. Низкие цены на все электрооборудование обусловлены прямыми поставками от изготовителей. Ещё на сайте вы можете увидеть текущие акции нашей фирмы. Удобная и быстрая доставка электрооборудования осуществляется в пределах Московской области. \r\n \r\n<a href=http://integral-holding.ru/goods/23706>как обжимать ншви 2</a>\r\n \r\nДата доставки продукции обговаривается с заказчиком. Все вопросы, которые возникнут в процессе заказа, с вами всегда готов обсудить наш менеджер. Наше качество сервисов вызывает у клиентов желание стать нашими постоянными клиентами. Каждому заказчику гарантируется высококвалифицированная техническая консультация. На все электрооборудование предоставляется гарантия. \r\n \r\n<a href=http://integral-holding.ru/goods/1493>диаметр изоляции тппэпз 20</a>',0,'2014-03-17 22:36:13',NULL,NULL),(126,'Екатерина','Юрьевна','Поморцева','katusha_0811@mail.ru','+7-923-354-47-37','Добрый день!\r\nСкажите, пожалуйста, цены и сроки поставки на след.товар:\r\n802371 Оптический дымовой извещатель IQ8Quad - 15 шт \r\n805590 Стандартная база для извещателей серии IQ8Quad  - 15шт\r\n704900 Корпус со стеклянной вставкой, красный, аналогичный RAL 3020  - 1шт\r\n804905 Электронный модуль РПИ серии IQ8  - 1шт\r\nС какими транспортными компаниями работаете и как осуществляется доставка до ТК?',1,'2014-03-18 10:51:51','менеджер снабжения','ООО \"Торговый дом \"Русичи\" , г. Красноярск'),(127,'игорь','Борисович','Скульский','5357736@mail.ru','+7-916-808-92-63','Добрый день. Имеем в монтаж проект АПС на оборудовании Esser. Могу ли я получить у Вас коммерческое предложение на поставку.\r\nС уважением, Скульский Игорь.',0,'2014-03-18 21:15:52',NULL,NULL),(128,'Руслан','Валерьевич','Яромчик','yaromchyk@mail.ru','+7-981-839-45-60','Здравствуйте! Очень интересуют Ваши цены на продукцию фирмы \"Esser\", в дальнейшем возможен заказ продукции у Вас.',0,'2014-03-19 19:03:26',NULL,NULL),(129,'Александр','Иванович','Федоров','a.fed-85@mail.ru','+7-921-632-94-44','Здравствуйте. Прошу Вас предоставить ценовой прайс на продукцию ESSER by Honeywell.',1,'2014-03-20 10:15:09','Начальник производства','ЗАО НПП \"ЭЛМО трейд\"'),(130,NULL,NULL,'Donalddiet','kotlovan@wegas.ru','123456','<a href=http://kotlovan.by/arenda/list/kvartira-na-sutki>квартира на сутки </a>\r\n \r\nДанный ресурс полностью уделён вопросу недвижимости и многому, что с данной темой может быть связано. Здесь рассмотрены вопросы, которые имеют непосредственное отношение к недвижимости, жилью, дачным и приусадебным участкам. \r\n \r\n<a href=http://kotlovan.by/arenda/list/kvartira-na-sutki>квартиры на сутки от хозяев</a>\r\n \r\nОбсуждаются как практические вопросы, касающиеся ремонта, отделки, проектирования застройки дачного участка, проектов благоустройства приусадебных участков, так и юридические нюансы. \r\n \r\n<a href=http://kotlovan.by/arenda/list/kvartira-na-sutki>1 комнатная квартира на сутки</a>\r\n \r\nВедь отстроить жилище, провести перепланировку – это один аспект, но узаконить будущие изменения, получить нужные разрешения – это совсем иной вопрос, который требует определённых познаний, высокого уровня владения правовой базой. Только в данном случае есть вариант избавить себя от разного рода правовых последствий, которые могли бы вылиться как в финансовые проблемы в виде штрафа, или привести к наиболее плачевным последствиям – запрете проведения перепланировки, либо необходимости деинсталляции конструкции, которая была построена самостоятельно, без соответствующих разрешений. \r\n \r\n<a href=http://kotlovan.by/arenda/list/kvartira-na-sutki>сдача квартиры на сутки</a>\r\n \r\nОтдельную категорию на сайте занимают вопросы, уделённые строительству и ремонту. Ведь с данными вопросами может столкнуться всякий владелец жилья, который хочет, дабы его жилье становилось лучше, совершенствовалось.',0,'2014-03-23 12:45:46',NULL,NULL),(131,NULL,NULL,'Donaldmef','kotlovan@wegas.ru','123456','<a href=http://kotlovan.by/arenda/list/kvartira-na-sutki>снять квартиру недорого на сутки</a>\r\n \r\nНаш вебресурс целиком уделён вопросу недвижимости и всему, что с этим могло бы быть связано. У нас рассмотрены вопросы, которые имеют непосредственное отношение к недвижимости, жилищному вопросу, дачным и приусадебным участкам. \r\n \r\n<a href=http://kotlovan.by/arenda/list/kvartira-na-sutki>однокомнатная квартира на сутки</a>\r\n \r\nОбсуждаются как практические вопросы, которые касаются ремонта, отделки, выбора проекта для застройки земельного участка, проектов благоустройства приусадебных участков, так и правовые нюансы. \r\n \r\n<a href=http://kotlovan.by/arenda/list/kvartira-na-sutki>сдача квартиры на сутки</a>\r\n \r\nВедь построить жилище, провести перепланировку – это один аспект, но узаконить действия, получить соответствующие разрешения – это совершенно другой вопрос, который требует определённых знаний, высокого уровня владения правовыми инструментами. Только в данном случае можно будет избежать разного рода правовых последствий, которые могут обернуться как в финансовые проблемы в виде штрафа, или привести к наиболее худшим последствиям – запрете осуществления перепланировки, или необходимости демонтажа конструкции, построенной самостоятельно, без нужных разрешений. \r\n \r\n<a href=http://kotlovan.by/arenda/list/kvartira-na-sutki>квартиры в</a>\r\n \r\nОтдельную тему на вебресурсе занимают вопросы, посвященные строительству и ремонту. Ведь с данными вопросами может столкнуться каждый владелец жилища, который хочет, чтобы его жилье становилось лучше, совершенствовалось.',0,'2014-03-23 12:46:35',NULL,NULL),(132,'Николаевич','Трепачев','Антон','a.trepachev@gmail.com','+7-920-600-33-11','Добрый день,\r\n\r\nПросим рассмотреть возможность поставки\r\nИнтегрированный датчик ESSER 801373 - 4 шт.\r\nТестовый аэрозоль ESSER 769070 - 1 шт.\r\n\r\nСпасибо!',1,'2014-03-24 10:23:18','менеждер','ООО \"Беверидж\"'),(133,NULL,NULL,'Joubrebab','tsibesovtsetser@gmail.com','123456','Клиентские базы тел +79133913837 ICQ 6288862 Skype: prodawez389 Email: TsibesovTsetser@gmail.com',0,'2014-03-25 11:46:06',NULL,NULL),(134,NULL,NULL,'Gregorykt','gregorymurf@gmail.com','123456','<a href=http://on-mirrors-edge.com/endova-kryishi-pri-ustroystve-g-i-t-obraznyih-konstruktsiy/>строительство т образной крыши</a>\r\n \r\nРемонт является хлопотным, а иногда и затяжным делом. Отремонтировать свой дом или коттедж собственноручно, без найма профессионалов, реально. Вебсайт создавался нами, чтобы задуманный вами ремонт не оказался рутиной, а был простым делом. На нашем сайте находится много информации о том, что вас всегда отпугивало от ремонта. \r\n \r\n<a href=http://on-mirrors-edge.com/peschanyiy-filtr-dlya-basseyna-svoimi-rukami/>песчаный фильтр для бассейна своими руками</a>\r\n \r\nВ разделе “дача и сад” описаны вопросы по благоустройству и дизайну загородных участков. У нас вы познакомитесь с тем, как построить теплицу и когда легче выкопать колодец, а также сможете увидеть варианты планировки приусадебных участков. \r\n \r\n<a href=http://on-mirrors-edge.com/kak-uteplit-verandu-iz-dosok/>как утеплить дощатую веранду под жилую комнату</a>\r\n \r\nТемы, посвященные ремонту, разделены по категориям. Здесь детально описаны мелочи, касающиеся укладки пола, отделки стен и потолков. \r\n \r\n<a href=http://on-mirrors-edge.com/lyustryi-potolochnyie-ploskie-raznovidnosti-i-osobennosti-montazha/>плоские люстры для низких потолков</a>\r\n \r\nВсе статьи по ремонту будут очень полезны неопытным мастерам. После прочтения статей вы легко решите любые вопросы, возникшие в процессе ремонта квартиры или дачи. Также вы много прочитаете о дизайне и сможете правильно оформить любой интерьер. Если вы надумали построить дом своими руками, загляните в рубрику о строительстве. Тут находятся ответы, которые касаются фундамента, постройки стен и все о кровельных работах. Приходите за советами, размещенными на портале, и ваш ремонт не затянется надолго.',0,'2014-03-27 16:45:52',NULL,NULL),(135,NULL,NULL,'Donaldmora','stroymasterok@wegas.ru','123456','<a href=http://www.stroymasterok.com/detskaya-komnata-dlya-malchika-7-let/>дизайн комнаты мальчику 7лет фото</a>\r\n \r\nРемонт и строительство содержат в себе массу вопросов. Все, кто начал ремонт собственного жилья или решил затеять такое дело как строительство загородного дома, приобретут помощника благодаря нашему сайту. С советами нашего сайта многое будет ясным тем, кто втянут в процесс отделки жилья. Каждому строителю нужно учесть много мелочей в момент ремонта. Следуя советам, исследуя всю информацию о том, как красиво обустроить собственное жилище, вы создадите комфорт в вашем любимом доме. Вы обретёте много новых знаний из области ремонта. \r\n \r\n<a href=http://www.stroymasterok.com/kak-otogret-zamerzshij-vodoprovod/>как отогреть замерзший водопровод под землей</a>\r\n \r\nО всех видах отделки стен, о видах покрытия потолочных поверхностей и полов вы прочтете в наших публикациях. В подразделе “водопровод и канализация” вы узнаете о том, как организовать профессионально водопровод, устранить запах из канализации, все о монтировании радиаторов и многое другое. \r\n \r\n<a href=http://www.stroymasterok.com/detskaya-komnata-dlya-malchika-7-let/>комнаты для мальчиков 7 лет</a>\r\n \r\nЧтобы содержать порядок в доме, где вы проживаете, нужно правильно распланировать хранение вещей, информацию об этом вы найдете у нас на страницах ресурса. \r\n \r\n<a href=http://www.stroymasterok.com/kak-otogret-zamerzshij-vodoprovod/>замерзла водопроводная труба</a>\r\n \r\nБлагодаря советам и инструкциям вы легко обустроите ваш дом так, как того пожелаете. Все, что было непонятным, после прочтения статей, будет ясным и простым.',0,'2014-03-29 19:25:28',NULL,NULL),(136,NULL,NULL,'Donaldmora','stroymasterok@wegas.ru','123456','<a href=http://www.stroymasterok.com/detskaya-komnata-dlya-malchika-7-let/>фото детских комнат для мальчиков 7 лет</a>\r\n \r\nРемонт и строительство несет много вопросов. Те, кто затеял ремонт собственного жилья или решил начать такое дело как строительство загородного дома, обзаведутся помощником благодаря нашему вебсайту. С советами нашего сайта многое будет ясным тем, кто втянут в процесс ремонта жилья. Любому строителю нужно учесть сотни мелочей в процессе ремонта. Следуя советам, исследуя всю информацию о том, как красиво отделать собственное жильё, вы создадите уют в вашем красивом доме. Вы почерпнете много новых знаний из сферы ремонта. \r\n \r\n<a href=http://www.stroymasterok.com/stroitelstvo-domov-terem-terem-stroitelstvo-domov-foto-ceny/>терем дома фото и цены</a>\r\n \r\nО всех видах отделки стен, о способах покрытия потолочных поверхностей и полов вы прочтете в наших публикациях. В подразделе “водопровод и канализация” вам откроется информация о том, как организовать правильно водопровод, удалить запах из канализации, все о монтировании радиаторов и массу остального интересного. \r\n \r\n<a href=http://www.stroymasterok.com/interer-kuxni-6-kv-m/>интерьер кухни 12 кв м своими руками</a>\r\n \r\nЧтобы содержать порядок в жилище, где вы проживаете, надо правильно распланировать хранение предметов, информацию об этом вы найдете у нас на страницах ресурса. \r\n \r\n<a href=http://www.stroymasterok.com/stroitelstvo-domov-terem-terem-stroitelstvo-domov-foto-ceny/>компания терем строительство домов фото цены</a>\r\n \r\nБлагодаря советам и инструкциям вы с легкостью обустроите собственный дом так, как того пожелаете. Все, что было непонятным, после просмотра статей, станет ясным и простым.',0,'2014-03-29 21:15:26',NULL,NULL),(137,NULL,NULL,'test','dev.11@list.ru','+7-222-222-22-22','test',1,'2014-03-31 23:53:53','test','test'),(138,NULL,NULL,'Александр','info@instagroup.ru','+7-965-165-57-28','Необходимо подобрать комплект оборудования для монтажа системы АПС на оборудовании ESSER.\r\nИспользуемые датчики: \r\nИП 212-18 - 90 шт.',1,'2014-04-01 18:53:51','Тех директор','Insta Group'),(139,NULL,NULL,'MichaelDow','prodawez899@hotmail.com','123456','Соберем для Вас по интернет базу данных только Ваших \r\nпотенциальных клиентов несколько десятков тысяч \r\nменее чем за сутки Узнайте об этом подробнее по \r\nТел +79133913837 \r\nICQ: 6288862 \r\nSkype: prodawez389 \r\nEmail: TsetseraTserovitin@gmail.com',0,'2014-04-03 10:04:05',NULL,NULL),(140,NULL,NULL,'MichaelDow','prodawez899@hotmail.com','123456','Соберем для Вас по интернет базу данных только Ваших \r\nпотенциальных клиентов несколько десятков тысяч \r\nменее чем за сутки Узнайте об этом подробнее по \r\nТел +79133913837 \r\nICQ: 6288862 \r\nSkype: prodawez389 \r\nEmail: TsetseraTserovitin@gmail.com',0,'2014-04-04 13:34:14',NULL,NULL),(141,NULL,NULL,'Rudolphfut','kaskospb@wegas.ru','123456','<a href=http://www.kaskospb.ru/transneft-otzyv.html>транснефть рассчитать каско</a>\r\n \r\nОчень трудно жить в крупном мегаполисе и не пользоваться собственным автомобилем. Благодаря страховке автомашин полисами КАСКО и ОСАГО обеспечивается надежная защита автомобильного транспорта. Наша компания сможет помочь защитить собственный автомобиль граждан от всяких неприятностей на дороге. \r\n \r\n<a href=http://www.kaskospb.ru/vsk-otzyv.html>страховая компания вск отзывы по каско</a>\r\n \r\nОбратившись в нашу компанию, автомобилист получает возможность пользоваться массой преимуществ: \r\n \r\n<a href=http://www.kaskospb.ru/>страховка каско</a>\r\n \r\n- оперативный расчет стоимости полисов КАСКО и ОСАГО исходя из пожеланий заказчика; \r\n- подробные консультации об условиях сотрудничества; \r\n- профессиональная юридическая помощь и поддержка в течении всего срока действия страхового полиса; \r\n- бесплатная доставка страхового документа по Петербургу и Ленинградской области. \r\n \r\n<a href=http://www.kaskospb.ru/article-354.html>в каких случаях отказывают в выплате каско</a>\r\n \r\nОдним из преимуществ нашей компании есть то, что наши специалисты помогут подобрать полис, который подходит клиенту. Для кого-то наиболее оптимальным вариантом будет ОСАГО, кому-то непременно нужно подумать о приобретении страховки КАСКО. Сотрудники нашей компании помогут подобрать оптимальное предложение, которое представлено на рынке. Мы заинтересованы в том, чтобы выбрать вариант, оптимально подходящий конкретному автолюбителю.',0,'2014-04-12 15:02:22',NULL,NULL);
/*!40000 ALTER TABLE `callback` ENABLE KEYS */;
UNLOCK TABLES;

--
-- Table structure for table `callback_file`
--

DROP TABLE IF EXISTS `callback_file`;
/*!40101 SET @saved_cs_client     = @@character_set_client */;
/*!40101 SET character_set_client = utf8 */;
CREATE TABLE `callback_file` (
  `id` int(11) NOT NULL AUTO_INCREMENT,
  `callback_id` int(11) DEFAULT NULL,
  `path` varchar(255) COLLATE utf8_unicode_ci DEFAULT NULL,
  `origin_name` varchar(100) COLLATE utf8_unicode_ci DEFAULT NULL,
  `description` varchar(255) COLLATE utf8_unicode_ci DEFAULT NULL,
  PRIMARY KEY (`id`),
  KEY `IDX_3F8E2184D5B30951` (`callback_id`),
  CONSTRAINT `FK_3F8E2184D5B30951` FOREIGN KEY (`callback_id`) REFERENCES `callback` (`id`) ON DELETE CASCADE
) ENGINE=InnoDB AUTO_INCREMENT=32 DEFAULT CHARSET=utf8 COLLATE=utf8_unicode_ci;
/*!40101 SET character_set_client = @saved_cs_client */;

--
-- Dumping data for table `callback_file`
--

LOCK TABLES `callback_file` WRITE;
/*!40000 ALTER TABLE `callback_file` DISABLE KEYS */;
INSERT INTO `callback_file` VALUES (21,97,'32e5a7fa9b05b3be840df0cd4e33c8f4739c043f.jpeg','08.jpg',NULL),(22,97,'0bfe7ab820c4108c7f26bb86ecf7b86040809535.jpeg','09.jpg',NULL),(23,99,'145a57c18d796057922f7c4063a77a054d02af4e.jpeg','ОПС ESSER.JPG',NULL),(24,100,'aeb15aea4c15be7db10f5828f63adb2b9be7d500.xlsx','АПС.xlsx',NULL),(25,101,'90b765c537f03bdda08f41ff9dd6da2843dd8a8f.doc','Карта партнера Мира безопасности.doc',NULL),(26,102,'7918930f41cfc48362e6757e0858c7b9915530da.jpeg','com_predl_big.jpg','comm_predl_wifinder'),(27,108,'86a6ee9fc424ec195209e4fb4a9713c7c169a477.pdf','СОУЭ 3-4.pdf',NULL),(28,108,'2170ef2eff3f0dd82d34f3e4098152dbc709da96.pdf','СО 1-2.pdf',NULL),(29,109,'5e5df66430eae230b049327ded688cea37bc6fa2.pdf','СОУЭ 3-4.pdf',NULL),(30,109,'35ada67a9e2c44e0ac72d83aecb1094664e15189.pdf','СО 1-2.pdf',NULL),(31,121,'6b26108d252629a4b1bcf1477fcb1d67c94ad521.docx','АПС.docx',NULL);
/*!40000 ALTER TABLE `callback_file` ENABLE KEYS */;
UNLOCK TABLES;

--
-- Table structure for table `catalog`
--

DROP TABLE IF EXISTS `catalog`;
/*!40101 SET @saved_cs_client     = @@character_set_client */;
/*!40101 SET character_set_client = utf8 */;
CREATE TABLE `catalog` (
  `id` int(11) NOT NULL AUTO_INCREMENT,
  `parent_id` int(11) DEFAULT NULL,
  `catalog_type_id` int(11) DEFAULT NULL,
  `alias` varchar(100) COLLATE utf8_unicode_ci NOT NULL,
  `title` varchar(100) COLLATE utf8_unicode_ci DEFAULT NULL,
  `short_description` longtext COLLATE utf8_unicode_ci,
  `description` longtext COLLATE utf8_unicode_ci,
  `is_active` tinyint(1) DEFAULT NULL,
  `lft` int(11) NOT NULL,
  `rgt` int(11) NOT NULL,
  `root` int(11) DEFAULT NULL,
  `lvl` int(11) NOT NULL,
  PRIMARY KEY (`id`),
  UNIQUE KEY `UNIQ_1B2C3247E16C6B94` (`alias`),
  KEY `IDX_1B2C3247727ACA70` (`parent_id`),
  KEY `IDX_1B2C3247CAFE71BF` (`catalog_type_id`),
  CONSTRAINT `FK_1B2C3247727ACA70` FOREIGN KEY (`parent_id`) REFERENCES `catalog` (`id`) ON DELETE CASCADE,
  CONSTRAINT `FK_1B2C3247CAFE71BF` FOREIGN KEY (`catalog_type_id`) REFERENCES `catalog_type` (`id`) ON DELETE CASCADE
) ENGINE=InnoDB AUTO_INCREMENT=34 DEFAULT CHARSET=utf8 COLLATE=utf8_unicode_ci;
/*!40101 SET character_set_client = @saved_cs_client */;

--
-- Dumping data for table `catalog`
--

LOCK TABLES `catalog` WRITE;
/*!40000 ALTER TABLE `catalog` DISABLE KEYS */;
INSERT INTO `catalog` VALUES (1,NULL,1,'brands',NULL,NULL,NULL,1,1,54,1,0),(2,13,2,'apollo',NULL,NULL,NULL,1,5,6,1,2),(3,18,2,'honeywell',NULL,NULL,NULL,0,37,38,1,2),(4,17,2,'dallmeier',NULL,NULL,NULL,1,27,28,1,2),(5,13,2,'esser-by-honeywell',NULL,NULL,NULL,1,3,4,1,2),(7,13,2,'schrack_seconet',NULL,NULL,NULL,1,7,8,1,2),(12,14,2,'variodyn-d1',NULL,NULL,NULL,1,15,16,1,2),(13,1,1,'automatic_fire_alarm_system',NULL,NULL,NULL,1,2,13,1,1),(14,1,1,'warning_systems',NULL,NULL,NULL,1,14,19,1,1),(15,14,2,'toa',NULL,NULL,NULL,1,17,18,1,2),(16,1,1,'security_system',NULL,NULL,NULL,1,20,25,1,1),(17,1,1,'CCTV_system',NULL,NULL,NULL,1,26,35,1,1),(18,1,1,'automation_systems',NULL,NULL,NULL,1,36,49,1,1),(19,1,1,'ward_linkage',NULL,NULL,NULL,1,50,53,1,1),(20,19,2,'Ackermann_clino',NULL,NULL,NULL,1,51,52,1,2),(21,13,2,'ESMI',NULL,NULL,NULL,1,9,10,1,2),(22,13,2,'SIEMENS',NULL,NULL,NULL,1,11,12,1,2),(24,16,2,'Honeywell_Security',NULL,NULL,NULL,1,21,22,1,2),(25,16,2,'Apollo_Security',NULL,NULL,NULL,1,23,24,1,2),(26,17,2,'GEUTEBRUCK',NULL,NULL,NULL,1,29,30,1,2),(27,17,2,'VERINT',NULL,NULL,NULL,1,31,32,1,2),(28,17,2,'Pelco',NULL,NULL,NULL,1,33,34,1,2),(29,18,2,'SIEMENS_as',NULL,NULL,NULL,1,39,40,1,2),(30,18,2,'Schneider_Electric',NULL,NULL,NULL,1,41,42,1,2),(31,18,2,'TREND_by_Honeywell',NULL,NULL,NULL,1,43,44,1,2),(32,18,2,'Centra_Line_by_Honeywell',NULL,NULL,NULL,1,45,46,1,2),(33,18,2,'TAC',NULL,NULL,NULL,1,47,48,1,2);
/*!40000 ALTER TABLE `catalog` ENABLE KEYS */;
UNLOCK TABLES;

--
-- Table structure for table `catalog_file`
--

DROP TABLE IF EXISTS `catalog_file`;
/*!40101 SET @saved_cs_client     = @@character_set_client */;
/*!40101 SET character_set_client = utf8 */;
CREATE TABLE `catalog_file` (
  `id` int(11) NOT NULL AUTO_INCREMENT,
  `catalog_id` int(11) DEFAULT NULL,
  `file_category_id` int(11) DEFAULT NULL,
  `path` varchar(255) COLLATE utf8_unicode_ci DEFAULT NULL,
  `title` varchar(100) COLLATE utf8_unicode_ci DEFAULT NULL,
  `description` longtext COLLATE utf8_unicode_ci,
  PRIMARY KEY (`id`),
  KEY `IDX_F92A8666CC3C66FC` (`catalog_id`),
  KEY `IDX_F92A866630FD6380` (`file_category_id`),
  CONSTRAINT `FK_F92A866630FD6380` FOREIGN KEY (`file_category_id`) REFERENCES `file_category` (`id`) ON DELETE CASCADE,
  CONSTRAINT `FK_F92A8666CC3C66FC` FOREIGN KEY (`catalog_id`) REFERENCES `catalog` (`id`) ON DELETE CASCADE
) ENGINE=InnoDB AUTO_INCREMENT=5 DEFAULT CHARSET=utf8 COLLATE=utf8_unicode_ci;
/*!40101 SET character_set_client = @saved_cs_client */;

--
-- Dumping data for table `catalog_file`
--

LOCK TABLES `catalog_file` WRITE;
/*!40000 ALTER TABLE `catalog_file` DISABLE KEYS */;
INSERT INTO `catalog_file` VALUES (4,5,NULL,'1427a5481b3887ac3a56dc51f44fdc0a9538da5f.pdf',NULL,NULL);
/*!40000 ALTER TABLE `catalog_file` ENABLE KEYS */;
UNLOCK TABLES;

--
-- Table structure for table `catalog_file_translations`
--

DROP TABLE IF EXISTS `catalog_file_translations`;
/*!40101 SET @saved_cs_client     = @@character_set_client */;
/*!40101 SET character_set_client = utf8 */;
CREATE TABLE `catalog_file_translations` (
  `id` int(11) NOT NULL AUTO_INCREMENT,
  `object_id` int(11) DEFAULT NULL,
  `locale` varchar(8) COLLATE utf8_unicode_ci NOT NULL,
  `field` varchar(32) COLLATE utf8_unicode_ci NOT NULL,
  `content` longtext COLLATE utf8_unicode_ci,
  PRIMARY KEY (`id`),
  UNIQUE KEY `lookup_unique_idx` (`locale`,`object_id`,`field`),
  KEY `IDX_356A07AD232D562B` (`object_id`),
  CONSTRAINT `FK_356A07AD232D562B` FOREIGN KEY (`object_id`) REFERENCES `catalog_file` (`id`) ON DELETE CASCADE
) ENGINE=InnoDB AUTO_INCREMENT=17 DEFAULT CHARSET=utf8 COLLATE=utf8_unicode_ci;
/*!40101 SET character_set_client = @saved_cs_client */;

--
-- Dumping data for table `catalog_file_translations`
--

LOCK TABLES `catalog_file_translations` WRITE;
/*!40000 ALTER TABLE `catalog_file_translations` DISABLE KEYS */;
INSERT INTO `catalog_file_translations` VALUES (13,4,'ru','title','Каталог Esser by Honeywell 2013 / 2014 Rus'),(14,4,'ru','description',NULL),(15,4,'en','title',NULL),(16,4,'en','description',NULL);
/*!40000 ALTER TABLE `catalog_file_translations` ENABLE KEYS */;
UNLOCK TABLES;

--
-- Table structure for table `catalog_image`
--

DROP TABLE IF EXISTS `catalog_image`;
/*!40101 SET @saved_cs_client     = @@character_set_client */;
/*!40101 SET character_set_client = utf8 */;
CREATE TABLE `catalog_image` (
  `id` int(11) NOT NULL AUTO_INCREMENT,
  `catalog_id` int(11) DEFAULT NULL,
  `path` varchar(255) COLLATE utf8_unicode_ci DEFAULT NULL,
  `title` varchar(255) COLLATE utf8_unicode_ci DEFAULT NULL,
  `description` longtext COLLATE utf8_unicode_ci,
  PRIMARY KEY (`id`),
  KEY `IDX_7C2E65E6CC3C66FC` (`catalog_id`),
  CONSTRAINT `FK_7C2E65E6CC3C66FC` FOREIGN KEY (`catalog_id`) REFERENCES `catalog` (`id`) ON DELETE CASCADE
) ENGINE=InnoDB AUTO_INCREMENT=50 DEFAULT CHARSET=utf8 COLLATE=utf8_unicode_ci;
/*!40101 SET character_set_client = @saved_cs_client */;

--
-- Dumping data for table `catalog_image`
--

LOCK TABLES `catalog_image` WRITE;
/*!40000 ALTER TABLE `catalog_image` DISABLE KEYS */;
INSERT INTO `catalog_image` VALUES (14,2,'f1fab2dfb07482adc7ef6f2aab90ef2d67a76c82.png',NULL,NULL),(15,7,'ae71afd9476c947e1e6121be7be89ae6867f040e.png',NULL,NULL),(16,4,'50b91d825b7e2c19fe7b987381585dc022609e97.png',NULL,NULL),(17,12,'9cef86d9fe62715f4db4cd93e11b6b620ed70243.png',NULL,NULL),(18,3,'eb9a02fb3e99ef49f20c5beff863cf4adba5e8a9.png',NULL,NULL),(19,21,'7cbe007abd552fd6781faa1b08b0b7a9beef6d0a.png',NULL,NULL),(25,5,'565d07a711e9c0e10859f5bbe16384eac5a84aae.png',NULL,NULL),(27,15,'3ae9f7e2db4c9f253f12f93c11d507ddad271af0.jpeg',NULL,NULL),(33,27,'d529afc970b47bbd7e4164031acbd613bbabf81b.jpeg',NULL,NULL),(35,30,'37ebc27571282fd9a3c0564a5341b29ea1471a54.jpeg',NULL,NULL),(42,31,'9b3c3adc8f856feba51e5da6a7f5ff20a7dcbed8.png','trend',NULL),(43,29,'042752e8d5ae767852a3ca9d7936814653fe823e.png','simens',NULL),(44,26,'9f81aa5c49f1474cb9c219c6ff0ff4f4db3e6f6c.jpeg',NULL,NULL),(45,25,'7784bfe922b4cda0f9f9ec6d0e0b7fbcc9cdf4ba.jpeg',NULL,NULL),(46,32,'23a397da0ee64f4210b754fbb06724a85d178992.jpeg',NULL,NULL),(47,24,'a6132d25353b26d77e31246fbca390527df74cf0.jpeg',NULL,NULL),(48,20,'359cef3d11d22dd5dc4a8571dfd8209399d14b9f.jpeg',NULL,NULL),(49,22,'7fd4f1ed8718d535ef5100467bde95d9c8ad5373.png',NULL,NULL);
/*!40000 ALTER TABLE `catalog_image` ENABLE KEYS */;
UNLOCK TABLES;

--
-- Table structure for table `catalog_image_translations`
--

DROP TABLE IF EXISTS `catalog_image_translations`;
/*!40101 SET @saved_cs_client     = @@character_set_client */;
/*!40101 SET character_set_client = utf8 */;
CREATE TABLE `catalog_image_translations` (
  `id` int(11) NOT NULL AUTO_INCREMENT,
  `object_id` int(11) DEFAULT NULL,
  `locale` varchar(8) COLLATE utf8_unicode_ci NOT NULL,
  `field` varchar(32) COLLATE utf8_unicode_ci NOT NULL,
  `content` longtext COLLATE utf8_unicode_ci,
  PRIMARY KEY (`id`),
  UNIQUE KEY `lookup_unique_idx` (`locale`,`object_id`,`field`),
  KEY `IDX_1AFE4265232D562B` (`object_id`),
  CONSTRAINT `FK_1AFE4265232D562B` FOREIGN KEY (`object_id`) REFERENCES `catalog_image` (`id`) ON DELETE CASCADE
) ENGINE=InnoDB AUTO_INCREMENT=197 DEFAULT CHARSET=utf8 COLLATE=utf8_unicode_ci;
/*!40101 SET character_set_client = @saved_cs_client */;

--
-- Dumping data for table `catalog_image_translations`
--

LOCK TABLES `catalog_image_translations` WRITE;
/*!40000 ALTER TABLE `catalog_image_translations` DISABLE KEYS */;
INSERT INTO `catalog_image_translations` VALUES (53,14,'ru','title','Apollo'),(54,14,'ru','description',NULL),(55,14,'en','title',NULL),(56,14,'en','description',NULL),(57,15,'ru','title','Schrack seconet'),(58,15,'ru','description',NULL),(59,15,'en','title',NULL),(60,15,'en','description',NULL),(61,16,'ru','title','Dallmeier'),(62,16,'ru','description',NULL),(63,16,'en','title',NULL),(64,16,'en','description',NULL),(65,17,'ru','title','VARIODYN D1'),(66,17,'ru','description',NULL),(67,17,'en','title',NULL),(68,17,'en','description',NULL),(69,18,'ru','title','Honeywell'),(70,18,'ru','description',NULL),(71,18,'en','title',NULL),(72,18,'en','description',NULL),(73,19,'ru','title','ESMI'),(74,19,'ru','description',NULL),(75,19,'en','title',NULL),(76,19,'en','description',NULL),(97,25,'ru','title','Esser by honeywell'),(98,25,'ru','description',NULL),(99,25,'en','title',NULL),(100,25,'en','description',NULL),(105,27,'ru','title',NULL),(106,27,'ru','description',NULL),(107,27,'en','title',NULL),(108,27,'en','description',NULL),(129,33,'ru','title','VERINT'),(130,33,'ru','description','<p>VERINT</p>'),(131,33,'en','title',NULL),(132,33,'en','description',NULL),(137,35,'ru','title',NULL),(138,35,'ru','description',NULL),(139,35,'en','title',NULL),(140,35,'en','description',NULL),(165,42,'ru','title','trend'),(166,42,'ru','description',NULL),(167,42,'en','title',NULL),(168,42,'en','description',NULL),(169,43,'ru','title','simens'),(170,43,'ru','description',NULL),(171,43,'en','title',NULL),(172,43,'en','description',NULL),(173,44,'ru','title',NULL),(174,44,'ru','description',NULL),(175,44,'en','title',NULL),(176,44,'en','description',NULL),(177,45,'ru','title',NULL),(178,45,'ru','description',NULL),(179,45,'en','title',NULL),(180,45,'en','description',NULL),(181,46,'ru','title',NULL),(182,46,'ru','description',NULL),(183,46,'en','title',NULL),(184,46,'en','description',NULL),(185,47,'ru','title',NULL),(186,47,'ru','description',NULL),(187,47,'en','title',NULL),(188,47,'en','description',NULL),(189,48,'ru','title',NULL),(190,48,'ru','description',NULL),(191,48,'en','title',NULL),(192,48,'en','description',NULL),(193,49,'ru','title',NULL),(194,49,'ru','description',NULL),(195,49,'en','title',NULL),(196,49,'en','description',NULL);
/*!40000 ALTER TABLE `catalog_image_translations` ENABLE KEYS */;
UNLOCK TABLES;

--
-- Table structure for table `catalog_meta`
--

DROP TABLE IF EXISTS `catalog_meta`;
/*!40101 SET @saved_cs_client     = @@character_set_client */;
/*!40101 SET character_set_client = utf8 */;
CREATE TABLE `catalog_meta` (
  `id` int(11) NOT NULL AUTO_INCREMENT,
  `catalog_id` int(11) NOT NULL,
  `meta_title` varchar(255) COLLATE utf8_unicode_ci DEFAULT NULL,
  `meta_keywords` varchar(255) COLLATE utf8_unicode_ci DEFAULT NULL,
  `meta_description` longtext COLLATE utf8_unicode_ci,
  PRIMARY KEY (`id`),
  UNIQUE KEY `UNIQ_A247A443CC3C66FC` (`catalog_id`),
  CONSTRAINT `FK_A247A443CC3C66FC` FOREIGN KEY (`catalog_id`) REFERENCES `catalog` (`id`)
) ENGINE=InnoDB AUTO_INCREMENT=34 DEFAULT CHARSET=utf8 COLLATE=utf8_unicode_ci;
/*!40101 SET character_set_client = @saved_cs_client */;

--
-- Dumping data for table `catalog_meta`
--

LOCK TABLES `catalog_meta` WRITE;
/*!40000 ALTER TABLE `catalog_meta` DISABLE KEYS */;
INSERT INTO `catalog_meta` VALUES (1,1,NULL,NULL,NULL),(2,2,NULL,NULL,NULL),(3,3,NULL,NULL,NULL),(4,4,NULL,NULL,NULL),(5,5,NULL,NULL,NULL),(7,7,NULL,NULL,NULL),(12,12,NULL,NULL,NULL),(13,13,NULL,NULL,NULL),(14,14,NULL,NULL,NULL),(15,15,NULL,NULL,NULL),(16,16,NULL,NULL,NULL),(17,17,NULL,NULL,NULL),(18,18,NULL,NULL,NULL),(19,19,NULL,NULL,NULL),(20,20,NULL,NULL,NULL),(21,21,NULL,NULL,NULL),(22,22,NULL,NULL,NULL),(24,24,NULL,NULL,NULL),(25,25,NULL,NULL,NULL),(26,26,NULL,NULL,NULL),(27,27,NULL,NULL,NULL),(28,28,NULL,NULL,NULL),(29,29,NULL,NULL,NULL),(30,30,NULL,NULL,NULL),(31,31,NULL,NULL,NULL),(32,32,NULL,NULL,NULL),(33,33,NULL,NULL,NULL);
/*!40000 ALTER TABLE `catalog_meta` ENABLE KEYS */;
UNLOCK TABLES;

--
-- Table structure for table `catalog_meta_translations`
--

DROP TABLE IF EXISTS `catalog_meta_translations`;
/*!40101 SET @saved_cs_client     = @@character_set_client */;
/*!40101 SET character_set_client = utf8 */;
CREATE TABLE `catalog_meta_translations` (
  `id` int(11) NOT NULL AUTO_INCREMENT,
  `object_id` int(11) DEFAULT NULL,
  `locale` varchar(8) COLLATE utf8_unicode_ci NOT NULL,
  `field` varchar(32) COLLATE utf8_unicode_ci NOT NULL,
  `content` longtext COLLATE utf8_unicode_ci,
  PRIMARY KEY (`id`),
  UNIQUE KEY `lookup_unique_idx` (`locale`,`object_id`,`field`),
  KEY `IDX_B5851CAC232D562B` (`object_id`),
  CONSTRAINT `FK_B5851CAC232D562B` FOREIGN KEY (`object_id`) REFERENCES `catalog_meta` (`id`) ON DELETE CASCADE
) ENGINE=InnoDB AUTO_INCREMENT=199 DEFAULT CHARSET=utf8 COLLATE=utf8_unicode_ci;
/*!40101 SET character_set_client = @saved_cs_client */;

--
-- Dumping data for table `catalog_meta_translations`
--

LOCK TABLES `catalog_meta_translations` WRITE;
/*!40000 ALTER TABLE `catalog_meta_translations` DISABLE KEYS */;
INSERT INTO `catalog_meta_translations` VALUES (1,1,'ru','meta_title',NULL),(2,1,'ru','meta_keywords',NULL),(3,1,'ru','meta_description',NULL),(4,1,'en','meta_title',NULL),(5,1,'en','meta_keywords',NULL),(6,1,'en','meta_description',NULL),(7,2,'ru','meta_title',NULL),(8,2,'ru','meta_keywords',NULL),(9,2,'ru','meta_description',NULL),(10,2,'en','meta_title',NULL),(11,2,'en','meta_keywords',NULL),(12,2,'en','meta_description',NULL),(13,3,'ru','meta_title',NULL),(14,3,'ru','meta_keywords',NULL),(15,3,'ru','meta_description',NULL),(16,3,'en','meta_title',NULL),(17,3,'en','meta_keywords',NULL),(18,3,'en','meta_description',NULL),(19,4,'ru','meta_title',NULL),(20,4,'ru','meta_keywords',NULL),(21,4,'ru','meta_description',NULL),(22,4,'en','meta_title',NULL),(23,4,'en','meta_keywords',NULL),(24,4,'en','meta_description',NULL),(25,5,'ru','meta_title',NULL),(26,5,'ru','meta_keywords',NULL),(27,5,'ru','meta_description',NULL),(28,5,'en','meta_title',NULL),(29,5,'en','meta_keywords',NULL),(30,5,'en','meta_description',NULL),(37,7,'ru','meta_title','Schrack Seconet системы пожарной безопасности и системы связи для медицинских учреждений'),(38,7,'ru','meta_keywords','система пожарной безопасности,  система связи для медицинских учреждений, систем вызова медицинского персонала, система палатной связи'),(39,7,'ru','meta_description','«Шрак Секонет АГ» – Австрийская компания, специализирующаяся на разработке и производстве высокотехнологичных систем пожарной безопасности и систем связи для медицинских учреждений.'),(40,7,'en','meta_title',NULL),(41,7,'en','meta_keywords',NULL),(42,7,'en','meta_description',NULL),(67,12,'ru','meta_title',NULL),(68,12,'ru','meta_keywords',NULL),(69,12,'ru','meta_description',NULL),(70,12,'en','meta_title',NULL),(71,12,'en','meta_keywords',NULL),(72,12,'en','meta_description',NULL),(73,13,'ru','meta_title',NULL),(74,13,'ru','meta_keywords',NULL),(75,13,'ru','meta_description',NULL),(76,13,'en','meta_title',NULL),(77,13,'en','meta_keywords',NULL),(78,13,'en','meta_description',NULL),(79,14,'ru','meta_title',NULL),(80,14,'ru','meta_keywords',NULL),(81,14,'ru','meta_description',NULL),(82,14,'en','meta_title',NULL),(83,14,'en','meta_keywords',NULL),(84,14,'en','meta_description',NULL),(85,15,'ru','meta_title',NULL),(86,15,'ru','meta_keywords',NULL),(87,15,'ru','meta_description',NULL),(88,15,'en','meta_title',NULL),(89,15,'en','meta_keywords',NULL),(90,15,'en','meta_description',NULL),(91,16,'ru','meta_title',NULL),(92,16,'ru','meta_keywords',NULL),(93,16,'ru','meta_description',NULL),(94,16,'en','meta_title',NULL),(95,16,'en','meta_keywords',NULL),(96,16,'en','meta_description',NULL),(97,17,'ru','meta_title',NULL),(98,17,'ru','meta_keywords',NULL),(99,17,'ru','meta_description',NULL),(100,17,'en','meta_title',NULL),(101,17,'en','meta_keywords',NULL),(102,17,'en','meta_description',NULL),(103,18,'ru','meta_title',NULL),(104,18,'ru','meta_keywords',NULL),(105,18,'ru','meta_description',NULL),(106,18,'en','meta_title',NULL),(107,18,'en','meta_keywords',NULL),(108,18,'en','meta_description',NULL),(109,19,'ru','meta_title',NULL),(110,19,'ru','meta_keywords',NULL),(111,19,'ru','meta_description',NULL),(112,19,'en','meta_title',NULL),(113,19,'en','meta_keywords',NULL),(114,19,'en','meta_description',NULL),(115,20,'ru','meta_title',NULL),(116,20,'ru','meta_keywords',NULL),(117,20,'ru','meta_description',NULL),(118,20,'en','meta_title',NULL),(119,20,'en','meta_keywords',NULL),(120,20,'en','meta_description',NULL),(121,21,'ru','meta_title',NULL),(122,21,'ru','meta_keywords',NULL),(123,21,'ru','meta_description',NULL),(124,21,'en','meta_title',NULL),(125,21,'en','meta_keywords',NULL),(126,21,'en','meta_description',NULL),(127,22,'ru','meta_title',NULL),(128,22,'ru','meta_keywords',NULL),(129,22,'ru','meta_description',NULL),(130,22,'en','meta_title',NULL),(131,22,'en','meta_keywords',NULL),(132,22,'en','meta_description',NULL),(139,24,'ru','meta_title',NULL),(140,24,'ru','meta_keywords',NULL),(141,24,'ru','meta_description',NULL),(142,24,'en','meta_title',NULL),(143,24,'en','meta_keywords',NULL),(144,24,'en','meta_description',NULL),(145,25,'ru','meta_title',NULL),(146,25,'ru','meta_keywords',NULL),(147,25,'ru','meta_description',NULL),(148,25,'en','meta_title',NULL),(149,25,'en','meta_keywords',NULL),(150,25,'en','meta_description',NULL),(151,26,'ru','meta_title',NULL),(152,26,'ru','meta_keywords',NULL),(153,26,'ru','meta_description',NULL),(154,26,'en','meta_title',NULL),(155,26,'en','meta_keywords',NULL),(156,26,'en','meta_description',NULL),(157,27,'ru','meta_title',NULL),(158,27,'ru','meta_keywords',NULL),(159,27,'ru','meta_description',NULL),(160,27,'en','meta_title',NULL),(161,27,'en','meta_keywords',NULL),(162,27,'en','meta_description',NULL),(163,28,'ru','meta_title',NULL),(164,28,'ru','meta_keywords',NULL),(165,28,'ru','meta_description',NULL),(166,28,'en','meta_title',NULL),(167,28,'en','meta_keywords',NULL),(168,28,'en','meta_description',NULL),(169,29,'ru','meta_title',NULL),(170,29,'ru','meta_keywords',NULL),(171,29,'ru','meta_description',NULL),(172,29,'en','meta_title',NULL),(173,29,'en','meta_keywords',NULL),(174,29,'en','meta_description',NULL),(175,30,'ru','meta_title',NULL),(176,30,'ru','meta_keywords',NULL),(177,30,'ru','meta_description',NULL),(178,30,'en','meta_title',NULL),(179,30,'en','meta_keywords',NULL),(180,30,'en','meta_description',NULL),(181,31,'ru','meta_title',NULL),(182,31,'ru','meta_keywords',NULL),(183,31,'ru','meta_description',NULL),(184,31,'en','meta_title',NULL),(185,31,'en','meta_keywords',NULL),(186,31,'en','meta_description',NULL),(187,32,'ru','meta_title',NULL),(188,32,'ru','meta_keywords',NULL),(189,32,'ru','meta_description',NULL),(190,32,'en','meta_title',NULL),(191,32,'en','meta_keywords',NULL),(192,32,'en','meta_description',NULL),(193,33,'ru','meta_title',NULL),(194,33,'ru','meta_keywords',NULL),(195,33,'ru','meta_description',NULL),(196,33,'en','meta_title',NULL),(197,33,'en','meta_keywords',NULL),(198,33,'en','meta_description',NULL);
/*!40000 ALTER TABLE `catalog_meta_translations` ENABLE KEYS */;
UNLOCK TABLES;

--
-- Table structure for table `catalog_translations`
--

DROP TABLE IF EXISTS `catalog_translations`;
/*!40101 SET @saved_cs_client     = @@character_set_client */;
/*!40101 SET character_set_client = utf8 */;
CREATE TABLE `catalog_translations` (
  `id` int(11) NOT NULL AUTO_INCREMENT,
  `object_id` int(11) DEFAULT NULL,
  `locale` varchar(8) COLLATE utf8_unicode_ci NOT NULL,
  `field` varchar(32) COLLATE utf8_unicode_ci NOT NULL,
  `content` longtext COLLATE utf8_unicode_ci,
  PRIMARY KEY (`id`),
  UNIQUE KEY `lookup_unique_idx` (`locale`,`object_id`,`field`),
  KEY `IDX_F7C8E049232D562B` (`object_id`),
  CONSTRAINT `FK_F7C8E049232D562B` FOREIGN KEY (`object_id`) REFERENCES `catalog` (`id`) ON DELETE CASCADE
) ENGINE=InnoDB AUTO_INCREMENT=199 DEFAULT CHARSET=utf8 COLLATE=utf8_unicode_ci;
/*!40101 SET character_set_client = @saved_cs_client */;

--
-- Dumping data for table `catalog_translations`
--

LOCK TABLES `catalog_translations` WRITE;
/*!40000 ALTER TABLE `catalog_translations` DISABLE KEYS */;
INSERT INTO `catalog_translations` VALUES (1,1,'ru','title','ПРОДУКТЫ'),(2,1,'ru','short_description',NULL),(3,1,'ru','description',NULL),(4,1,'en','title','ПОСТАВЩИКИ'),(5,1,'en','short_description',NULL),(6,1,'en','description',NULL),(7,2,'ru','title','Apollo'),(8,2,'ru','short_description','<p>Apollo Fire Detectors Ltd, (Великобритания) - &nbsp;крупнейший производитель пожарных извещателей в мире,&nbsp;предоставляет гарантию 10 лет на свою продукцию&nbsp;<span style=\"color: rgb(52, 52, 52); font-family: \'Helvetica Neue\', Helvetica, Arial, sans-serif; \">(CO детекторы - 5 лет).</span></p>'),(9,2,'ru','description','<div class=\"row-fluid\">\r\n<div class=\"span12\">\r\n<div class=\"span4\" id=\"homepage_block_1\">\r\n<h4>Пожарные Решения Мирового Уровня</h4>\r\n\r\n<p>Компания выпускает миллионы извещателей в год и имеет самый большой завод в Европе, каждый извещатель по отдельности проходит сложнейшие тесты такие как климат контроль, G-force shock и др.</p>\r\n</div>\r\n\r\n<div class=\"span4\" id=\"homepage_block_2\">\r\n<h4>Сертификация продукции по всему Миру</h4>\r\n\r\n<p>Apollo имеет более 2500 сертифицированных продуктов&nbsp;по всему миру которые&nbsp;соответствуют&nbsp;самыми требовательным&nbsp;стандартам.</p>\r\n</div>\r\n\r\n<div class=\"span4\" id=\"homepage_block_3\">\r\n<h4>10 лет Гарантия на изделия</h4>\r\n\r\n<p>Продукция Apollo имеет 10-летнюю гарантию на датчики, сигнализационные устройства, интерфейсы и извещатели (CO детекторы - 5 лет).</p>\r\n</div>\r\n</div>\r\n</div>\r\n\r\n<div class=\"row-fluid\">\r\n<div class=\"span12\" id=\"homepage_block_4\">\r\n<h1>World Class Fire Solutions</h1>\r\n</div>\r\n</div>\r\n\r\n<div class=\"row-fluid\">\r\n<div class=\"span12\" id=\"homepage_block_5\"><img alt=\"brand\" src=\"../../../../images/brands.jpg\" style=\"width: 600px; \" /></div>\r\n</div>\r\n\r\n<div class=\"row-fluid\">\r\n<p>Компания Apollo Fire Detectors является одним из ведущих в мире производителей систем пожарных извещателей для коммерческого и промышленного применения. Наши продукты спроектированы для защиты жизни и имущества от пожаров.</p>\r\n\r\n<p>Основанная в Портсмуте, на южном берегу Великобритании, в 1980 г., компания Apollo пользуется заслуженно высокой международной репутацией за инновации, качество и надежность. В начале 2009 г. компании Apollo было выдано свидетельство от Ее Величества в знак признания ее статуса официального поставщика для Царствующего дома. Поощрения со стороны Королевского двора не являются чем-то новым для компании Appollo: в свое время она стала первой компанией такого профиля, получившей от Королевы три награды подряд за достижения в области экспортной деятельности.</p>\r\n\r\n<p>Инновации являются двигателями программы разработки продукции компании с непрерывным исследованием новых технологий, помогая поставлять самые современные системы обнаружения возгораний. Компания Apollo предлагает изделия в пяти различных диапазонах, включая адресно-аналоговые и традиционные устройства обнаружения возгораний, а также ряд вспомогательных изделий, таких как звуковые и световые оповещатели, и пункты ручного оповещения. Компания Apollo имеет более 3000 сертификатов на изделия по всему миру, а также ряд признанных на международном уровне наград за качество и защиту окружающей среды.</p>\r\n\r\n<p>Имея офисы в Америке, Китае, Германии, и распологая сетью партнеров и дистрибьюторов на всех пяти континентах, компания Apollo имеет возможность предлагать своим партнерам системы обнаружения возгораний, разработанные с учетом их требований, независимо от географии их деятельности.</p>\r\n\r\n<p>В 2011 г. компания Apollo открыла головное американское отделение в г. Понтиак, штат Мичиган.</p>\r\n\r\n<p>Устройства компании Apollo можно найти в таких местах, как Статуя Свободы в Нью-Йорке, концертный зал Альберт-Холл в Лондоне и Московский Кремль (это только малая часть).</p>\r\n</div>\r\n\r\n<p>&nbsp;</p>'),(10,2,'en','title','Apollo'),(11,2,'en','short_description',NULL),(12,2,'en','description',NULL),(13,3,'ru','title','Honeywell'),(14,3,'ru','short_description',NULL),(15,3,'ru','description',NULL),(16,3,'en','title','Honeywell'),(17,3,'en','short_description',NULL),(18,3,'en','description',NULL),(19,4,'ru','title','Dallmeier'),(20,4,'ru','short_description','<p>Компания, имеет узкую направленность - разработка и производство систем охранного видеонаблюдения: видеокамеры, видеорегистраторы, видеосерверы, готовые решения для крупных объектов стратегической важности, другие устройства обработки и передачи видеоданных.</p>'),(21,4,'ru','description','<p>Компания Dallmeier electronic, имеет узкую направленность - системы охранного телевидения (СОТ).</p>\r\n\r\n<p>Основной вид деятельности компании - проектирование, разработка оборудования для систем охранного телевидения (CCTV), обучение основам охранного телевидения. Проектный отдел компании занимается ведением крупных проектов по системам видеонаблюдения. Инженеры компании разрабатывают инженерное решение под конкретный объект, дают технические рекомендации. Обучающий центр на базе компании, проводит постоянные обучающие курсы основам охранного телевидения.</p>\r\n\r\n<p>Dallmeier electronic производит следующее оборудование для систем видеонаблюдения:</p>\r\n\r\n<ul>\r\n	<li>видеокамеры (различных типов IP, аналоговые, различного дизайна);</li>\r\n	<li>видеорегистраторы (DVR, NVR, различных форматов сжатия MPEG2/MPEG4, MJPEG, H.264);</li>\r\n	<li>видеосерверы (различных форматов сжатия MPEG2/MPEG4, MJPEG, H.264);</li>\r\n	<li>готовые решения для крупных объектов стратегической важности; -другие устройства обработки и передачи видеоданных.</li>\r\n</ul>'),(22,4,'en','title','Dallmeier'),(23,4,'en','short_description',NULL),(24,4,'en','description',NULL),(25,5,'ru','title','ESSER by Honeywell'),(26,5,'ru','short_description','<p>Компания Esser by Honeywell выпускает полный спектр противопожарного оборудования, на базе которого может быть построена автоматическая пожарная сигнализация объекта любого размера и назначения. Для защиты высотных зданий и территориально-распределенных комплексов пожарные панели Esser можно объединять в сеть, а с помощью беспроводных баз в системы сигнализации этой марки можно включать радиоканальные устройства. Особое место в линейке оборудования Esser занимают автоматические пожарные датчики серии IQ8Quad со встроенными оповещателями.</p>'),(27,5,'ru','description','<p>Основным компонентом пожарной сигнализации Esser являются приемно-контрольные приборы (ПКП) IQ8Control C, IQ8Control M и 8008, которые предназначены для защиты малых, средних и крупных объектов соответственно. На базе этих панелей может быть построена сетевая автоматическая пожарная сигнализация, включающая до 31 ПКП, каждый из которых может быть запрограммирован под требования к системе. Для настройки пожарных приборов Esser используется специализированное ПО tools8000, а для автоматического управления внешними системами эти ПКП оснащены программируемыми выходами.&nbsp;</p>\r\n\r\n<p><b>Линейка инновационных пожарных устройств </b><b>Esser </b><b>IQ8</b><br />\r\nПомимо контрольных панелей IQ8Control автоматическая пожарная сигнализация IQ8 включает в себя серию интеллектуальных пожарных датчиков IQ8Quad, кольцевые шлейфы esserbus и esserbus-Plus, универсальные монтажные базы для пожарных датчиков всех типов, ручные извещатели, а также беспроводные компоненты IQ8Wireless. Такой широкий набор оборудования обеспечивает системе сигнализации функциональную гибкость, а оригинальная конструкция монтажных баз позволяет легко выполнить замену датчиков при изменении условий на объекте.&nbsp;</p>\r\n\r\n<p><b>Датчики пожарной сигнализации </b><b>IQ8</b><b>Quad со встроенными устройствами оповещения</b><br />\r\nПри создании пожарных датчиков серии IQ8Quad было разработано оригинальное решение, которое позволило совместить в одном устройстве сразу 4 функции: обнаружение возгорания, световое, сигнальное и речевое оповещение. При этом датчики сигнализации данной серии оборудуются оптическими, тепловыми и газовыми сенсорами в различных комбинациях, благодаря чему автоматическая пожарная сигнализация Esser обеспечивает высокий уровень безопасности при работе в любых условиях. Для подключения IQ8Quad к автоматическим пожарным приборам используются кольцевые шлейфы esserbus и esserbus-Plus.&nbsp;</p>\r\n\r\n<p><b>Использование в датчиках </b><b>IQ8</b><b>Quad передовых технологий</b><br />\r\nВ серию IQ8Quad входят датчики OT<sup>blue</sup> , которые сочетают в себе оптический и тепловой сенсоры, при этом в дымовой камере устройства вместо инфракрасного используется голубой свет. Благодаря такому решению, автоматическая пожарная сигнализация марки Esser обнаруживает широкий спектр дымов с одинаковой чувствительностью без применения радиоактивного элемента. Комбинированные датчики сигнализации О<sup>2</sup>T также имеют тепловой и дымовой сенсоры, но при этом в них реализована инновационная технология просвечивания дымовой камеры под двумя углами. Эти автоматические пожарные датчики особо устойчивы к ложным срабатываниям в помещениях, где возможно появление видимого водяного пара.&nbsp;</p>\r\n\r\n<p><b>Наличие в линейке датчиков с анализатором угарного газа</b><br />\r\nКак известно, ранняя стадия пожара характерна выделением невидимого и не имеющего запаха угарного газа, поэтому при пожарах больше всего людей гибнет от отравления СО, а не от других воздействий. Чтобы снизить число жертв таких отравлений, автоматическая пожарная сигнализация компании Esser может дооснащаться датчиками OTG, оборудованными не только дымовым и тепловым, но и газовым сенсором. Такие автоматические датчики гарантируют не только раннее обнаружение возгорания, но и детекцию угарного газа СО. В результате, сигнал тревоги пожарная сигнализация сформирует раньше, чем огонь станет видимым, а, следовательно, будет снижена и вероятность отравления людей СО.&nbsp;</p>\r\n\r\n<p><b>Возможность подключения к проводной системе </b><b>Esser беспроводных компонентов</b><br />\r\nПри использовании в системе шлейфов esserbus-Plus автоматическая пожарная сигнализация может работать с беспроводными устройствами серии IQ8Wireless. Эта линейка включает в себя беспроводные базы для установки датчиков сигнализации IQ8Quad, радиотранспондеры и шлюзы для обеспечения связи периферийных устройств с приемно-контрольными приборами, а также специальные радиоинтерфейсы для подключения к системе ручных извещателей. Для настройки и обслуживания беспроводных приборов, являющихся абонентами кольцевого шлейфа esserbus-Plus, пожарная система комплектуется специализированным ПО tools8000.&nbsp;<img align=\"left\" alt=\"автоматическая пожарная сигнализация с esserbus-Plus\" border=\"0\" class=\"imgleft\" height=\"261\" hspace=\"4\" src=\"http://www.armosystems.ru/images/articles/1405_7.jpg\" vspace=\"4\" width=\"491\" /></p>\r\n\r\n<p>Беспроводная автоматическая пожарная сигнализация может вести приемо-передачу данных на частотах 433 МГц (20 каналов) и 868 МГц (4 канала), а для защиты от помех и несанкционированного воздействия в системе используется технология скачкообразного изменения частоты. Такая радиоканальная пожарная сигнализация Esser позволяет устанавливать датчики на расстоянии от базы до 300 м в прямой видимости, а для электропитания в беспроводных базах и радиоинтерфейсах используются по 4 литиевых батареи 3,6 В, срок службы которых составляет не менее 5 лет.&nbsp;</p>\r\n\r\n<p><b>Отказоустойчивые кольцевые шлейфы </b><b>esserbus и </b><b>esserbus-</b><b>Plus</b><br />\r\nАдресно-аналоговая пожарная сигнализация производства Esser by Honeywell поддерживает шины esserbus, которые имеют кольцевую топологию и максимальную длину до 3,5 км. Эти шлейфы позволяют подключить к ПКП до 127 устройств и до 63 радиальных ответвлений. При этом пожарное оборудование, соединенное с этими двухпроводными шинами, не только ведет по ним обмен данными, но и получает электропитание, что существенно снижает затраты на кабели и их прокладку. Помимо esserbus, автоматическая пожарная сигнализация серии IQControl поддерживает шлейфы esserbus-Plus, обеспечивающие дополнительные функциональные возможности пожарной системе Esser.&nbsp;</p>\r\n\r\n<p><b>Возможность объединения в сеть до 31 ПКП</b><br />\r\nПрименение фирменного протокола essernet позволяет объединить в единую систему пожарной сигнализации множество ПКП и различных устройств индикации и оповещения, при этом автоматическая пожарная сигнализация может иметь любую иерархию. В такой сети могут работать одновременно до 31 ПКП, а благодаря ее модульной структуре все настройки сетевого оборудования могут осуществляться из любой точки подключения. Для сбора и визуализации данных о состоянии всех компонентов пожарной системы используется единый операторский интерфейс, который обеспечивает интеграцию сигнализации с другими системами безопасности в здании.&nbsp;</p>'),(28,5,'en','title','Esser by honeywell'),(29,5,'en','short_description',NULL),(30,5,'en','description',NULL),(37,7,'ru','title','Schrack Seconet'),(38,7,'ru','short_description','<p>&laquo;Шрак Секонет АГ&raquo; &ndash; Австрийская компания, специализирующаяся на разработке и производстве высокотехнологичных систем пожарной безопасности и систем связи для медицинских учреждений.</p>'),(39,7,'ru','description','<p>Шрак Секонет АГ - австрийское высокотехнологичное предприятие, которое принадлежит к ведущим участникам мирового рынка в области систем пожарной безопасности и систем связи для медицинских учреждений. Компания располагает дочерними предприятиями в Польше, Швеции и Венгрии, а также представительствами в России, Словакии, Чехии и Турции. В других странах Центральной и Восточной Европы Шрак Секонет АГ действует через широкую сеть партнерских компаний.</p>\r\n\r\n<p>Технические решения, заложенные в системы &laquo;Шрак Секонет АГ&raquo;, во многом превосходят требования действующих&nbsp; нормативов,&nbsp; позволяя&nbsp; компании&nbsp; эффективно&nbsp; продвигать&nbsp; новейшие&nbsp; разработки&nbsp; и выделяться на фоне других производителей.</p>\r\n\r\n<blockquote>\r\n<p>Оборудование &laquo;Шрак Секонет АГ&raquo; одинаково успешно применяется на&nbsp; объектах&nbsp; любой &nbsp;категории&nbsp; сложности&nbsp; и&nbsp; любого функционального назначения: как на небольших объектах (офисы, магазины),&nbsp; так&nbsp; и&nbsp; на&nbsp; особо&nbsp; крупных&nbsp; и территориально распределенных&nbsp; объектах (промышленные предприятия, аэропорты, вокзалы и морские порты; культурно-исторические объекты, торгово-развлекательные комплексы, гостиницы и офисные центры, банки, складские комплексы, медицинские учреждения).</p>\r\n</blockquote>\r\n\r\n<p>Станции пожарной сигнализации производства &laquo;Шрак Секонет АГ&raquo; являются универсальными приборами и позволяют создавать на их базе как простые системы, так и многоуровневые сетевые комплексы.</p>\r\n\r\n<p>Сеть&nbsp; станций Integral LAN позволяет&nbsp; объединить&nbsp; в&nbsp; общую&nbsp; систему&nbsp; до 16 станций Integral-IP по выделенной резервированной линии LAN, с использованием существующей на объекте LAN, а также возможна организация удаленного доступа через Интернет.</p>\r\n\r\n<p>Для связи станций друг с другом используются интерфейсы и протоколы:</p>\r\n\r\n<ul>\r\n	<li>RS-485 (витая пара) &ndash; расстоянием между соседними станциями до 1200м;</li>\r\n	<li>Ethernet (витая пара) &ndash; расстояние между соседними станциями до 100м, скорость100 Мбит/с;</li>\r\n	<li>Ethernet (оптоволоконный кабель) &ndash; расстояние между соседними станциями до 10 км, скорость 100 Мбит/с.</li>\r\n</ul>\r\n\r\n<p>Станции, объединенные в Integral LAN, представляют собой децентрализованную систему, в которой все станции&nbsp; работают&nbsp; в&nbsp; едином&nbsp; адресном&nbsp; пространстве.&nbsp; Такая&nbsp; структура&nbsp; позволяет&nbsp; создавать&nbsp; гибкие&nbsp; и&nbsp; надежные системы пожарной сигнализации.</p>\r\n\r\n<p>С одной стороны, все станции работают как единое целое, например: при срабатывании извещателей&nbsp; на одной станции можно активировать систему пожаротушения на другой.</p>\r\n\r\n<p>С другой стороны, в каждой станции имеется свой центральный процессор и энергонезависимая память, в которой хранится информация о конфигурации системы, а также алгоритм работы. При выходе из строя одной или нескольких станций, остальные продолжают работу без каких-либо ограничений.</p>\r\n\r\n<p>Информация о работе всей системы отображается на центральном пульте управления или АРМ (пультов или АРМ может быть несколько).</p>\r\n\r\n<p>Сеть SecoNET (до 4 000 станций Integral-IP MX, Integral-IP CX, несколько миллионов извещателей) &ndash; уникальная разработка &laquo;Шрак Секонет АГ&raquo;, позволяющая создавать единую противопожарную систему для особо крупных, территориально распределенных объектов.</p>\r\n\r\n<p>Оборудуя каждый отдельный объект автономной системой пожарной безопасности (на базе одной или нескольких&nbsp; станций), с&nbsp; помощью&nbsp; сети SecoNET можно&nbsp; объединить&nbsp; все&nbsp; систему&nbsp; в&nbsp; общую&nbsp; сетевую структуру&nbsp; с&nbsp; тем,&nbsp; чтобы&nbsp; осуществлять&nbsp; централизованный&nbsp; мониторинг&nbsp; состояния&nbsp; объектов,&nbsp; управлять средствами пожаротушения, оповещения и т.п.</p>\r\n\r\n<p>Важной&nbsp; особенностью&nbsp; является&nbsp; то,&nbsp; что&nbsp; для&nbsp; создания&nbsp; сети SecoNET используется&nbsp; стандартные сертифицированные станции Integral-IP MX. Нет необходимости применять компьютерное или телекоммуникационное оборудование. Обмен информацией, передача управляющих команд, мониторинг состояния системы осуществляется с помощью стандартных программно-аппаратных средств системы Integral-IP.</p>\r\n\r\n<h2>&nbsp;</h2>\r\n\r\n<h2>Интеграционные решения</h2>\r\n\r\n<p>Для обеспечения обменом данными между системой Integral-IP&nbsp; и другими инженерными системами объекта (например,&nbsp; системой управления зданием BMS), используются стандартные интеграционные технологии:</p>\r\n\r\n<ul>\r\n	<li>BACnet;</li>\r\n	<li>Modbus;</li>\r\n	<li>OPC-сервер.</li>\r\n</ul>\r\n\r\n<p>Поскольку&nbsp; станции&nbsp; в&nbsp; сети Integral LAN&nbsp; работают&nbsp; в&nbsp; едином&nbsp; адресном&nbsp; пространстве,&nbsp; достаточно подключиться лишь к одной станции, чтобы получать информацию о работе всей системы.</p>\r\n\r\n<h2>&nbsp;</h2>\r\n\r\n<h2>Обеспечение надежности на всех уровнях системы:</h2>\r\n\r\n<ul>\r\n	<li>Системы&nbsp; разработаны&nbsp; с&nbsp; использованием&nbsp; принципа 100% &nbsp;аппаратного резервирования;</li>\r\n	<li>Все&nbsp; соединения&nbsp; выполнены&nbsp; по&nbsp; кольцевым&nbsp; схемам,&nbsp; линии&nbsp; связи резервированы;</li>\r\n	<li>Децентрализованная&nbsp; система,&nbsp; состоящая&nbsp; из&nbsp; отдельных&nbsp; станций, каждая из которых является законченным устройством, способным работать автономно;</li>\r\n	<li>Протоколы&nbsp; передачи&nbsp; данных&nbsp; с&nbsp; избыточным&nbsp; кодированием, гарантирующие&nbsp; надежную&nbsp; защиту&nbsp; информации&nbsp; в&nbsp; условиях электромагнитных помех.</li>\r\n</ul>\r\n\r\n<h2>&nbsp;</h2>\r\n\r\n<h2>Полный набор аппаратных средств в составе системы:</h2>\r\n\r\n<ul>\r\n	<li>Станции пожарной сигнализации и управления пожаротушением;</li>\r\n	<li>Универсальные мультисенсорные извещатели (работа в режиме дымового, теплового или комбинированного; два уровня предтревоги, четыре уровня чувствительности дымового сенсора, девять режимов теплового сенсора; просмотр уровня загрязнения, времени работы, текущих уровней задымления и температуры в помещении; модули ввода-вывода для управления противопожарным оборудованием);</li>\r\n	<li>Ручные&nbsp; извещатели&nbsp; для&nbsp; установки внутри и снаружи помещений;</li>\r\n	<li>Извещатели для взрывоопасных зон;</li>\r\n	<li>Линейные&nbsp; и&nbsp; аспирационные извещатели;</li>\r\n	<li>Компьютерная система мониторинга и управления,&nbsp; несколько рабочих мест, подключаемых по локальной сети;</li>\r\n</ul>\r\n\r\n<h2>&nbsp;</h2>\r\n\r\n<h2>Масштабируемость:</h2>\r\n\r\n<ul>\r\n	<li>Трехуровневая структура системы:\r\n	<ul>\r\n		<li>станция (до 4 000 извещателей),</li>\r\n		<li>сеть из 16 станций (до 50 000 извещателей),</li>\r\n		<li>сеть&nbsp; из 4&nbsp;000 станций (несколько&nbsp; миллионов извещателей);</li>\r\n	</ul>\r\n	</li>\r\n	<li>Простое&nbsp; расширение&nbsp; системы (добавление&nbsp; извещателей, шлейфов,&nbsp; станций)&nbsp; без&nbsp; необходимости&nbsp; переадресации существующих элементов;</li>\r\n	<li>Монтаж,&nbsp; пуско-наладка и ввод в эксплуатацию системы по частям;</li>\r\n	<li>Соединение&nbsp; станций&nbsp; с&nbsp; помощью&nbsp; стандартных&nbsp; модулей,&nbsp; коммуникационное&nbsp; и&nbsp; компьютерное оборудование не требуется;</li>\r\n	<li>Единый пакет программного обеспечения для программирования системы любого размера.</li>\r\n</ul>\r\n\r\n<h2>&nbsp;</h2>\r\n\r\n<h2>Реализация сложных алгоритмов управления:</h2>\r\n\r\n<ul>\r\n	<li>Сеть из 16 станций (до 50 000 извещателей) работает в едином адресном&nbsp; пространстве-&nbsp; каждой&nbsp; станции&nbsp; доступно&nbsp; любое событие в системе;</li>\r\n	<li>Алгоритм&nbsp; программируется&nbsp; с&nbsp; помощью&nbsp; мнемосхем, аналогичных элементам цифровой логики (И, ИЛИ, ТРИГГЕР, СЧЕТЧИК и т.п.);</li>\r\n	<li>Извещатели,&nbsp; находящиеся&nbsp; в&nbsp; разных&nbsp; шлейфах&nbsp; и&nbsp; даже подключенные к разным станциям, могут объединяться в одну группу,&nbsp; что позволяет производить корректировку алгоритма работы в процессе эксплуатации объекта без дополнительных монтажных работ.</li>\r\n</ul>\r\n\r\n<h2>&nbsp;</h2>\r\n\r\n<h2>Простота в эксплуатации и техническом обслуживании:</h2>\r\n\r\n<ul>\r\n	<li>Полностью&nbsp; русифицированные&nbsp; пульты&nbsp; управления, возможность&nbsp; переключения&nbsp; на&nbsp; другой&nbsp; язык непосредственно во время работы;</li>\r\n	<li>Несколько уровней доступа;</li>\r\n	<li>Встроенный&nbsp; буфер&nbsp; на 65 000&nbsp; событий&nbsp; в&nbsp; каждой станции.&nbsp; Сохранение&nbsp; протокола&nbsp; событий&nbsp; на компьютере, распечатка на встроенном протокольном принтере;</li>\r\n	<li>Программирование&nbsp; и&nbsp; проверка&nbsp; параметров&nbsp; системы из 16 станций через подключение к одной станции;</li>\r\n	<li>Удобный и наглядный поиск неисправных шлейфов (обрыв, короткое замыкание), сохранение и распечатка топологии всей системы;</li>\r\n	<li>Специализированное&nbsp; тестовое&nbsp; оборудование&nbsp; и программные&nbsp; средства,&nbsp; позволяющие&nbsp; быстро проверять работоспособность шлейфа и отдельного извещателя;</li>\r\n	<li>Чтение информации из памяти всех периферийных устройств,&nbsp; сохранение&nbsp; и&nbsp; распечатка&nbsp; таблицы состояния всех элементов системы;</li>\r\n	<li>Удаленный доступ к системе через защищенное соединение &ndash; мониторинг состояния системы, управление, перепрограммирование;</li>\r\n	<li>Полный&nbsp; набор&nbsp; документации&nbsp; на&nbsp; русском&nbsp; языке, оперативный&nbsp; доступ&nbsp; к&nbsp; документации&nbsp; через Интернет.&nbsp;</li>\r\n</ul>'),(40,7,'en','title','Schrack seconet'),(41,7,'en','short_description',NULL),(42,7,'en','description',NULL),(67,12,'ru','title','VARIODYN - D1'),(68,12,'ru','short_description','<p>VARIODYN&nbsp;<sup>&reg;</sup> D1 -&nbsp;система речевого оповещения на базе модульных компонентов, появившаяся у&nbsp;австрийской компании&nbsp;ESSER by Honeywell относительно недавно.&nbsp;Новая система оповещения ESSER VARIODYN&reg; D1 может эффективно конкурировать с другими именитыми брендами, поскольку обладает широким функционалом, потрясающей гибкостью и привлекательной стоимостью.</p>'),(69,12,'ru','description','<p>Система речевого оповещения VARIODYN &reg; D1 строится на базе модульных компонентов, объединяемых по локальной вычислительной сети, что обеспечивает максимальную гибкость конфигурации с учётом специфики объекта. Это означает, что особые требования могут быть реализованы максимально экономичным и эффективным способом на объектах различного размера.</p>\r\n\r\n<p>Новая система оповещения ESSER VARIODYN&reg; D1 может эффективно конкурировать с другими именитыми брендами, поскольку обладает широким функционалом, потрясающей гибкостью и привлекательной стоимостью. Но самое главное заключается в 100%-ной интеграции с СПС данного производителя по внутреннему протоколу.</p>\r\n\r\n<p>Совместное использование систем позволяет реализовать алгоритм любой сложности без применения десятков реле и прокладки множества проводов. Достаточно лишь в программу конфигурирования СОУЭ ESSER VARIODYN&reg; D1 подгрузить файл конфигурации СПС ESSER IQ8 Control и расставить необходимые связи. Обмен данными между системами постоянно контролируется - обрыв связи или неисправность в системе оповещения сразу отобразится в системе пожарной сигнализации.</p>\r\n\r\n<p>Естественно, все необходимое для обеспечения взаимодействия систем сертифицировано и может применяться на территории Российской Федерации.&nbsp;</p>'),(70,12,'en','title',NULL),(71,12,'en','short_description',NULL),(72,12,'en','description',NULL),(73,13,'ru','title','Автоматическая пожарная сигнализация'),(74,13,'ru','short_description',NULL),(75,13,'ru','description',NULL),(76,13,'en','title',NULL),(77,13,'en','short_description',NULL),(78,13,'en','description',NULL),(79,14,'ru','title','Системы оповещения'),(80,14,'ru','short_description',NULL),(81,14,'ru','description',NULL),(82,14,'en','title',NULL),(83,14,'en','short_description',NULL),(84,14,'en','description',NULL),(85,15,'ru','title','TOA'),(86,15,'ru','short_description','<p>TOA &mdash; мировой лидер в производстве оборудования для систем голосового оповещения: громкоговорителей, усилителей мощности, конференц-систем, оборудования для синхронного перевода, мегафонов и микрофонов.</p>'),(87,15,'ru','description',NULL),(88,15,'en','title',NULL),(89,15,'en','short_description',NULL),(90,15,'en','description',NULL),(91,16,'ru','title','Охранная сигнализация'),(92,16,'ru','short_description',NULL),(93,16,'ru','description',NULL),(94,16,'en','title',NULL),(95,16,'en','short_description',NULL),(96,16,'en','description',NULL),(97,17,'ru','title','Системы видеонаблюдения'),(98,17,'ru','short_description',NULL),(99,17,'ru','description',NULL),(100,17,'en','title',NULL),(101,17,'en','short_description',NULL),(102,17,'en','description',NULL),(103,18,'ru','title','Системы автоматики'),(104,18,'ru','short_description',NULL),(105,18,'ru','description',NULL),(106,18,'en','title',NULL),(107,18,'en','short_description',NULL),(108,18,'en','description',NULL),(109,19,'ru','title','Палатная связь'),(110,19,'ru','short_description',NULL),(111,19,'ru','description',NULL),(112,19,'en','title',NULL),(113,19,'en','short_description',NULL),(114,19,'en','description',NULL),(115,20,'ru','title','Ackermann clino'),(116,20,'ru','short_description',NULL),(117,20,'ru','description',NULL),(118,20,'en','title',NULL),(119,20,'en','short_description',NULL),(120,20,'en','description',NULL),(121,21,'ru','title','ESMI'),(122,21,'ru','short_description','<p>Торговая марка ESMI (Финляндия) принадлежит компании Pelco в составе группы компаний Schneider Electric. Решения ESMI в областях интегрированных систем безопасности, пожарной сигнализации, контроля доступа и охранной сигнализации признаны пользователями и профессионалами индустрии безопасности надежными и инновационными. Решения ESMI основаны на обобщении большого практического опыта специалистов, в том числе участвующих в установке и обслуживании комплексных систем безопасности.</p>'),(123,21,'ru','description','<p>13 мая 1936 г. в городе Хельсинки (Финляндия) было основано небольшое семейное предприятие A/B Electrosignal - Sahkomerkki O/Y, которое занимало площадь немного больше 35 м2. Предприятие производило и реализовало различные электрические и электронные устройства. Основными клиентами компании являлись телефонная ассоциация г. Хельсинки и оптовые поставщики электроники.</p>\r\n\r\n<p>После Второй мировой войны ассортимент продукции предприятия пополнился оборудованием систем пожарной сигнализации и пейджинговая связи. Эта продукция позиционировалась под торговым именем ESMI. Успех нового направления позволил предприятию быстро развиваться на внутреннем и внешних рынках, по этой же причине предприятие было переименовано в ESMI. В 60-е годы компания начала внедрять автоматизированные технологии взамен ручной сборки при производстве нового оборудования систем охранной сигнализации; теплоснабжения, вентиляции и кондиционирования (HVAC); аварийного освещения и экстренного вызова медперсонала.</p>\r\n\r\n<p>Новая эпоха в истории развития ESMI наступила в 70-е годы. Спрос на оборудование ESMI увеличился, и компания расширила производство. Ежедневно производилось более 1000 единиц различной продукции, а штат компании составил более 300 человек. В 80-е годы дополнительно увеличился штат разработчиков и специалистов в области электроники. Это позволило компании совершить скачок в качестве и скорости собственных разработок интеллектуальных систем безопасности и систем контроля доступа. В конце 80-х годов производство компании переведено в район Olarinluoma, который в то время носил название &quot;Силиконовой долины Хельсинки&quot;. В Норвегии открылся филиал ESMI, а сама компания ESMI была приобретена компанией Oy Hedengren Ab.</p>\r\n\r\n<p>В 90-е годы ESMI перешла в подчинение корпорации A.Ahlstrom и часть производства ESMI было передано компании Elari Oy. В конце 90-х открыто новое предприятие ESMI в Швеции, которое вместе с другими подразделениями ESMI вошло в состав компании Nordic Lexel Group.</p>\r\n\r\n<p>В 21-м веке компания ESMI продолжает своё развитие: ESMI объединилась со своим партнёром - Multi Signal Ab (Швеция); приобрела строительную компанию Dalcotech A.S. (Дания) и на её основе создала ESMI A.S.; объединилась с компанией Industrisikring A.S. (Норвегия). Головная компания Nordic Lexel Group вошла в состав Schneider Electric SA (Франция). В 2008 году компания ESMI получила название Pelco Nordic в составе Schneider Electric. На сегодняшний день ESMI является брендом высококачественного оборудования систем безопасности для рынков Северных стран, стран Балтийского региона и России.</p>'),(124,21,'en','title',NULL),(125,21,'en','short_description',NULL),(126,21,'en','description',NULL),(127,22,'ru','title','SIEMENS'),(128,22,'ru','short_description','<p>История &laquo;Сименс&raquo; в России насчитывает уже 160 лет. Первое бюро компании было открыто еще в 1853 году в Санкт-Петербурге &ndash; столице Российской империи. История компании &laquo;Сименс&raquo; &ndash; это пример инноваций и изобретений, ценностей и преобразований. Благодаря своим инженерным достижениям, смелому предпринимательству, социальной ответственности, основываясь на таких ценностях, как инновационность, ответственность и высочайший уровень во всем, &laquo;Сименс&raquo; всегда был и сейчас остается пионером прогресса, опережая эпоху и время.</p>'),(129,22,'ru','description',NULL),(130,22,'en','title',NULL),(131,22,'en','short_description',NULL),(132,22,'en','description',NULL),(139,24,'ru','title','Honeywell Security'),(140,24,'ru','short_description','<p>Honeywell Security &ndash; мировой производитель систем контроля и управления доступом. Оборудование Honeywell Security обеспечивает построение комплексных и интегрированных систем безопасности для объектов с особыми требованиями к безопасности и режимам прохода в системах контроля доступа.</p>'),(141,24,'ru','description',NULL),(142,24,'en','title',NULL),(143,24,'en','short_description',NULL),(144,24,'en','description',NULL),(145,25,'ru','title','Apollo Security'),(146,25,'ru','short_description','<p>Компания APOLLO (США) занимает одну из лидирующих позиций на мировом рынке среди производителей оборудования для cистем контроля и управления доступом и охранной сигнализации. Привлекательность оборудования APOLLO заключается в сбалансированном сочетании высочайших технологических характеристик, гибкости, надежности, квалифицированной технической поддержке в России, наличии отечественного программного обеспечения &ndash; APACS и оптимальной стоимости.</p>'),(147,25,'ru','description',NULL),(148,25,'en','title',NULL),(149,25,'en','short_description',NULL),(150,25,'en','description',NULL),(151,26,'ru','title','GEUTEBRÜCK'),(152,26,'ru','short_description','<p><strong>GEUTEBR&Uuml;CK</strong> уже более 40 лет специализируется на производстве инновационных систем видеонаблюдения.</p>'),(153,26,'ru','description','<p>Многолетний опыт и тысячи успешно действующих систем охранного телевидения являются гарантом качества наших высокотехнологичных систем.</p>\r\n\r\n<p>В наших системах все аппаратные и программные компоненты поставляются из одних рук. Все эти годы мы в партнерстве с профессиональными пользователями создавали и совершенствовали интеллектуальные и функциональные системы видеонаблюдения.</p>\r\n\r\n<p>В более чем 40 стран мира поставляет наша фабрика в г. Виндхаген: отдельные блоки и готовые системы, установленные в монтажные стойки, в том числе, комплексные системы, спроектированные и изготовленные по индивидуальным требованиям заказчика.</p>\r\n\r\n<p>Около 220 сотрудников GEUTEBR&Uuml;CK в 12 дочерних компаниях и представительствах на всех континентах являются признанными экспертами на национальных и международном рынках.</p>'),(154,26,'en','title',NULL),(155,26,'en','short_description',NULL),(156,26,'en','description',NULL),(157,27,'ru','title','VERINT'),(158,27,'ru','short_description','<p>Verint&reg; Systems Inc. &ndash; мировой лидер в предоставлении решений и вспомогательных услуг для сбора информации Actionable Intelligence&reg;. Наши решения помогают большим и малым организациям принимать своевременные и эффективные решения для улучшения показателей деятельности предприятия и обеспечения безопасности мира.</p>'),(159,27,'ru','description','<p><span style=\"color: rgb(0, 0, 0); font-family: Verdana, Arial; font-size: 11px; line-height: 16px; \">Verint</span><sup style=\"font-family: Verdana, Arial; font-size: 8pt; color: rgb(0, 0, 0); line-height: 16px; \">&reg;</sup><span style=\"color: rgb(0, 0, 0); font-family: Verdana, Arial; font-size: 11px; line-height: 16px; \">&nbsp;Systems Inc. &ndash; мировой лидер в предоставлении решений Actionable Intelligence</span><sup style=\"font-family: Verdana, Arial; font-size: 8pt; color: rgb(0, 0, 0); line-height: 16px; \">&reg;</sup><span style=\"color: rgb(0, 0, 0); font-family: Verdana, Arial; font-size: 11px; line-height: 16px; \">&nbsp;и вспомогательных услуг. Наши решения предоставляют возможности по сбору, фильтрации и анализу комплексных и не до конца используемых источников информации, таких как голос, видео и неструктурированный текст, для того чтобы помочь организациям в принятии своевременных и эффективных решений. На сегодняшний день более 10 000 организаций в 150 странах используют наши решения для улучшения показателей деятельности предприятия и обеспечения безопасности мира.&nbsp;</span><br style=\"font-family: Verdana, Arial; font-size: 11px; color: rgb(0, 0, 0); line-height: 16px; \" />\r\n<br style=\"font-family: Verdana, Arial; font-size: 11px; color: rgb(0, 0, 0); line-height: 16px; \" />\r\n<span style=\"color: rgb(0, 0, 0); font-family: Verdana, Arial; font-size: 11px; line-height: 16px; \">На рынке масштаба предприятий наши&nbsp;</span><a href=\"http://verint.ru/page40e9.html?id=104997&amp;aid=306\" style=\"font-family: Verdana, Arial; font-size: 11px; color: rgb(0, 102, 204); text-decoration: none; line-height: 16px; \">решения по оптимизации трудовых ресурсов</a><span style=\"color: rgb(0, 0, 0); font-family: Verdana, Arial; font-size: 11px; line-height: 16px; \">&nbsp;помогают организациям улучшить процесс обслуживания клиентов в контакт-центрах, филиалах и бэк-офисах для повышения уровня удовлетворенности клиента, снижения текущих расходов, выявления дополнительных возможностей получения дохода и улучшения прибыльности.&nbsp;</span><br style=\"font-family: Verdana, Arial; font-size: 11px; color: rgb(0, 0, 0); line-height: 16px; \" />\r\n<br style=\"font-family: Verdana, Arial; font-size: 11px; color: rgb(0, 0, 0); line-height: 16px; \" />\r\n<span style=\"color: rgb(0, 0, 0); font-family: Verdana, Arial; font-size: 11px; line-height: 16px; \">На рынке информационной безопасности наши&nbsp;</span><a href=\"http://verint.ru/page16a9.html?id=104997&amp;aid=305\" style=\"font-family: Verdana, Arial; font-size: 11px; color: rgb(0, 102, 204); text-decoration: none; line-height: 16px; \">решения по сбору и изучению информации в области видеонаблюдения</a><span style=\"color: rgb(0, 0, 0); font-family: Verdana, Arial; font-size: 11px; line-height: 16px; \">,&nbsp;</span><a href=\"http://verint.ru/page323a.html?id=104997&amp;aid=308\" style=\"font-family: Verdana, Arial; font-size: 11px; color: rgb(0, 102, 204); text-decoration: none; line-height: 16px; \">общественной безопасности</a><span style=\"color: rgb(0, 0, 0); font-family: Verdana, Arial; font-size: 11px; line-height: 16px; \">, а также&nbsp;</span><a href=\"http://verint.ru/page30c3.html?id=104997&amp;aid=307\" style=\"font-family: Verdana, Arial; font-size: 11px; color: rgb(0, 102, 204); text-decoration: none; line-height: 16px; \">решения по сбору и изучению информации в области коммуникаций</a><span style=\"color: rgb(0, 0, 0); font-family: Verdana, Arial; font-size: 11px; line-height: 16px; \">&nbsp;помогают государственным и коммерческим организациям осуществлять действия по защите людей и имущества, а также нейтрализации терроризма и преступности.&nbsp;</span><br style=\"font-family: Verdana, Arial; font-size: 11px; color: rgb(0, 0, 0); line-height: 16px; \" />\r\n<br style=\"font-family: Verdana, Arial; font-size: 11px; color: rgb(0, 0, 0); line-height: 16px; \" />\r\n<span style=\"color: rgb(0, 0, 0); font-family: Verdana, Arial; font-size: 11px; line-height: 16px; \">Компания Verint основана в 1994 году, её штаб-квартира находится в Мелвилле, Нью-Йорк. Штат компании состоит из 2500 профессионалов, она имеет&nbsp;</span><a href=\"http://verint.com/corporate/location_list.cfm\" style=\"font-family: Verdana, Arial; font-size: 11px; color: rgb(0, 102, 204); text-decoration: none; line-height: 16px; \">филиалы</a><span style=\"color: rgb(0, 0, 0); font-family: Verdana, Arial; font-size: 11px; line-height: 16px; \">&nbsp;по всему миру и обширную сеть международных&nbsp;</span><a href=\"http://verint.ru/subpage0fb4.html?id=104997&amp;aid=300&amp;bid=713\" style=\"font-family: Verdana, Arial; font-size: 11px; color: rgb(0, 102, 204); text-decoration: none; line-height: 16px; \">партнеров</a><span style=\"color: rgb(0, 0, 0); font-family: Verdana, Arial; font-size: 11px; line-height: 16px; \">по торговле и поддержке.&nbsp;</span><br style=\"font-family: Verdana, Arial; font-size: 11px; color: rgb(0, 0, 0); line-height: 16px; \" />\r\n<br style=\"font-family: Verdana, Arial; font-size: 11px; color: rgb(0, 0, 0); line-height: 16px; \" />\r\n<strong style=\"font-family: Verdana, Arial; font-size: 11px; color: rgb(0, 0, 0); line-height: 16px; \">Наши направления деятельности</strong><br style=\"font-size: 8pt; \" />\r\n<span style=\"color: rgb(0, 0, 0); font-family: Verdana, Arial; font-size: 11px; line-height: 16px; \">Verint&nbsp;</span><a href=\"http://verint.ru/page40e9.html?id=104997&amp;aid=306\" style=\"font-family: Verdana, Arial; font-size: 11px; color: rgb(0, 102, 204); text-decoration: none; line-height: 16px; \">Witness Actionable Solutions<sup style=\"font-size: 8pt; \">&reg;</sup></a><span style=\"color: rgb(0, 0, 0); font-family: Verdana, Arial; font-size: 11px; line-height: 16px; \">&nbsp;(&laquo;Решения Verint по наблюдению, предоставляющему основания для принятия мер&raquo;) помогают организациям получать и анализировать ценную информацию в процессе взаимодействия с клиентом, а также сопутствующие данные с целью оптимизации процесса обслуживания клиентов в контакт- центрах, бэк-офисах, филиалах и удаленных офисах, а также центрах общественной безопасности.&nbsp;</span><a href=\"http://verint.ru/subpage4f5a.html?id=104997&amp;aid=306&amp;bid=680\" style=\"font-family: Verdana, Arial; font-size: 11px; color: rgb(0, 102, 204); text-decoration: none; line-height: 16px; \">Impact 360<sup style=\"font-size: 8pt; \">&reg;</sup></a><span style=\"color: rgb(0, 0, 0); font-family: Verdana, Arial; font-size: 11px; line-height: 16px; \">&nbsp;&ndash; это объединенный пакет по оптимизации трудовых ресурсов предприятия, делающий прозрачным процесс доставки услуг клиентам и помогающий организациям достичь баланса между руководством продажами, управлением текущими расходами и получением оптимальных результатов работы с клиентами.&nbsp;</span><br style=\"font-family: Verdana, Arial; font-size: 11px; color: rgb(0, 0, 0); line-height: 16px; \" />\r\n<br style=\"font-family: Verdana, Arial; font-size: 11px; color: rgb(0, 0, 0); line-height: 16px; \" />\r\n<span style=\"color: rgb(0, 0, 0); font-family: Verdana, Arial; font-size: 11px; line-height: 16px; \">Решения по сбору видеоинформации Verint&nbsp;</span><a href=\"http://verint.ru/page16a9.html?id=104997&amp;aid=305\" style=\"font-family: Verdana, Arial; font-size: 11px; color: rgb(0, 102, 204); text-decoration: none; line-height: 16px; \">Video Intelligence Solutions&trade;</a><span style=\"color: rgb(0, 0, 0); font-family: Verdana, Arial; font-size: 11px; line-height: 16px; \">представляют собой единый источник для практически каждого аспекта ведения видеонаблюдения, от оборудования и программного обеспечения до обслуживания и поддержки. Применение наш их решений&nbsp;</span><a href=\"http://verint.ru/page16a9.html?id=104997&amp;aid=305\" style=\"font-family: Verdana, Arial; font-size: 11px; color: rgb(0, 102, 204); text-decoration: none; line-height: 16px; \">Nextiva<sup style=\"font-size: 8pt; \">&reg;</sup></a><span style=\"color: rgb(0, 0, 0); font-family: Verdana, Arial; font-size: 11px; line-height: 16px; \">упрощает управление крупномасштабными, территориально распределенными операциями охранного наблюдения и значительно повышает степень владения ситуацией, управление в экстренных ситуациях и эффективность работы. Nextiva позволяет организациям развернуть непрерывное видеонаблюдение по межсетевому протоколу с использованием аналитики либо организовать видеонаблюдение по межсетевому протоколу, не отказываясь от своих вложений в технологию аналогового видеонаблюдения.&nbsp;</span><br style=\"font-family: Verdana, Arial; font-size: 11px; color: rgb(0, 0, 0); line-height: 16px; \" />\r\n<br style=\"font-family: Verdana, Arial; font-size: 11px; color: rgb(0, 0, 0); line-height: 16px; \" />\r\n<span style=\"color: rgb(0, 0, 0); font-family: Verdana, Arial; font-size: 11px; line-height: 16px; \">Решения по сбору и изучению информации в области коммуникаций Verint</span><a href=\"http://verint.ru/page30c3.html?id=104997&amp;aid=307\" style=\"font-family: Verdana, Arial; font-size: 11px; color: rgb(0, 102, 204); text-decoration: none; line-height: 16px; \">Communications Intelligence and Investigative Solutions&trade;</a><span style=\"color: rgb(0, 0, 0); font-family: Verdana, Arial; font-size: 11px; line-height: 16px; \">&nbsp;помогают правоохранительным органам, службам национальной безопасности, спецслужбам и другим государственным учреждениям нейтрализовать уголовную и террористическую угрозу. Решения Verint делают возможным сбор, интеграцию и анализ информации, получаемой из источников голосовой, видео- или цифровой связи, а также из иных источников с целью помочь таким органам, агентствам, службам и учреждениям в сборе доказательств и информации при проведении расследований. Мы предлагаем решения для перехвата связи, определения соответствия правилам поставщика услуг, определения местонахождения мобильных устройств, интеграционного управления и управления данными, расследования финансовых преступлений, сбора информации в Интернете, интегрированного видеонаблюдения и сбора информации из источников местной связи.&nbsp;</span><br style=\"font-family: Verdana, Arial; font-size: 11px; color: rgb(0, 0, 0); line-height: 16px; \" />\r\n​</p>'),(160,27,'en','title',NULL),(161,27,'en','short_description',NULL),(162,27,'en','description',NULL),(163,28,'ru','title','Pelco'),(164,28,'ru','short_description','<p>Компания Pelco by Schneider Electric является мировым лидером по разработке и производству полного спектра современного оборудования и систем видеонаблюдения, используемых как в системах безопасности, так и в системах технологического телевидения различного уровня сложности.</p>'),(165,28,'ru','description','<p>Компания PELCO появилась на рынке CCTV в конце 70-х годов. Невероятный взлет марки и всемирное признание пришло в 80-х, после крупных преобразований, коснувшихся общей культуры внутренней работы компании и отношений с клиентами. PELCO стала ежегодным призером на международных выставках, а в 1992 году признана мировым лидером в CCTV. Сегодня, компания имеет 4500 дилеров в более чем 130 странах мира, а количество оснащенных объектов &mdash; более 400 000! PELCO выпускает все виды оборудования для CCTV, от традиционных аналоговых до современных сетевых (IP) систем видеонаблюдения, поддерживающих высокое разрешение (HD) видеоизображений. В настоящее время номенклатура выпускаемых устройств насчитывает более 5500 наименований. Оборудование отличается высоким качеством и высокой надежностью. Оборудование предназначено для создания систем видеонаблюдения любой сложности от самых простых до самых сложных. Совместимость оборудования достигается благодаря использованию единых протоколов взаимодействия. Оборудование может использоваться совместно с оборудованием других производителей. Продукция Pelco &mdash; это оптимальное соотношение цена/качество. Компания Pelco является производителем таких известных линеек оборудования, как Spectra&reg;, Esprit&reg;, ExSite&reg;, Camclosure&reg;, Endura&reg;, Sarix&reg; и Digital Sentry&reg;.</p>'),(166,28,'en','title',NULL),(167,28,'en','short_description',NULL),(168,28,'en','description',NULL),(169,29,'ru','title','SIEMENS'),(170,29,'ru','short_description',NULL),(171,29,'ru','description',NULL),(172,29,'en','title',NULL),(173,29,'en','short_description',NULL),(174,29,'en','description',NULL),(175,30,'ru','title','Schneider Electric'),(176,30,'ru','short_description',NULL),(177,30,'ru','description',NULL),(178,30,'en','title',NULL),(179,30,'en','short_description',NULL),(180,30,'en','description',NULL),(181,31,'ru','title','TREND by Honeywell'),(182,31,'ru','short_description',NULL),(183,31,'ru','description',NULL),(184,31,'en','title',NULL),(185,31,'en','short_description',NULL),(186,31,'en','description',NULL),(187,32,'ru','title','Centra Line by Honeywell'),(188,32,'ru','short_description',NULL),(189,32,'ru','description',NULL),(190,32,'en','title',NULL),(191,32,'en','short_description',NULL),(192,32,'en','description',NULL),(193,33,'ru','title','TAC'),(194,33,'ru','short_description',NULL),(195,33,'ru','description',NULL),(196,33,'en','title',NULL),(197,33,'en','short_description',NULL),(198,33,'en','description',NULL);
/*!40000 ALTER TABLE `catalog_translations` ENABLE KEYS */;
UNLOCK TABLES;

--
-- Table structure for table `catalog_type`
--

DROP TABLE IF EXISTS `catalog_type`;
/*!40101 SET @saved_cs_client     = @@character_set_client */;
/*!40101 SET character_set_client = utf8 */;
CREATE TABLE `catalog_type` (
  `id` int(11) NOT NULL AUTO_INCREMENT,
  `alias` varchar(100) COLLATE utf8_unicode_ci DEFAULT NULL,
  `name` varchar(100) COLLATE utf8_unicode_ci DEFAULT NULL,
  PRIMARY KEY (`id`)
) ENGINE=InnoDB AUTO_INCREMENT=3 DEFAULT CHARSET=utf8 COLLATE=utf8_unicode_ci;
/*!40101 SET character_set_client = @saved_cs_client */;

--
-- Dumping data for table `catalog_type`
--

LOCK TABLES `catalog_type` WRITE;
/*!40000 ALTER TABLE `catalog_type` DISABLE KEYS */;
INSERT INTO `catalog_type` VALUES (1,'heading','Рубрика'),(2,'content','Контент');
/*!40000 ALTER TABLE `catalog_type` ENABLE KEYS */;
UNLOCK TABLES;

--
-- Table structure for table `catalog_type_translations`
--

DROP TABLE IF EXISTS `catalog_type_translations`;
/*!40101 SET @saved_cs_client     = @@character_set_client */;
/*!40101 SET character_set_client = utf8 */;
CREATE TABLE `catalog_type_translations` (
  `id` int(11) NOT NULL AUTO_INCREMENT,
  `object_id` int(11) DEFAULT NULL,
  `locale` varchar(8) COLLATE utf8_unicode_ci NOT NULL,
  `field` varchar(32) COLLATE utf8_unicode_ci NOT NULL,
  `content` longtext COLLATE utf8_unicode_ci,
  PRIMARY KEY (`id`),
  UNIQUE KEY `lookup_unique_idx` (`locale`,`object_id`,`field`),
  KEY `IDX_11B70622232D562B` (`object_id`),
  CONSTRAINT `FK_11B70622232D562B` FOREIGN KEY (`object_id`) REFERENCES `catalog_type` (`id`) ON DELETE CASCADE
) ENGINE=InnoDB DEFAULT CHARSET=utf8 COLLATE=utf8_unicode_ci;
/*!40101 SET character_set_client = @saved_cs_client */;

--
-- Dumping data for table `catalog_type_translations`
--

LOCK TABLES `catalog_type_translations` WRITE;
/*!40000 ALTER TABLE `catalog_type_translations` DISABLE KEYS */;
/*!40000 ALTER TABLE `catalog_type_translations` ENABLE KEYS */;
UNLOCK TABLES;

--
-- Table structure for table `catalog_webitem`
--

DROP TABLE IF EXISTS `catalog_webitem`;
/*!40101 SET @saved_cs_client     = @@character_set_client */;
/*!40101 SET character_set_client = utf8 */;
CREATE TABLE `catalog_webitem` (
  `catalog_id` int(11) NOT NULL,
  `webitem_id` int(11) NOT NULL,
  PRIMARY KEY (`catalog_id`,`webitem_id`),
  KEY `IDX_3E858C31CC3C66FC` (`catalog_id`),
  KEY `IDX_3E858C31FC26189A` (`webitem_id`),
  CONSTRAINT `FK_3E858C31CC3C66FC` FOREIGN KEY (`catalog_id`) REFERENCES `catalog` (`id`) ON DELETE CASCADE,
  CONSTRAINT `FK_3E858C31FC26189A` FOREIGN KEY (`webitem_id`) REFERENCES `web_item` (`id`) ON DELETE CASCADE
) ENGINE=InnoDB DEFAULT CHARSET=utf8 COLLATE=utf8_unicode_ci;
/*!40101 SET character_set_client = @saved_cs_client */;

--
-- Dumping data for table `catalog_webitem`
--

LOCK TABLES `catalog_webitem` WRITE;
/*!40000 ALTER TABLE `catalog_webitem` DISABLE KEYS */;
/*!40000 ALTER TABLE `catalog_webitem` ENABLE KEYS */;
UNLOCK TABLES;

--
-- Table structure for table `content`
--

DROP TABLE IF EXISTS `content`;
/*!40101 SET @saved_cs_client     = @@character_set_client */;
/*!40101 SET character_set_client = utf8 */;
CREATE TABLE `content` (
  `id` int(11) NOT NULL AUTO_INCREMENT,
  `title` varchar(100) COLLATE utf8_unicode_ci DEFAULT NULL,
  `alias` varchar(100) COLLATE utf8_unicode_ci NOT NULL,
  `content` longtext COLLATE utf8_unicode_ci,
  `is_active` tinyint(1) DEFAULT NULL,
  `layout_id` int(11) DEFAULT NULL,
  PRIMARY KEY (`id`),
  UNIQUE KEY `UNIQ_FEC530A9E16C6B94` (`alias`),
  KEY `IDX_FEC530A98C22AA1A` (`layout_id`),
  CONSTRAINT `FK_FEC530A98C22AA1A` FOREIGN KEY (`layout_id`) REFERENCES `layout` (`id`) ON DELETE CASCADE
) ENGINE=InnoDB AUTO_INCREMENT=31 DEFAULT CHARSET=utf8 COLLATE=utf8_unicode_ci;
/*!40101 SET character_set_client = @saved_cs_client */;

--
-- Dumping data for table `content`
--

LOCK TABLES `content` WRITE;
/*!40000 ALTER TABLE `content` DISABLE KEYS */;
INSERT INTO `content` VALUES (1,NULL,'homepage',NULL,1,NULL),(2,NULL,'integration',NULL,1,5),(3,NULL,'distribution',NULL,1,5),(4,NULL,'service',NULL,1,5),(5,NULL,'projects',NULL,1,NULL),(6,NULL,'company',NULL,1,NULL),(7,NULL,'contacts',NULL,1,5),(8,NULL,'certificate',NULL,1,NULL),(9,NULL,'vacancies',NULL,1,NULL),(10,NULL,'wifinder',NULL,1,NULL),(11,NULL,'management',NULL,1,NULL),(12,NULL,'license',NULL,1,NULL),(13,NULL,'article',NULL,1,NULL),(14,NULL,'podderzgka',NULL,1,1),(15,NULL,'garantii',NULL,1,NULL),(16,NULL,'integration-article',NULL,1,1),(17,NULL,'obuchenie',NULL,1,NULL),(18,NULL,'Apollo_seminar',NULL,1,NULL),(19,NULL,'LyriX_seminar',NULL,1,NULL),(20,NULL,'sale_esser_by_honeywell',NULL,1,1),(21,NULL,'buy_esser_by_honeywell',NULL,1,NULL),(22,NULL,'confirmed_mail',NULL,1,1),(23,NULL,'katalogi',NULL,1,6),(24,NULL,'prezentacii',NULL,1,1),(25,NULL,'resheniya',NULL,1,1),(26,'Ваша заявка принята','sale_esser_by_honeywell_created','<p>Скоро с Вами свяжется наш специолист.</p>',1,1),(27,'СИСТЕМА УПРАВЛЕНИЯ ЭВАКУАЦИЕЙ','stagetec_pantura','<p >PANTURA &ndash; современнейшая система оповещения и управления эвакуацией, производимая SALZBRENNER STAGETEC MEDIAGROUP &ndash; мощной группой из трех компаний, чья штаб-квартира расположена в Буттенхайме (Германия). Имея подразделения, ответственные за разработку оборудования, его интеграцию и дистрибуцию профессиональных аудио-, видео- и интеркомных технологий, SALZBRENNER STAGETEC MEDIAGROUP без преувеличения может покрывать все аспекты деятельности. Имеющийся богатейший опыт в области систем вещания превратил нас в одного из ведущих поставщиков инсталляционных систем любого размера и для любого бюджета.</p>\r\n\r\n<p><strong>Инновации делают мир теснее:</strong>&nbsp;PANTURA &ndash; интеллектуальная, профессиональная система для любого применения &ndash; адресного оповещения, публичного вещания, управления, мониторинга и экстренного оповещения &ndash; простая в эксплуатации, масштабируемая, воплотившая свежие и важные идеи, обеспечивающие безопасность.</p>\r\n\r\n<h2>Безопасность класса High-End</h2>\r\n\r\n<p><strong>PANTURA делает больше чем просто добавляет радости к жизни:</strong>&nbsp;одна из ее сильных сторон &ndash; несомненно то, что она обеспечивает безопасность людей в помещении. Оперативные оповещения, аварийные вызовы и (в случае наличия опасности) эвакуационные оповещения будут слышны в каждом углу помещения.</p>\r\n\r\n<h2>Гарантия безопасности &ndash; в соответствии с EN 60849</h2>\r\n\r\n<p>Система эвакуации должна функционировать. Всегда! От нее зависит безопасность людей в случае возникновения экстренной ситуации.</p><p>\r\nСледовательно, в соответствии с&nbsp;<strong>EN 60849</strong>, система PANTURA обеспечивает стандарт безопасности и ориентируется на линию европейских стандартов EN 54-16.</p>',1,NULL),(28,'Программа лояльности i-Surprise','i-surprise',NULL,1,1),(29,'Программы лояльности i-Surprise!','registration_loyalty_program','<p style=\"margin: 0px 0px 10px; color: rgb(52, 52, 52); font-family: \'Helvetica Neue\', Helvetica, Arial, sans-serif; line-height: 20px;\">С 1 февраля 2014 года стартовала программа лояльности i-Surprise.<br />\r\n<strong>i-Surprise</strong>&nbsp;- это новые возможности для наших клиентов.<br />\r\nВы получаете подарки и бонусы за совершённые покупки.</p>\r\n\r\n<p style=\"margin: 0px 0px 10px; color: rgb(52, 52, 52); font-family: \'Helvetica Neue\', Helvetica, Arial, sans-serif; line-height: 20px;\">Вы можете стать участником Программы прямо сейчас.<br />\r\nЭто легко!</p>',1,1),(30,'Ваша заявка принята','registration_loyalty_program_created','<p>Ваша заявка принята. В ближайшее время наши сотрудники свяжутся с Вами.</p>',1,1);
/*!40000 ALTER TABLE `content` ENABLE KEYS */;
UNLOCK TABLES;

--
-- Table structure for table `content_meta`
--

DROP TABLE IF EXISTS `content_meta`;
/*!40101 SET @saved_cs_client     = @@character_set_client */;
/*!40101 SET character_set_client = utf8 */;
CREATE TABLE `content_meta` (
  `id` int(11) NOT NULL AUTO_INCREMENT,
  `content_id` int(11) NOT NULL,
  `meta_title` varchar(255) COLLATE utf8_unicode_ci DEFAULT NULL,
  `meta_keywords` varchar(255) COLLATE utf8_unicode_ci DEFAULT NULL,
  `meta_description` longtext COLLATE utf8_unicode_ci,
  PRIMARY KEY (`id`),
  UNIQUE KEY `UNIQ_1A90F9F084A0A3ED` (`content_id`),
  CONSTRAINT `FK_1A90F9F084A0A3ED` FOREIGN KEY (`content_id`) REFERENCES `content` (`id`)
) ENGINE=InnoDB AUTO_INCREMENT=31 DEFAULT CHARSET=utf8 COLLATE=utf8_unicode_ci;
/*!40101 SET character_set_client = @saved_cs_client */;

--
-- Dumping data for table `content_meta`
--

LOCK TABLES `content_meta` WRITE;
/*!40000 ALTER TABLE `content_meta` DISABLE KEYS */;
INSERT INTO `content_meta` VALUES (1,1,NULL,NULL,NULL),(2,2,NULL,NULL,NULL),(3,3,NULL,NULL,NULL),(4,4,NULL,NULL,NULL),(5,5,NULL,NULL,NULL),(6,6,NULL,NULL,NULL),(7,7,NULL,NULL,NULL),(8,8,NULL,NULL,NULL),(9,9,NULL,NULL,NULL),(10,10,NULL,NULL,NULL),(11,11,NULL,NULL,NULL),(12,12,NULL,NULL,NULL),(13,13,NULL,NULL,NULL),(14,14,NULL,NULL,NULL),(15,15,NULL,NULL,NULL),(16,16,NULL,NULL,NULL),(17,17,NULL,NULL,NULL),(18,18,NULL,NULL,NULL),(19,19,NULL,NULL,NULL),(20,20,NULL,NULL,NULL),(21,21,NULL,NULL,NULL),(22,22,NULL,NULL,NULL),(23,23,NULL,NULL,NULL),(24,24,NULL,NULL,NULL),(25,25,NULL,NULL,NULL),(26,26,NULL,NULL,NULL),(27,27,'СИСТЕМА УПРАВЛЕНИЯ ЭВАКУАЦИЕЙ - АДРЕСНОЕ ОПОВЕЩЕНИЕ – ПУБЛИЧНОЕ ВЕЩАНИЕ – УПРАВЛЕНИЕ – МОНИТОРИНГ – ЭКСТРЕННОЕ ОПОВЕЩЕНИЕ','система управления эвакуацией, адресное оповещение, публичное вещание,  управление, мониторинг, экстренное оповещение',NULL),(28,28,NULL,NULL,NULL),(29,29,NULL,NULL,NULL),(30,30,NULL,NULL,NULL);
/*!40000 ALTER TABLE `content_meta` ENABLE KEYS */;
UNLOCK TABLES;

--
-- Table structure for table `content_meta_translations`
--

DROP TABLE IF EXISTS `content_meta_translations`;
/*!40101 SET @saved_cs_client     = @@character_set_client */;
/*!40101 SET character_set_client = utf8 */;
CREATE TABLE `content_meta_translations` (
  `id` int(11) NOT NULL AUTO_INCREMENT,
  `object_id` int(11) DEFAULT NULL,
  `locale` varchar(8) COLLATE utf8_unicode_ci NOT NULL,
  `field` varchar(32) COLLATE utf8_unicode_ci NOT NULL,
  `content` longtext COLLATE utf8_unicode_ci,
  PRIMARY KEY (`id`),
  UNIQUE KEY `lookup_unique_idx` (`locale`,`object_id`,`field`),
  KEY `IDX_B6CDD54D232D562B` (`object_id`),
  CONSTRAINT `FK_B6CDD54D232D562B` FOREIGN KEY (`object_id`) REFERENCES `content_meta` (`id`) ON DELETE CASCADE
) ENGINE=InnoDB AUTO_INCREMENT=181 DEFAULT CHARSET=utf8 COLLATE=utf8_unicode_ci;
/*!40101 SET character_set_client = @saved_cs_client */;

--
-- Dumping data for table `content_meta_translations`
--

LOCK TABLES `content_meta_translations` WRITE;
/*!40000 ALTER TABLE `content_meta_translations` DISABLE KEYS */;
INSERT INTO `content_meta_translations` VALUES (1,1,'ru','meta_title','ООО ВАЙФАЙНДЕР - Дистрибьюция, Интеграция, Сервис. Автоматическая пожарная сигнализация, Охранная сигнализация, Системы видеонаблюдения, Системы автоматики, Системы оповещения.'),(2,1,'ru','meta_keywords','дистрибьюция, интеграция, сервис, автоматическая пожарная сигнализация, охранная сигнализация, системы видеонаблюдения, системы автоматики, системы оповещения, продажа пожарной сигнализации, монтаж пожарной сигнализации,  обслуживание пожарной сигнализаци'),(3,1,'ru','meta_description','ООО ВАЙФАЙНДЕР работает на рынке монтажа, поставок и обслуживания силовых и слаботочных систем зданий и сооружений с 2003 года. ДИСТРИБЬЮЦИЯ - прямые поставки оборудования: Автоматическая пожарная сигнализация; Системы оповещения; Охранная сигнализация; Системы видеонаблюдения; Системы автоматики; Система палатной сигнализации и связи.\r\nИНТЕГРАЦИЯ - проектирование, интеграция, монтаж оборудования, программирование и пусконаладочные работы на объекте для систем: противопожарной защиты; безопасности; телекоммуникации; электроснабжения.\r\nСЕРВИС -  обслуживание инженерных систем: оперативное, аварийное, профилактическое. Минимизация отказа работы оборудования и систем, продление сроков эксплуатации, устранение неисправностей, снижение расходов на эксплуатацию и обслуживание установок.'),(4,1,'en','meta_title',NULL),(5,1,'en','meta_keywords',NULL),(6,1,'en','meta_description',NULL),(7,2,'ru','meta_title',NULL),(8,2,'ru','meta_keywords',NULL),(9,2,'ru','meta_description',NULL),(10,2,'en','meta_title',NULL),(11,2,'en','meta_keywords',NULL),(12,2,'en','meta_description',NULL),(13,3,'ru','meta_title',NULL),(14,3,'ru','meta_keywords',NULL),(15,3,'ru','meta_description',NULL),(16,3,'en','meta_title',NULL),(17,3,'en','meta_keywords',NULL),(18,3,'en','meta_description',NULL),(19,4,'ru','meta_title',NULL),(20,4,'ru','meta_keywords',NULL),(21,4,'ru','meta_description',NULL),(22,4,'en','meta_title',NULL),(23,4,'en','meta_keywords',NULL),(24,4,'en','meta_description',NULL),(25,5,'ru','meta_title','ПРОЕКТЫ'),(26,5,'ru','meta_keywords',NULL),(27,5,'ru','meta_description',NULL),(28,5,'en','meta_title',NULL),(29,5,'en','meta_keywords',NULL),(30,5,'en','meta_description',NULL),(31,6,'ru','meta_title','ООО «ВАЙФАЙНДЕР» – ведущий системный интегратор в области силовых и слаботочных систем зданий и сооружений'),(32,6,'ru','meta_keywords','дистрибьюция, интеграция, сервис, автоматическая пожарная сигнализация, охранная сигнализация, системы видеонаблюдения, системы автоматики, системы оповещения, продажа пожарной сигнализации, монтаж пожарной сигнализации,  обслуживание пожарной сигнализаци'),(33,6,'ru','meta_description','ООО «ВАЙФАЙНДЕР» – ведущий системный интегратор в области силовых и слаботочных систем зданий и сооружений, предлагающий комплексные решения на базе оборудования известных мировых брендов.'),(34,6,'en','meta_title',NULL),(35,6,'en','meta_keywords',NULL),(36,6,'en','meta_description',NULL),(37,7,'ru','meta_title','КОНТАКТЫ ООО \"ВАЙФАЙНДЕР\"'),(38,7,'ru','meta_keywords','контакты ооо \"вайфайндер\", телефоны отдела дистрибьюции,  телефоны отдела интеграции, телефоны отдела сервисного обслуживания'),(39,7,'ru','meta_description','Контакты ООО \"ВАЙФАЙНДЕР\" как с нами связаться, как нас найти на карте, наш адрес: м. «Сокольники»,\r\nул. Сокольнический Вал,\r\nдом 1А, 4й этаж, город Москва. Телефон:+7 495 509-30-07,\r\nФакс:+7 495 509-30-07,\r\nПочта: info@wifinder.biz'),(40,7,'en','meta_title',NULL),(41,7,'en','meta_keywords',NULL),(42,7,'en','meta_description',NULL),(43,8,'ru','meta_title',NULL),(44,8,'ru','meta_keywords',NULL),(45,8,'ru','meta_description',NULL),(46,8,'en','meta_title',NULL),(47,8,'en','meta_keywords',NULL),(48,8,'en','meta_description',NULL),(49,9,'ru','meta_title',NULL),(50,9,'ru','meta_keywords',NULL),(51,9,'ru','meta_description',NULL),(52,9,'en','meta_title',NULL),(53,9,'en','meta_keywords',NULL),(54,9,'en','meta_description',NULL),(55,10,'ru','meta_title',NULL),(56,10,'ru','meta_keywords',NULL),(57,10,'ru','meta_description',NULL),(58,10,'en','meta_title',NULL),(59,10,'en','meta_keywords',NULL),(60,10,'en','meta_description',NULL),(61,11,'ru','meta_title',NULL),(62,11,'ru','meta_keywords',NULL),(63,11,'ru','meta_description',NULL),(64,11,'en','meta_title',NULL),(65,11,'en','meta_keywords',NULL),(66,11,'en','meta_description',NULL),(67,12,'ru','meta_title',NULL),(68,12,'ru','meta_keywords',NULL),(69,12,'ru','meta_description',NULL),(70,12,'en','meta_title',NULL),(71,12,'en','meta_keywords',NULL),(72,12,'en','meta_description',NULL),(73,13,'ru','meta_title',NULL),(74,13,'ru','meta_keywords',NULL),(75,13,'ru','meta_description',NULL),(76,13,'en','meta_title',NULL),(77,13,'en','meta_keywords',NULL),(78,13,'en','meta_description',NULL),(79,14,'ru','meta_title','ПОДДЕРЖКА'),(80,14,'ru','meta_keywords',NULL),(81,14,'ru','meta_description',NULL),(82,14,'en','meta_title',NULL),(83,14,'en','meta_keywords',NULL),(84,14,'en','meta_description',NULL),(85,15,'ru','meta_title',NULL),(86,15,'ru','meta_keywords',NULL),(87,15,'ru','meta_description',NULL),(88,15,'en','meta_title',NULL),(89,15,'en','meta_keywords',NULL),(90,15,'en','meta_description',NULL),(91,16,'ru','meta_title',NULL),(92,16,'ru','meta_keywords',NULL),(93,16,'ru','meta_description',NULL),(94,16,'en','meta_title',NULL),(95,16,'en','meta_keywords',NULL),(96,16,'en','meta_description',NULL),(97,17,'ru','meta_title',NULL),(98,17,'ru','meta_keywords',NULL),(99,17,'ru','meta_description',NULL),(100,17,'en','meta_title',NULL),(101,17,'en','meta_keywords',NULL),(102,17,'en','meta_description',NULL),(103,18,'ru','meta_title',NULL),(104,18,'ru','meta_keywords',NULL),(105,18,'ru','meta_description',NULL),(106,18,'en','meta_title',NULL),(107,18,'en','meta_keywords',NULL),(108,18,'en','meta_description',NULL),(109,19,'ru','meta_title',NULL),(110,19,'ru','meta_keywords',NULL),(111,19,'ru','meta_description',NULL),(112,19,'en','meta_title',NULL),(113,19,'en','meta_keywords',NULL),(114,19,'en','meta_description',NULL),(115,20,'ru','meta_title','Купить оборудование системы пожарной сигнализации ESSER by Honeywell'),(116,20,'ru','meta_keywords','системы пожарной сигнализации ESSER by Honeywell, оборудование ESSER, пожарная сигнализация'),(117,20,'ru','meta_description','Купить системы пожарной сигнализации ESSER by Honeywell Вы можете у официального дистрибьютора фирмы ESSER в России\r\nи странах СНГ -  ООО \"ВАЙФАЙНДЕР\".'),(118,20,'en','meta_title',NULL),(119,20,'en','meta_keywords',NULL),(120,20,'en','meta_description',NULL),(121,21,'ru','meta_title','Купить оборудования Esser by Honeywell'),(122,21,'ru','meta_keywords',NULL),(123,21,'ru','meta_description','Купить оборудования Esser by Honeywell'),(124,21,'en','meta_title',NULL),(125,21,'en','meta_keywords',NULL),(126,21,'en','meta_description',NULL),(127,22,'ru','meta_title',NULL),(128,22,'ru','meta_keywords',NULL),(129,22,'ru','meta_description',NULL),(130,22,'en','meta_title',NULL),(131,22,'en','meta_keywords',NULL),(132,22,'en','meta_description',NULL),(133,23,'ru','meta_title',NULL),(134,23,'ru','meta_keywords',NULL),(135,23,'ru','meta_description',NULL),(136,23,'en','meta_title',NULL),(137,23,'en','meta_keywords',NULL),(138,23,'en','meta_description',NULL),(139,24,'ru','meta_title',NULL),(140,24,'ru','meta_keywords',NULL),(141,24,'ru','meta_description',NULL),(142,24,'en','meta_title',NULL),(143,24,'en','meta_keywords',NULL),(144,24,'en','meta_description',NULL),(145,25,'ru','meta_title',NULL),(146,25,'ru','meta_keywords',NULL),(147,25,'ru','meta_description',NULL),(148,25,'en','meta_title',NULL),(149,25,'en','meta_keywords',NULL),(150,25,'en','meta_description',NULL),(151,26,'ru','meta_title',NULL),(152,26,'ru','meta_keywords',NULL),(153,26,'ru','meta_description',NULL),(154,26,'en','meta_title',NULL),(155,26,'en','meta_keywords',NULL),(156,26,'en','meta_description',NULL),(157,27,'ru','meta_title','СИСТЕМА УПРАВЛЕНИЯ ЭВАКУАЦИЕЙ - АДРЕСНОЕ ОПОВЕЩЕНИЕ – ПУБЛИЧНОЕ ВЕЩАНИЕ – УПРАВЛЕНИЕ – МОНИТОРИНГ – ЭКСТРЕННОЕ ОПОВЕЩЕНИЕ'),(158,27,'ru','meta_keywords','система управления эвакуацией, адресное оповещение, публичное вещание,  управление, мониторинг, экстренное оповещение'),(159,27,'ru','meta_description',NULL),(160,27,'en','meta_title',NULL),(161,27,'en','meta_keywords',NULL),(162,27,'en','meta_description',NULL),(163,28,'ru','meta_title',NULL),(164,28,'ru','meta_keywords',NULL),(165,28,'ru','meta_description',NULL),(166,28,'en','meta_title',NULL),(167,28,'en','meta_keywords',NULL),(168,28,'en','meta_description',NULL),(169,29,'ru','meta_title',NULL),(170,29,'ru','meta_keywords',NULL),(171,29,'ru','meta_description',NULL),(172,29,'en','meta_title',NULL),(173,29,'en','meta_keywords',NULL),(174,29,'en','meta_description',NULL),(175,30,'ru','meta_title',NULL),(176,30,'ru','meta_keywords',NULL),(177,30,'ru','meta_description',NULL),(178,30,'en','meta_title',NULL),(179,30,'en','meta_keywords',NULL),(180,30,'en','meta_description',NULL);
/*!40000 ALTER TABLE `content_meta_translations` ENABLE KEYS */;
UNLOCK TABLES;

--
-- Table structure for table `content_translations`
--

DROP TABLE IF EXISTS `content_translations`;
/*!40101 SET @saved_cs_client     = @@character_set_client */;
/*!40101 SET character_set_client = utf8 */;
CREATE TABLE `content_translations` (
  `id` int(11) NOT NULL AUTO_INCREMENT,
  `object_id` int(11) DEFAULT NULL,
  `locale` varchar(8) COLLATE utf8_unicode_ci NOT NULL,
  `field` varchar(32) COLLATE utf8_unicode_ci NOT NULL,
  `content` longtext COLLATE utf8_unicode_ci,
  PRIMARY KEY (`id`),
  UNIQUE KEY `lookup_unique_idx` (`locale`,`object_id`,`field`),
  KEY `IDX_C23FD638232D562B` (`object_id`),
  CONSTRAINT `FK_C23FD638232D562B` FOREIGN KEY (`object_id`) REFERENCES `content` (`id`) ON DELETE CASCADE
) ENGINE=InnoDB AUTO_INCREMENT=121 DEFAULT CHARSET=utf8 COLLATE=utf8_unicode_ci;
/*!40101 SET character_set_client = @saved_cs_client */;

--
-- Dumping data for table `content_translations`
--

LOCK TABLES `content_translations` WRITE;
/*!40000 ALTER TABLE `content_translations` DISABLE KEYS */;
INSERT INTO `content_translations` VALUES (1,1,'ru','title','Главная'),(2,1,'ru','content','<div class=\"span4\">\r\n<h2><a href=\"/distribution\">ДИСТРИБЬЮЦИЯ</a></h2>\r\n<span>Прямые поставки оборудования:</span>\r\n\r\n<ul>\r\n	<li>Автоматическая пожарная сигнализация;</li>\r\n	<li>Системы оповещения;</li>\r\n	<li>Охранная сигнализация;</li>\r\n	<li>Системы видеонаблюдения;</li>\r\n	<li>Системы автоматики;</li>\r\n	<li>Палатная связь.</li>\r\n</ul>\r\n</div>\r\n\r\n<div class=\"span4\">\r\n<h2><a href=\"/integration\">ИНТЕГРАЦИЯ</a></h2>\r\n<span>Проектирование, интеграция, монтаж оборудования, программирование и пусконаладочные работы на объекте для систем:</span>\r\n\r\n<ul>\r\n	<li>противопожарной защиты;</li>\r\n	<li>безопасности;</li>\r\n	<li>телекоммуникации;</li>\r\n	<li>электроснабжения.</li>\r\n</ul>\r\n</div>\r\n\r\n<div class=\"span4\">\r\n<h2><a href=\"/service\">СЕРВИС</a></h2>\r\n\r\n<p>Обслуживание инженерных систем: оперативное, аварийное, профилактическое. Минимизация отказа работы оборудования и систем, продление сроков эксплуатации, устранение неисправностей, снижение расходов на эксплуатацию и обслуживание установок.</p>\r\n</div>\r\n\r\n<div class=\"clear\">&nbsp;</div>\r\n\r\n<div style=\"float:left; width:33%; text-align: right\"><a href=\"/catalog/brands\" style=\"text-align: right;\">Выбрать оборудование &raquo;</a></div>\r\n\r\n<div style=\"float:left; width:33%; text-align: right\"><a href=\"/integration#order\" style=\"text-align: right;\">Заказать проект &raquo;</a></div>\r\n\r\n<div style=\"float:left; width:33%; text-align: right\"><a href=\"/service#order\" style=\"text-align: right;\">Заказать обслуживание &raquo;</a></div>\r\n\r\n<div class=\"clear\" style=\"margin-bottom: 30px;\">&nbsp;</div>'),(3,1,'en','title','Main page'),(4,1,'en','content','<div class=\"span4\">\r\n<h2><a href=\"/distribution\">ДИСТРИБЬЮЦИЯ</a></h2>\r\n\r\n<p>ООО &laquo;ВАЙФАЙНДЕР&raquo; является авторизованным партнером, официальным дистрибьютором и инсталлятором оборудования фирм: ESSER by Honeywell, Apollo, Schrack Seconet, Securiton, Honeywell, General Electric, &laquo;Болид&raquo;, &laquo;Рубеж&raquo;, HoneywellSecurity, Dallmeier, GEUTEBR&Uuml;CK, VERNIT, SIEMENS, TREND by Honeywell, Theben, TAC, Ackermann clino, Legrand.</p>\r\n\r\n<p>Эти компании признаны во всем мире как ведущие в сфере охранной и противопожарной безопасности, видеонаблюдения и контроля доступа.</p>\r\n\r\n<p style=\"text-align: right;\"><a href=\"#\">Выбрать оборудование &raquo;</a></p>\r\n</div>\r\n\r\n<div class=\"span4\">\r\n<h2><a href=\"/integration\">ИНТЕГРАЦИЯ</a></h2>\r\n\r\n<p>В рамках интеграции инженерных систем в единый комплекс для эффективного управления ООО &laquo;ВАЙФАЙНДЕР&raquo; выполняет:</p>\r\n\r\n<ul>\r\n	<li>предпроектное исследование;</li>\r\n	<li>проектирование;</li>\r\n	<li>монтаж оборудования;</li>\r\n	<li>пусконаладочные работы;</li>\r\n	<li>программирование.</li>\r\n</ul>\r\n\r\n<p>Мы работаем со следующими системами:</p>\r\n\r\n<ul>\r\n	<li>Противопожарной защиты</li>\r\n	<li>Систем безопасности</li>\r\n	<li>Телекоммуникационных систем</li>\r\n</ul>\r\n\r\n<p style=\"text-align: right;\"><a href=\"#\">Заказать проект &raquo;</a></p>\r\n</div>\r\n\r\n<div class=\"span4\">\r\n<h2><a href=\"/service\">СЕРВИС</a></h2>\r\n\r\n<p>Инженерные системы, спроектированные и установленные компанией &laquo;ВАЙФАЙНДЕР&raquo; - это сложные, требующие обязательного технического обслуживания объекты.</p>\r\n\r\n<p>Мы предлагаем комплексное обслуживание всех инженерных систем зданий и сооружений: оперативное, аварийное, профилактическое. Сервисное обслуживание направлено на минимизацию отказа работы оборудования и систем в целом, продление сроков эксплуатации, оперативное устранение возникающих неисправностей, снижение расходов на эксплуатацию и обслуживание установок.</p>\r\n\r\n<p style=\"text-align: right;\"><a href=\"#\">Заказать обслуживание &raquo;</a></p>\r\n</div>'),(5,2,'ru','title','ИНТЕГРАЦИЯ'),(6,2,'ru','content','<div class=\"row-fluid\">\r\n<div class=\"span2\"><span class=\"text_orange\"><a id=\"order\" name=\"order\"></a>ВЫ<br />\r\nПОЛУЧАЕТЕ<br />\r\nПОЛНЫЙ<br />\r\nКОМПЛЕКС<br />\r\nРАБОТ И УСЛУГ </span></div>\r\n\r\n<div class=\"span10\">\r\n<h1>ИНТЕГРАЦИЯ</h1>\r\n\r\n<p>Вам нужен комплекс управления инженерными инфраструктурами зданий и сооружений?</p>\r\n\r\n<p>Анализ ситуации, планирование, выбор оборудования, проектирование, организация, контроль сроков, сдача объекта&hellip; лавинообразно растет количество работ при создании инженерных инфраструктур. Чтобы заботы не поглотили все Ваше время, используйте возможности специалистов компании &laquo;ВАЙФАЙНДЕР&raquo;.</p>\r\n\r\n<p>Для Вас мы создаем оптимальное технологическое решение, исходя из Ваших пожеланий и задач.</p>\r\n\r\n<p>В рамках интеграции инженерных систем в единый комплекс для эффективного управления&nbsp;&laquo;ВАЙФАЙНДЕР&raquo; выполняет:</p>\r\n\r\n<ul>\r\n	<li>предпроектное исследование;</li>\r\n	<li>проектирование;</li>\r\n	<li>монтаж оборудования;</li>\r\n	<li>пусконаладочные работы;</li>\r\n	<li>программирование.</li>\r\n</ul>\r\n\r\n<p>&nbsp;</p>\r\n\r\n<p>Мы работаем со следующими системами:</p>\r\n\r\n<ul>\r\n	<li>противопожарной защиты;</li>\r\n	<li>систем безопасности;</li>\r\n	<li>телекоммуникационных систем;</li>\r\n	<li>вентиляции, кондиционирования, холодоснабжения;</li>\r\n	<li>системы отопления и теплоснабжения;</li>\r\n	<li>водопровода и канализации;</li>\r\n	<li>электроснабжения.</li>\r\n</ul>\r\n\r\n<p>&nbsp;</p>\r\n\r\n<p class=\"text_orange\">МЫ ГАРАНТИРУЕМ ВАМ КАЧЕСТВО ВЫПОЛНЕННЫХ РАБОТ И ЧЕТКОЕ СОБЛЮДЕНИЕ СРОКОВ.</p>\r\n\r\n<p>&nbsp;</p>\r\n\r\n<div class=\"button_comm\">\r\n<div><a data-toggle=\"modal\" href=\"#callbackModal\" role=\"button\">Заказать коммерческое предложение</a></div>\r\n</div>\r\n\r\n<p>&nbsp;</p>\r\n\r\n<p>&nbsp;</p>\r\n\r\n<p>&nbsp;</p>\r\n</div>\r\n</div>'),(7,2,'en','title','INTEGRATION'),(8,2,'en','content','<div class=\"row-fluid\">\r\n<div class=\"span2\"><span class=\"text_orange\">ВЫ<br />\r\nПОЛУЧАЕТЕ<br />\r\nПОЛНЫЙ<br />\r\nКОМПЛЕКС<br />\r\nРАБОТ И УСЛУГ </span></div>\r\n\r\n<div class=\"span10\">\r\n<h1>NTEGRATION</h1>\r\n\r\n<p>Вам нужен комплекс управления инженерными инфраструктурами зданий и сооружений?</p>\r\n\r\n<p>Анализ ситуации, планирование, выбор оборудования, проектирование, организация, контроль сроков, сдача объекта&hellip; лавинообразно растет количество работ при создании инженерных инфраструктур. Чтобы заботы не поглотили все Ваше время, используйте возможности специалистов компании &laquo;ВАЙФАЙНДЕР&raquo;.</p>\r\n\r\n<p>Для Вас мы создаем оптимальное технологическое решение, исходя из Ваших пожеланий и задач.</p>\r\n\r\n<p>В рамках интеграции инженерных систем в единый комплекс для эффективного управления ООО &laquo;ВАЙФАЙНДЕР&raquo; выполняет:</p>\r\n\r\n<ul>\r\n	<li>предпроектное исследование;</li>\r\n	<li>проектирование;</li>\r\n	<li>монтаж оборудования;</li>\r\n	<li>пусконаладочные работы;</li>\r\n	<li>программирование.</li>\r\n</ul>\r\n\r\n<p>&nbsp;</p>\r\n\r\n<p>Мы работаем со следующими системами:</p>\r\n\r\n<ul>\r\n	<li>Противопожарной защиты;</li>\r\n	<li>Систем безопасности;</li>\r\n	<li>Телекоммуникационных систем;</li>\r\n	<li>Вентиляции, кондиционирования, холодоснабжения;</li>\r\n	<li>Системы отопления и теплоснабжения;</li>\r\n	<li>Водопровода и канализации;</li>\r\n	<li>Электроснабжения.</li>\r\n</ul>\r\n\r\n<p>&nbsp;</p>\r\n\r\n<h2>МЫ ГАРАНТИРУЕМ ВАМ КАЧЕСТВО ВЫПОЛНЕННЫХ РАБОТ И ЧЕТКОЕ СОБЛЮДЕНИЕ СРОКОВ.</h2>\r\n\r\n<p>&nbsp;</p>\r\n\r\n<div class=\"button_comm\">\r\n<div><a href=\"#\">Заказать коммерческое предложени</a></div>\r\n</div>\r\n\r\n<p>&nbsp;</p>\r\n\r\n<p>&nbsp;</p>\r\n\r\n<p>&nbsp;</p>\r\n</div>\r\n</div>'),(9,3,'ru','title','ДИСТРИБЬЮЦИЯ'),(10,3,'ru','content','<div class=\"row-fluid\">\r\n<div class=\"span2\"><span class=\"text_orange\">ВАШЕ ВРЕМЯ -<br />\r\nВАШЕМУ<br />\r\nБИЗНЕСУ! </span></div>\r\n\r\n<div class=\"span10\">\r\n<h1>ДИСТРИБЬЮЦИЯ</h1>\r\n\r\n<p>Современный рынок оборудования для инженерных систем насыщен производителями и поставщиками. Вы можете разобраться в изобилии предложений, стать экспертом и выбрать наилучшее самостоятельно.<br />\r\nНо сколько драгоценного времени Вы на это потратите?</p>\r\n\r\n<p><strong>Время &ndash; невосполнимый ресурс!</strong><br />\r\n<strong>Сохраните его для решения задач Вашего бизнеса.</strong><br />\r\n<strong>Воспользуйтесь преимуществом от сотрудничества с профессионалами.</strong></p>\r\n\r\n<p>ООО &laquo;ВАЙФАЙНДЕР&raquo; является авторизованным партнером, официальным дистрибьютором и инсталлятором следующих систем: <strong>Автоматическая пожарная сигнализация</strong> - <a href=\"/catalog/automatic_fire_alarm_system/esser-by-honeywell\">ESSER by Honeywell</a>, <a href=\"/catalog/automatic_fire_alarm_system/apollo\">Apollo</a>, <a href=\"/catalog/automatic_fire_alarm_system/schrack_seconet\">Schrack Seconet</a>, <a href=\"/catalog/automatic_fire_alarm_system/ESMI\">ESMI</a>, <a href=\"/catalog/automatic_fire_alarm_system/SIEMENS\">SIEMENS</a>; <strong>Системы оповещения</strong> &ndash; <a href=\"/catalog/warning_systems/variodyn-d1\">VARIODYN D1</a>, <a href=\"/catalog/warning_systems/toa\">TOA</a>; <strong>Охранная сигнализация</strong> - <a href=\"/catalog/security_system/Honeywell_Security\">Honeywell Security</a>, <a href=\"/catalog/security_system/Apollo_Security\">Apollo Security</a>; <strong>Системы видеонаблюдения</strong> - <a href=\"http://www.wifinder.biz/catalog/CCTV_system/dallmeier\">Dallmeier</a>, <a href=\"/catalog/CCTV_system/GEUTEBRUCK\">GEUTEBR&Uuml;CK</a>, <a href=\"/catalog/CCTV_system/VERINT\">VERINT</a>, <a href=\"/catalog/CCTV_system/Pelco\">Pelco</a>; <strong>Системы автоматики</strong> - <a href=\"/catalog/automation_systems/SIEMENS_as\">SIEMENS</a>, <a href=\"/catalog/automation_systems/Schneider_Electric\">Schneider Electric</a>, <a href=\"/catalog/automation_systems/TREND_by_Honeywell\">TREND by Honeywell</a>, <a href=\"/catalog/automation_systems/Centra_Line_by_Honeywell\">Centra Line by Honeywell</a>, <a href=\"/catalog/automation_systems/TAC\">TAC</a>; <strong>Палатная связь</strong> - <a href=\"/catalog/ward_linkage/Ackermann_clino\">Ackermann clino</a>.</p>\r\n\r\n<p>Эти компании признаны во всем мире как ведущие в сфере охранной и противопожарной безопасности, видеонаблюдения и контроля доступа.</p>\r\n\r\n<p><strong>Ваши неоспоримые выгоды от сотрудничества:</strong></p>\r\n\r\n<ul>\r\n	<li>лучшие условия по срокам доставки и ценам;</li>\r\n	<li>послепродажное техническое сопровождение оборудования;</li>\r\n	<li>консультационная помощь Вашим проектировщикам, инженерам и программистам;</li>\r\n	<li>безусловная гарантия на всё оборудование.</li>\r\n</ul>\r\n\r\n<p>&nbsp;</p>\r\n\r\n<p class=\"text_orange\">ВЫ ЭКОНОМИТЕ ВРЕМЯ И СОВЕРШАЕТЕ ПОКУПКУ ОСОЗНАННО.</p>\r\n\r\n<p>&nbsp;</p>\r\n\r\n<p class=\"text_orange\">МЫ ГАРАНТИРУЕМ ВАМ ЭФФЕКТИВНОСТЬ КАПИТАЛОВЛОЖЕНИЙ И НАДЕЖНОСТЬ ОБОРУДОВАНИЯ.</p>\r\n\r\n<p>&nbsp;</p>\r\n\r\n<div class=\"button_comm\">\r\n<div><a data-toggle=\"modal\" href=\"#callbackModal\" role=\"button\">Заказать коммерческое предложение</a></div>\r\n</div>\r\n</div>\r\n</div>'),(11,3,'en','title','DISTRIBUTION'),(12,3,'en','content','<div class=\"row-fluid\">\r\n<div class=\"span2\"><span class=\"text_orange\">ВАШЕ ВРЕМЯ -<br />\r\nВАШЕМУ<br />\r\nБИЗНЕСУ! </span></div>\r\n\r\n<div class=\"span10\">\r\n<h1>DSTRIBUTION</h1>\r\n\r\n<p>Современный рынок оборудования для инженерных систем насыщен производителями и поставщиками. Вы можете разобраться в изобилии предложений, стать экспертом и выбрать наилучшее самостоятельно.<br />\r\nНо сколько драгоценного времени Вы на это потратите?</p>\r\n\r\n<p>Время &ndash; невосполнимый ресурс!<br />\r\nСохраните его для решения задач Вашего бизнеса.<br />\r\nВоспользуйтесь преимуществом от сотрудничества с профессионалами.</p>\r\n\r\n<p>ООО &laquo;ВАЙФАЙНДЕР&raquo; является авторизованным партнером, официальным дистрибьютором и инсталлятором оборудования фирм: ESSER by Honeywell, Apollo, Schrack Seconet, Securiton, Honeywell, General Electric, &laquo;Болид&raquo;, &laquo;Рубеж&raquo;, HoneywellSecurity, Dallmeier, GEUTEBR&Uuml;CK, VERNIT, SIEMENS, TREND by Honeywell, Theben, TAC, Ackermann clino, Legrand.</p>\r\n\r\n<p>Эти компании признаны во всем мире как ведущие в сфере охранной и противопожарной безопасности, видеонаблюдения и контроля доступа.</p>\r\n\r\n<p>Ваши неоспоримые выгоды от сотрудничества:</p>\r\n\r\n<ul>\r\n	<li>лучшие условия по срокам доставки и ценам;</li>\r\n	<li>послепродажное техническое сопровождение оборудования;</li>\r\n	<li>консультационная помощь Вашим проектировщикам, инженерам и программистам;</li>\r\n	<li>безусловная гарантия на всё оборудование.</li>\r\n</ul>\r\n\r\n<p>&nbsp;</p>\r\n\r\n<p class=\"text_orange\">ВЫ ЭКОНОМИТЕ ВРЕМЯ И СОВЕРШАЕТЕ ПОКУПКУ ОСОЗНАННО.</p>\r\n\r\n<p class=\"text_orange\">&nbsp;</p>\r\n\r\n<p class=\"text_orange\">МЫ ГАРАНТИРУЕМ ВАМ ЭФФЕКТИВНОСТЬ КАПИТАЛОВЛОЖЕНИЙ И НАДЕЖНОСТЬ ОБОРУДОВАНИЯ.</p>\r\n\r\n<p>&nbsp;</p>\r\n\r\n<div class=\"button_comm\">\r\n<div><a href=\"#\">Заказать коммерческое предложени</a></div>\r\n</div>\r\n\r\n<p>&nbsp;</p>\r\n\r\n<p>&nbsp;</p>\r\n\r\n<p>&nbsp;</p>\r\n\r\n<p>&nbsp;</p>\r\n\r\n<p>&nbsp;</p>\r\n</div>\r\n</div>'),(13,4,'ru','title','СЕРВИС'),(14,4,'ru','content','<div class=\"row-fluid\">\r\n<div class=\"span2\"><span class=\"text_orange\"><a id=\"order\" name=\"order\"></a>ВАШИ ИНЖЕНЕРНЫЕ СИСТЕМЫ РАБОТАЮТ БЕСПЕРЕБОЙНО</span></div>\r\n\r\n<div class=\"span10\">\r\n<h1>СЕРВИС</h1>\r\n\r\n<p>Инженерные системы, спроектированные и установленные компанией &laquo;ВАЙФАЙНДЕР&raquo; - это сложные, требующие обязательного технического обслуживания объекты.</p>\r\n\r\n<p>Мы предлагаем комплексное обслуживание всех инжеfнерных систем зданий и сооружений: оперативное, аварийное, профилактическое.</p>\r\n\r\n<p>Сервисное обслуживание направлено на минимизацию отказа работы оборудования и систем в целом, продление сроков эксплуатации, оперативное устранение возникающих неисправностей, снижение расходов на эксплуатацию и обслуживание установок.</p>\r\n\r\n<p>Техническую поддержку осуществляет высококвалифицированная команда инженеров.</p>\r\n\r\n<p>ООО &laquo;ВАЙФАЙНДЕР&raquo; оказывает сервисные услуги для следующих систем:</p>\r\n\r\n<ul>\r\n	<li>&nbsp;пожарная сигнализация;</li>\r\n	<li>&nbsp;охранная сигнализация и контроль доступа;</li>\r\n	<li>&nbsp;системы охранного видеонаблюдения;</li>\r\n	<li>&nbsp;автоматика;</li>\r\n	<li>&nbsp;вентиляция;</li>\r\n	<li>&nbsp;автоматическое водяное и газовое пожаротушение;</li>\r\n	<li>&nbsp;дымоудаление.</li>\r\n</ul>\r\n\r\n<p>&nbsp;</p>\r\n\r\n<p class=\"text_orange\">МЫ ГАРАНТИРУЕМ ВАМ ОПЕРАТИВНОСТЬ И ЧЕТКОСТЬ В ВЫПОЛНЕНИИ РАБОТ.</p>\r\n\r\n<p>&nbsp;</p>\r\n\r\n<div class=\"button_order\">\r\n<div><a data-toggle=\"modal\" href=\"#callbackModal\" role=\"button\">Заказать обслуживание объекта</a></div>\r\n</div>\r\n\r\n<div class=\"button_download\">\r\n<div><a href=\"/uploads/files/wifinder-service.doc\">Скачать договор на техническое обслуживание</a></div>\r\n</div>\r\n\r\n<p>&nbsp;</p>\r\n\r\n<p>&nbsp;</p>\r\n\r\n<p>Сервисный центр компании ВАЙФАЙНДЕР&nbsp;образован в 2008&nbsp;году для осуществления настройки, предпродажного и послепродажного сервиса и обслуживания систем безопасности.</p>\r\n\r\n<p>В задачи сервисного центра включены также техническая поддержка и консультирование партнеров компании по продукции торговых марок ESSER by Honeywell, Apollo, Schrack Seconet, ESMI, SIEMENS, VARIODYN, TOA, Honeywell Security, Apollo Security, Dallmeier, GEUTEBR&Uuml;CK, VERINT, Pelco, Schneider Electric, TREND by Honeywell, Centra Line by Honeywell, TAC, Ackermann clino.</p>\r\n\r\n<p>&nbsp;</p>\r\n</div>\r\n</div>'),(15,4,'en','title','SERVICE'),(16,4,'en','content','<div class=\"row-fluid\">\r\n<div class=\"span2\"><span class=\"text_orange\">ВАШИ<br />\r\nИНЖЕНЕРНЫЕ<br />\r\nСИСТЕМЫ<br />\r\nРАБОТАЮТ<br />\r\nБЕСПЕРЕБОЙНО</span></div>\r\n\r\n<div class=\"span10\">\r\n<h1>SERVCE</h1>\r\n\r\n<p>Инженерные системы, спроектированные и установленные компанией &laquo;ВАЙФАЙНДЕР&raquo; - это сложные, требующие обязательного технического обслуживания объекты.</p>\r\n\r\n<p>Мы предлагаем комплексное обслуживание всех инженерных систем зданий и сооружений: оперативное, аварийное, профилактическое.</p>\r\n\r\n<p>Сервисное обслуживание направлено на минимизацию отказа работы оборудования и систем в целом, продление сроков эксплуатации, оперативное устранение возникающих неисправностей, снижение расходов на эксплуатацию и обслуживание установок.</p>\r\n\r\n<p>Техническую поддержку осуществляет высококвалифицированная команда инженеров.</p>\r\n\r\n<p>ООО &laquo;ВАЙФАЙНДЕР&raquo; оказывает сервисные услуги для следующих систем:</p>\r\n\r\n<ul>\r\n	<li>&nbsp;пожарная сигнализация;</li>\r\n	<li>&nbsp;охранная сигнализация и контроль доступа;</li>\r\n	<li>&nbsp;системы охранного видеонаблюдения;</li>\r\n	<li>&nbsp;автоматика;</li>\r\n	<li>&nbsp;вентиляция;</li>\r\n	<li>&nbsp;автоматическое водяное и газовое пожаротушение;</li>\r\n	<li>&nbsp;дымоудаление.</li>\r\n</ul>\r\n\r\n<p>&nbsp;</p>\r\n\r\n<p class=\"text_orange\">МЫ ГАРАНТИРУЕМ ВАМ ОПЕРАТИВНОСТЬ И ЧЕТКОСТЬ В ВЫПОЛНЕНИИ РАБОТ.</p>\r\n\r\n<p>&nbsp;</p>\r\n\r\n<div class=\"button_order\">\r\n<div><a href=\"#\">Заказать обслуживание объекта</a></div>\r\n</div>\r\n\r\n<div class=\"button_download\">\r\n<div><a href=\"#\">Скачать договор</a></div>\r\n</div>\r\n</div>\r\n</div>'),(17,5,'ru','title','ПРОЕКТЫ'),(18,5,'ru','content',NULL),(19,5,'en','title','PROJECTS'),(20,5,'en','content',NULL),(21,6,'ru','title','О КОМПАНИИ'),(22,6,'ru','content','<p>ООО &laquo;ВАЙФАЙНДЕР&raquo; &ndash; ведущий системный интегратор в области силовых и слаботочных систем зданий и сооружений, предлагающий комплексные решения на базе оборудования известных мировых брендов.</p>\r\n\r\n<p>Мы осуществляем прямые поставки оборудования и даем гарантии на его качество.</p>\r\n\r\n<p>Мы производим полный комплекс работ по проектированию инженерных систем, их монтажу и интеграции в единую структуру и гарантируем высокий уровень исполнения.</p>\r\n\r\n<p>Мы предлагаем техническое обслуживание установленного оборудования и гарантируем оперативность и четкость в выполнении работ.</p>\r\n\r\n<p>Вы получаете:</p>\r\n\r\n<ul>\r\n	<li>выгодные цены на оборудование;</li>\r\n	<li>инновационные решения;</li>\r\n	<li>соблюдение государственных требований и нормативов;</li>\r\n	<li>готовые инженерные системы;</li>\r\n	<li>эффективное управление системами инженерных коммуникаций;</li>\r\n	<li>экономию в эксплуатации.</li>\r\n</ul>\r\n\r\n<p>&nbsp;</p>\r\n\r\n<p>Для реализации Ваших идей у нас есть всё: знания, опыт решения нестандартных задач, высококвалифицированный персонал, партнёрство с производителями.</p>\r\n\r\n<p>Мы комплексно подходим к созданию инженерных систем любого уровня: будь то квартира или загородный дом, офисный центр или торговый комплекс, аэровокзал или крупный завод.</p>\r\n\r\n<p>&nbsp;</p>\r\n\r\n<h2>Высокие технологии в сфере инженерных инфраструктур &ndash; наша специализация.</h2>\r\n\r\n<p>&nbsp;</p>\r\n\r\n<h2>Ваше спокойствие &ndash; наша цель.</h2>\r\n\r\n<p>&nbsp;</p>\r\n\r\n<h2>Мы делаем все, чтобы Ваш бизнес процветал.</h2>\r\n\r\n<p>&nbsp;</p>'),(23,6,'en','title','ABOUT COMPANY'),(24,6,'en','content',NULL),(25,7,'ru','title','КОНТАКТЫ'),(26,7,'ru','content','<div class=\"row-fluid\">\r\n<div class=\"span3\" itemscope itemtype=\"http://schema.org/LocalBusiness\"><span itemprop=\"name\">ООО &laquo;ВАЙФАЙНДЕР&raquo;</span> Адрес:\r\n<address>\r\n<div itemprop=\"address\" itemscope=\"\" itemtype=\"http://schema.org/PostalAddress\">\r\n<span itemprop=\"postalCode\">105005</span><br />\r\n<span itemprop=\"addressLocality\">г.&nbsp;Москва</span><br />\r\n<span itemprop=\"streetAddress\">наб.&nbsp;Академика Туполева,<br />\r\nдом 15, корпус 28, офис 1 (3-й этаж)</span></div>\r\n\r\n<p>&nbsp;</p>\r\nТел.:<span itemprop=\"telephone\">+7 495 509-30-07</span><br />\r\nТел.:<span itemprop=\"telephone\">+7 495 500-55-70</span><br />\r\ne-mail: <span itemprop=\"email\"><a href=\"mailto:info@wifinder.biz\">info@wifinder.biz</a></span></address>\r\n<time datetime=\"Mo-Fr 9:00−18:00\" itemprop=\"openingHours\">пн-пт с 9:00 до 18:00</time></div>\r\n\r\n<div class=\"span9\">\r\n<div id=\"map_container\">\r\n<div id=\"map_canvas2\">&nbsp;</div>\r\n</div>\r\n\r\n<p>&nbsp;</p>\r\n\r\n<div class=\"vcard\">\r\n<h2 class=\"fn org\">Дистрибьюция</h2>\r\n\r\n<ul>\r\n	<li><b class=\"given-name\">Говоров Андрей Евгеньевич</b> - <span class=\"note\">руководитель подразделения</span>\r\n\r\n	<div class=\"tel\">моб.: <span class=\"value\">+7 925 080-75-24</span></div>\r\n\r\n	<div class=\"tel\">тел.: <span class=\"value\">+7 495 509-30-07</span></div>\r\n	<a class=\"email\" href=\"mailto:a.govorov@wifinder.biz\">a.govorov@wifinder.biz</a></li>\r\n</ul>\r\n</div>\r\n\r\n<p>&nbsp;</p>\r\n\r\n<div class=\"vcard\">\r\n<h2 class=\"fn org\">Интеграция</h2>\r\n\r\n<ul>\r\n	<li><b class=\"given-name\">Сабреков Эрик Гайсович&nbsp;</b>- <span class=\"note\">руководитель подразделения</span>\r\n\r\n	<div class=\"tel\">моб.: <span class=\"value\">+7 925 080-75-64</span></div>\r\n\r\n	<div class=\"tel\">тел.: <span class=\"value\">+7 495 509-30-07</span></div>\r\n	<a href=\"mailto:e.sabrekov@wifinder.biz\">e.sabrekov@wifinder.biz</a></li>\r\n</ul>\r\n</div>\r\n\r\n<p>&nbsp;</p>\r\n\r\n<div class=\"vcard\">\r\n<h2 class=\"fn org\">Сервис</h2>\r\n\r\n<ul>\r\n	<li><b class=\"given-name\">Базанов Андрей Сергеевич&nbsp;</b>- <span class=\"note\">руководитель подразделения</span>\r\n\r\n	<div class=\"tel\">моб.: <span class=\"value\"> +7 926 522-52-95</span></div>\r\n\r\n	<div class=\"tel\">тел.: <span class=\"value\">+7 495 509-30-07</span></div>\r\n	<a class=\"email\" href=\"mailto:a.bazanov@wifinder.biz\">a.bazanov@wifinder.biz</a></li>\r\n</ul>\r\n</div>\r\n</div>\r\n\r\n<p>&nbsp;</p>\r\n</div>'),(27,7,'en','title','CONTACTS'),(28,7,'en','content','<div class=\"row-fluid\">\r\n<div class=\"span3\">\r\n<address>г. Москва,<br />\r\nул. Сокольнический вал, дом 1А, 4й этаж<br />\r\nм. &laquo;Сокольники&raquo;<br />\r\nтел.: +7 (495) 509-30-07<br />\r\ninfo@wifinder.biz</address>\r\n</div>\r\n\r\n<div class=\"span9\">\r\n<div id=\"map_container\">\r\n<div id=\"map_canvas2\">&nbsp;</div>\r\n</div>\r\n\r\n<p>&nbsp;</p>\r\n</div>\r\n</div>'),(29,8,'ru','title','СЕРТИФИКАТЫ'),(30,8,'ru','content',NULL),(31,8,'en','title','Certificate'),(32,8,'en','content',NULL),(33,9,'ru','title','ВАКАНСИИ'),(34,9,'ru','content','<p>С полным списком действующих вакантных должностей компании &quot;ВАЙФАЙНДЕР&quot;&nbsp;</p>\r\n\r\n<p>Вы можете ознакомиться <a href=\"http://www.rabota.ru/company732437.html?c=0\" target=\"_blank\">на сайте РАБОТА</a></p>'),(35,9,'en','title','VACANCIES'),(36,9,'en','content',NULL),(37,10,'ru','title',NULL),(38,10,'ru','content','<p>ООО &laquo;ВАЙФАЙНДЕР&raquo; &ndash; ведущий системный интегратор в области силовых и слаботочных систем зданий и сооружений, предлагающий комплексные решения на базе оборудования известных мировых брендов.</p>\r\n\r\n<p>Мы осуществляем прямые поставки оборудования и даем гарантии на его качество.</p>\r\n\r\n<p>Мы производим полный комплекс работ по проектированию инженерных систем, их монтажу и интеграции в единую структуру и гарантируем высокий уровень исполнения.</p>\r\n\r\n<p>Мы предлагаем техническое обслуживание установленного оборудования и гарантируем оперативность и четкость в выполнении работ.</p>\r\n\r\n<p>Вы получаете:</p>\r\n\r\n<ul>\r\n	<li>выгодные цены на оборудование;</li>\r\n	<li>инновационные решения;</li>\r\n	<li>соблюдение государственных требований и нормативов;</li>\r\n	<li>готовые инженерные системы;</li>\r\n	<li>эффективное управление системами инженерных коммуникаций;</li>\r\n	<li>экономию в эксплуатации.</li>\r\n</ul>\r\n\r\n<p>&nbsp;</p>\r\n\r\n<p>Для реализации Ваших идей у нас есть всё: знания, опыт решения нестандартных задач, высококвалифицированный персонал, партнёрство с производителями.</p>\r\n\r\n<p>Мы комплексно подходим к созданию инженерных систем любого уровня: будь то квартира или загородный дом, офисный центр или торговый комплекс, аэровокзал или крупный завод.</p>\r\n\r\n<p>&nbsp;</p>\r\n\r\n<h2>Высокие технологии в сфере инженерных инфраструктур &ndash; наша специализация.</h2>\r\n\r\n<p>&nbsp;</p>\r\n\r\n<h2>Ваше спокойствие &ndash; наша цель.</h2>\r\n\r\n<p>&nbsp;</p>\r\n\r\n<h2>Мы делаем все, чтобы Ваш бизнес процветал.</h2>\r\n\r\n<p>&nbsp;</p>'),(39,10,'en','title','WIFINDER'),(40,10,'en','content',NULL),(41,11,'ru','title','РУКОВОДСТВО'),(42,11,'ru','content','<ul>\r\n<br />\r\n<li>Воронцов Дмитрий Анатольевич<br />\r\nгенеральный директор<br />\r\nтел.: +7 495 509-30-07<br />\r\ne-mail: <a href=\"mailto:info@wifinder.biz\">info@wifinder.biz</a></li>\r\n<br />\r\n<li>Суворов Алексей Николаевич<br />\r\nзаместитель генерального директора<br />\r\nтел.: +7 495 509-30-07<br />\r\ne-mail: <a href=\"mailto:info@wifinder.biz\">info@wifinder.biz</a></li>\r\n<br />\r\n<h2>Дистрибьюция</h2>\r\n<li>Говоров Андрей Евгеньевич<br />\r\nруководитель подразделения<br />\r\nмоб.: +7 925 080-75-24<br />\r\nтел.: +7 495 509-30-07<br />\r\ne-mail: <a href=\"mailto:a.govorov@wifinder.biz\">a.govorov@wifinder.biz</a></li>\r\n<br />\r\n<h2>Интеграция</h2>\r\n<li>Сабреков Эрик Гайсович<br />\r\nруководитель подразделения<br />\r\nмоб.: +7 925 080-75-64<br />\r\nтел.: +7 495 509-30-07<br />\r\ne-mail: <a href=\"mailto:e.sabrekov@wifinder.biz\">e.sabrekov@wifinder.biz</a></li>\r\n<br />\r\n<h2>Сервис</h2>\r\n<li>Базанов Андрей Сергеевич<br />\r\nруководитель подразделения<br />\r\nмоб.: +7 926 522-52-95<br />\r\nтел.: +7 495 509-30-07<br />\r\ne-mail: <a href=\"mailto:a.bazanov@wifinder.biz\">a.bazanov@wifinder.biz</a></li>\r\n</ul>'),(43,11,'en','title','management'),(44,11,'en','content',NULL),(45,12,'ru','title','ЛИЦЕНЗИИ'),(46,12,'ru','content',NULL),(47,12,'en','title','license'),(48,12,'en','content',NULL),(49,13,'ru','title','СТАТЬИ'),(50,13,'ru','content','<ul>\r\n	<li><a href=\"/article/integration-article\">Интеграция? А что используете Вы?</a></li>\r\n    <li><a href=\"/article/stagetec_pantura\">Речевая система управления эвакуацией - Немецкая точность в аудиоинжиниринге</a></li>\r\n</ul>'),(51,13,'en','title','article'),(52,13,'en','content',NULL),(53,14,'ru','title','ПОДДЕРЖКА'),(54,14,'ru','content','<p>Компания &laquo;ВАЙФАЙНДЕР&raquo; с 2003 года специализируется на проектировании, интеграции, монтаже и сервисном обслуживании оборудования противопожарной защиты, безопасности, телекоммуникации, электроснабжения. Сегодня &laquo;ВАЙФАЙНДЕР&raquo; поставляет на российский рынок оборудование ведущих мировых производителей от более чем 15 компаний: <strong>Автоматическая пожарная сигнализация</strong> &ndash; <a href=\"/catalog/automatic_fire_alarm_system/esser-by-honeywell\">ESSER by Honeywell</a>, <a href=\"/catalog/automatic_fire_alarm_system/apollo\">Apollo</a>, <a href=\"/catalog/automatic_fire_alarm_system/schrack_seconet\">Schrack Seconet</a>, <a href=\"/catalog/automatic_fire_alarm_system/ESMI\">ESMI</a>, <a href=\"/catalog/automatic_fire_alarm_system/SIEMENS\">SIEMENS</a>; <strong>Системы оповещения</strong> &ndash; <a href=\"/catalog/warning_systems/variodyn-d1\">VARIODYN D1</a>, <a href=\"/catalog/warning_systems/toa\">TOA</a>; <strong>Охранная сигнализация</strong> - <a href=\"/catalog/security_system/Honeywell_Security\">Honeywell Security</a>, <a href=\"/catalog/security_system/Apollo_Security\">Apollo Security</a>; <strong>Системы видеонаблюдения</strong> - <a href=\"http://www.wifinder.biz/catalog/CCTV_system/dallmeier\">Dallmeier</a>, <a href=\"/catalog/CCTV_system/GEUTEBRUCK\">GEUTEBR&Uuml;CK</a>, <a href=\"/catalog/CCTV_system/VERINT\">VERINT</a>, <a href=\"/catalog/CCTV_system/Pelco\">Pelco</a>; <strong>Системы автоматики</strong> &ndash; <a href=\"/catalog/automation_systems/SIEMENS_as\">SIEMENS</a>, <a href=\"/catalog/automation_systems/Schneider_Electric\">Schneider Electric</a>, <a href=\"/catalog/automation_systems/TREND_by_Honeywell\">TREND by Honeywell</a>, <a href=\"/catalog/automation_systems/Centra_Line_by_Honeywell\">Centra Line by Honeywell</a>, <a href=\"/catalog/automation_systems/TAC\">TAC</a>; <strong>Палатная связь</strong> &ndash; <a href=\"/catalog/ward_linkage/Ackermann_clino\">Ackermann clino</a>.</p>\r\n\r\n<p>Эти компании признаны во всем мире как ведущие в сфере охранной и противопожарной безопасности, видеонаблюдения и контроля доступа.</p>\r\n\r\n<p>Современный рынок оборудования для инженерных систем насыщен производителями и поставщиками. Вы можете разобраться в изобилии предложений, стать экспертом и выбрать наилучшее самостоятельно.<br />\r\nНо сколько драгоценного времени Вы на это потратите?</p>\r\n\r\n<p><strong>Время &ndash; невосполнимый ресурс!</strong><br />\r\n<strong>Сохраните его для решения задач Вашего бизнеса.</strong><br />\r\n<strong>Воспользуйтесь преимуществом от сотрудничества с профессионалами.</strong></p>\r\n\r\n<p>Наши специалисты прошли обучение и сертификацию в компаниях, оборудование которых &laquo;ВАЙФАЙНДЕР&raquo; поставляет на российский рынок.</p>\r\n\r\n<div class=\"block_text_gray\">\r\n<div class=\"block_text\">\r\n<p><b>По вопросам покупки оборудования обращайтесь:</b></p>\r\n\r\n<p>Владислав Александрович Цыганко<br />\r\nменеджер отдела продаж<br />\r\nмоб.: +7 (925) 080-75-91<br />\r\nтел.: +7 (495) 509-30-07<br />\r\n<a href=\"mailto:v.tsiganko@wifinder.biz\">v.tsiganko@wifinder.biz</a></p>\r\n</div>\r\n\r\n<div class=\"block_text\">\r\n<p><b>По техническим вопросам и обучению обращайтесь:</b></p>\r\n\r\n<p>Андрей Евгеньевич Говоров<br />\r\nинженер технического отдела<br />\r\nмоб.: +7 (925) 080-75-24<br />\r\nтел.: +7 (495) 509-30-07<br />\r\n<a href=\"mailto:a.govorov@wifinder.biz\">a.govorov@wifinder.biz</a></p>\r\n</div>\r\n\r\n<div class=\"clear\">&nbsp;</div>\r\n</div>'),(55,14,'en','title',NULL),(56,14,'en','content',NULL),(57,15,'ru','title','ГАРАНТИИ'),(58,15,'ru','content','<p><strong>ООО &laquo;ВАЙФАЙНДЕР&raquo;</strong> благодарит Вас за сотрудничество и гарантирует надежное качество продукции, приобретенной в нашей компании.</p>\r\n\r\n<p>Убедительно просим Вас внимательно изучить все описания и инструкции по эксплуатации, прилагаемые к оборудованию и программному обеспечению.</p>\r\n\r\n<p>Срок гарантии на купленные у нас изделия – 12 месяцев со дня, указанного в накладной.</p>\r\n\r\n<p>Дефекты, обнаруженные в изделии в течение гарантийного срока, будут устранены бесплатно.\r\nВ случае невозможности проведения ремонта изделия силами нашей компании, оно будет отправлено производителю для диагностики/ремонта/замены.</p>\r\n<p>В случае выставления производителем счета за ремонт, соответствующий счет будет выставлен конечному заказчику.</p>\r\n\r\n<h2><b>Условия гарантийных обязательств:</b></h2>\r\n\r\n<ol>\r\n	<li>Настоящая гарантия действительна при соблюдении следующих условий:\r\n	<ul type=\"square\">\r\n		<li>Наличие оригинала накладной, по которой отпускалось изделие, акта сдачи&ndash;приёма оборудования или гарантийного талона.</li>\r\n		<li>Наличие в накладной (акте сдачи&ndash;приёма, гарантийном талоне) серийного номера (если он предусмотрен для данного изделия) и совпадении его с серийным номером на самом изделии.</li>\r\n	</ul>\r\n	</li>\r\n	<li>Гарантийные обязательства не распространяются на периодическое обслуживание, расходные материалы, элементы питания.</li>\r\n	<li>Гарантийные обязательства не действуют в следующих случаях:\r\n	<ul type=\"square\">\r\n		<li>При наличии в изделии механических повреждений;</li>\r\n		<li>При использовании изделия в целях, не предусмотренных инструкцией;</li>\r\n		<li>При повреждениях, возникших из-за несоблюдения правил монтажа, установки, настройки или эксплуатации изделия;</li>\r\n		<li>При нарушении правил проведения или не проведении профилактических работ, предусмотренных инструкциями;</li>\r\n		<li>При повреждениях, вызванных умышленными или ошибочными действиями потребителя, небрежным обращением с изделием;</li>\r\n		<li>При повреждениях, вызванных обстоятельствами непреодолимой силы (стихия, пожар, молния и т.п.), несчастными случаями и т.д.;</li>\r\n		<li>При повреждениях, вызванных попаданием внутрь изделия посторонних предметов, жидкостей, насекомых;</li>\r\n		<li>При повреждениях, вызванных доработкой изделия, внесением в него изменений или проведением самостоятельного ремонта;</li>\r\n		<li>При повреждениях изделия вследствие неправильной транспортировки и хранения;</li>\r\n		<li>При повреждениях, вызванных использованием нестандартных (не оригинальных) расходных материалов и комплектующих частей;</li>\r\n		<li>При повреждениях, вызванных превышением допустимых значений питающего напряжения на входах изделия или использованием источников питания, не удовлетворяющих требованиям, которые описаны в инструкции по эксплуатации изделия.</li>\r\n	</ul>\r\n	</li>\r\n	<li>ООО &ldquo;ВАЙФАЙНДЕР&rdquo; ни при каких обстоятельствах не будет нести ответственность за любой прямой, частный, непреднамеренный, косвенный (включая возможные убытки и упущенную прибыль, а также за ущерб, причиненный другому оборудованию, работающему в сопряжении с вышедшим из строя изделием) или другой ущерб &ndash; как следствие поломки изделия или других причин, как перед Покупателем, так и перед третьими лицами.</li>\r\n	<li>При возникновении какой-либо неисправности, покупателю необходимо связаться с отделом технической поддержки компании &laquo;ВАЙФАЙНДЕР&raquo; для получения разрешения на отправку изделия в ремонт.&nbsp;</li>\r\n	<li>Диагностика неисправного изделия будет произведена в течение 7-ми дней с момента поступления изделия в компанию &laquo;ВАЙФАЙНДЕР&raquo;.</li>\r\n	<li>В случае отсутствия в изделии каких-либо неисправностей, покупателю будет выставлен счет в размере 2000 руб. за затраты, связанные с проведением диагностики.</li>\r\n	<li>Расходы, связанные с транспортировкой изделия в ремонт и обратно, несет Покупатель.</li>\r\n</ol>\r\n\r\n<p>&nbsp;</p>\r\n\r\n<p>Приведённые выше гарантийные обязательства являются исключительными и не предусматривают никаких других гарантийных обязательств, письменных или устных, выраженных или подразумевающихся.</p>'),(59,15,'en','title','garantii'),(60,15,'en','content',NULL),(61,16,'ru','title','Интеграция? А что используете Вы?'),(62,16,'ru','content','<p><strong><em>Построение интегрированных решений для Вашего проекта может осуществляться на основании двух подходов:</em></strong></p>\r\n\r\n<ol>\r\n	<li><strong><em>Индивидуальная интеграция оборудования различных производителей под конкретные задачи проекта.</em></strong></li>\r\n</ol>\r\n\r\n<p>В Вашем проекте предусмотрено построение системы безопасности на оборудование <strong>SIEMENS</strong><strong>, </strong><strong>ESSER</strong><strong>by</strong><strong>Honeywell</strong> и <strong>Болид</strong>.</p>\r\n\r\n<p>Данный подход позволит выбрать Вам индивидуально оборудование для всех разделов безопасности. &nbsp;Следование этому подходу может привести в дальнейшем к следующим последствиям:</p>\r\n\r\n<ul>\r\n	<li>Достаточно сложная интеграция оборудования различных производителей, с силу того что системы безопасности ограничены в своей открытости;</li>\r\n	<li>Серьезный рост инженерных трудозатрат, поскольку данное интеграционное решение обкатывается уже на объекте, в связи с этим велика вероятность сбоев совместного функционирования подсистем;</li>\r\n	<li>Заказчик привязывает себя к конкретному интегратору, поскольку данное решение не является стандартным, а все лишь &laquo;ноу-хау&raquo;&nbsp; конкретного интегратора. В случае если компания-интегратор решит уйти с объекта, заказчик столкнется с тем, что новой компании предстоит разобраться в этом &laquo;ноу-хау&raquo;, что может стать задачей, по трудности сравнимой с новым проектом, со всеми вытекающими отсюда материальными затратами.</li>\r\n</ul>\r\n\r\n<p><em>И самое важное, что не один производитель не возьмется гарантировать работоспособность всей интегрированной системы в целом.</em></p>\r\n\r\n<ol>\r\n	<li value=\"2\"><strong><em>Штатная интеграция оборудования единого производителя с адаптацией результирующей системы под конкретные задачи проекта.</em></strong></li>\r\n</ol>\r\n\r\n<p>Предлагаем Вам выполнить интеграцию систем безопасности на базе одного оборудования - <strong>ESSER</strong><strong>by</strong><strong>Honeywell</strong><strong>.</strong></p>\r\n\r\n<p>Второй подход может показаться Вам ограничивающим его выбор, однако остановившись на таком решении Вы получает следующие преимущества:</p>\r\n\r\n<ul>\r\n	<li>Заказчик может быть уверен в том, что он покупает не просто оборудование, а готовое и неоднократно реализованное, в Европе решение.</li>\r\n	<li>Заказчик, так же как его партнеры могут получать бесплатную техническую поддержку, обучение&nbsp; на протяжении всего существования объекта из единого технического центра производителя.</li>\r\n	<li>Заказчик сам решает, кто будет проектировать, инсталлировать и обслуживать его интегрированную &nbsp;систему, а производитель берет на себя обязательства по их обучению и дальнейшей технической поддержки.</li>\r\n	<li>Работать с одной системой, в одной программной среде более эффективно и менее затратное в плане обучения обслуживающего персонала.</li>\r\n</ul>\r\n\r\n<p style=\"margin-left:18.0pt;\"><strong>Производитель оборудования&nbsp; гарантирует работоспособность всей системы в целом.</strong></p>\r\n\r\n<p align=\"center\"><strong>Наглядно положение вещей может быть представлено на диаграмме:</strong></p>\r\n\r\n<div><img alt=\"\" src=\"/images/diagramma1.jpg   \" style=\"width: 100%; \" /></div>\r\n\r\n<p>Общеизвестно, что интегрированные решения дают экономию 15 &ndash; 20% затрат на эксплуатацию систем безопасности.</p>\r\n\r\n<p>Таким образом, на объектах такого масштаба и сложности желательно использование интегрированных систем безопасности По-возможности от единого производителя.</p>'),(63,16,'en','title',NULL),(64,16,'en','content',NULL),(65,17,'ru','title','ОБУЧЕНИЕ'),(66,17,'ru','content','<ul type=\"none\">\r\n	<li><strong>Обучающие семинары:</strong>\r\n	<ul type=\"square\">\r\n		<li><a href=\"/Apollo_seminar\">Оборудование систем управления доступом и охранной сигнализации APOLLO</a>\r\n		<p>Семинар предназначен для сотрудников компаний, занимающихся продвижением, внедрением и монтажом систем контроля доступа и систем охранной сигнализации на базе оборудования APOLLO.</p>\r\n		</li>\r\n		<li><a href=\"/LyriX_seminar\">Программный комплекс LyriX</a>\r\n		<p>Семинар предназначен для администраторов систем на базе ПК LyriX, а также для представителей компаний, занимающихся внедрением и обслуживанием систем на его базе, заинтересованных в квалифицированной поддержке своих заказчиков.</p>\r\n		</li>\r\n	</ul>\r\n	</li>\r\n	<li><strong>Информационные семинары:</strong></li>\r\n</ul>'),(67,17,'en','title',NULL),(68,17,'en','content',NULL),(69,18,'ru','title','Оборудование систем управления доступом и охранной сигнализации APOLLO'),(70,18,'ru','content','Семинар предназначен для сотрудников компаний, занимающихся продвижением, внедрением и монтажом систем контроля доступа и систем охранной сигнализации на базе оборудования APOLLO.\r\n\r\n<p style=\"text-align: justify;\">Обучающий Семинар организуется и проводится компанией ААМ Системз (Москва), официальным авторизованным дистрибьютором компании APOLLO в России и СНГ.&nbsp;</p>\r\n\r\n<p style=\"text-align: justify;\">Семинар предназначен для сотрудников компаний, занимающихся продвижением, внедрением и монтажом систем контроля доступа и систем охранной сигнализации на базе оборудования&nbsp;<a href=\"/catalog/apollo\">APOLLO</a>.&nbsp;</p>\r\n\r\n<p style=\"text-align: justify;\">Материал семинара содержит информацию об особенностях функционирования и монтажа различных типов контроллеров, интерфейсных модулей и охранных панелей APOLLO; обзор идентификационных технологий и различных типов считывателей, периферийных устройств, принтеров карт.&nbsp;</p>\r\n\r\n<p style=\"text-align: justify;\">Тестирование по итогам семинара поможет оценить уровень полученных знаний и обратить внимание на важные моменты.&nbsp;</p>\r\n\r\n<p style=\"text-align: justify;\"><b>По окончании курса слушатели Обучающего Семинара получают:&nbsp; </b></p>\r\n\r\n<ul>\r\n	<li style=\"text-align: justify;\">Удостоверение МЭИ установленного образца о повышении квалификации;&nbsp;</li>\r\n	<li style=\"text-align: justify;\">Удостоверение сертифицированного специалиста APOLLO от компании ААМ Системз (в случае успешной сдачи сертификационного экзамена);&nbsp;</li>\r\n	<li style=\"text-align: justify;\">Комплект технической документации (на компакт диске) и журнал типовых схем соединения оборудования APOLLO;&nbsp;</li>\r\n	<li style=\"text-align: justify;\">Компакт диск с демонстрационной версией программных комплексов APACS 3000 и LyriX для работы с оборудованием APOLLO.&nbsp;</li>\r\n</ul>\r\n\r\n<div style=\"text-align: justify;\">Стоимость 2-х дней семинара составляет 6000 рублей на одного участника. Дилерам и партнерам предоставляется скидка - 10%.&nbsp;</div>\r\n\r\n<p>&nbsp;</p>\r\n\r\n<h2>Программа семинара</h2>\r\n\r\n<p style=\"text-align: justify;\">&nbsp;</p>\r\n\r\n<ul>\r\n	<li style=\"text-align: justify;\">Основные понятия систем управления доступом (СКУД), алгоритмы работы, типы СКУД.&nbsp;</li>\r\n	<li style=\"text-align: justify;\">Автономные СКУД на основе APOLLO AP-530, HID EntryProx.&nbsp;</li>\r\n	<li style=\"text-align: justify;\">Считыватели различных технологий (магнитные, Виганда, PROX, SMART, биометрические, для учета автотранстпорта). Различия в интерфейсах, форматы карт. Биометрические считыватели компаний L1, Recognition systems.&nbsp;</li>\r\n	<li style=\"text-align: justify;\">Компьютерные СКУД на базе оборудования Apollo.&nbsp;</li>\r\n	<li style=\"text-align: justify;\">Малые контроллеры AIM-4SL, AIM-1SL, AIM-2SL, APN-35, &laquo;большие&raquo; - AAN-100, AAN-32. Интерфейсные модули AIM-4SL, AIM-1SL, AIM-2SL, AIM-2DL, AIM-1ELE.&nbsp;</li>\r\n	<li style=\"text-align: justify;\">Системы охранной сигнализации на базе охранных панелей Apollo. Охранные панели (AIO). Схемы подключения охранных датчиков. Модули релейных выходов ARM-16, AIO-8.&nbsp;</li>\r\n	<li style=\"text-align: justify;\">Построение интегрированных систем безопасности на базе оборудования Apollo и программного комплекса APACS 3000. Способы постановки на охрану/снятия с охраны шлейфов и их групп с рабочей станции оператора и со считывателей СУД. Внутренние переменные контроллеров Apollo.&nbsp;</li>\r\n	<li style=\"text-align: justify;\">Дополнительная информация.&nbsp;</li>\r\n	<li style=\"text-align: justify;\"><a href=\"/obuchenie/sertifikatsiya/\">Сертификационный экзамен</a>. Подведение итогов.</li>\r\n</ul>\r\n\r\n<p><a href=\"#\">Подать заявку</a> <a href=\"/obuchenie\">Вернуться к списку семинаров</a></p>'),(71,18,'en','title',NULL),(72,18,'en','content',NULL),(73,19,'ru','title','Программный комплекс LyriX'),(74,19,'ru','content','<p>Семинар предназначен для администраторов систем на базе ПК LyriX, а также для представителей компаний, занимающихся внедрением и обслуживанием систем на его базе, заинтересованных в квалифицированной поддержке своих заказчиков.</p>\r\n\r\n<p>Семинар предназначен для администраторов систем на базе ПК LyriX, а также для представителей компаний, занимающихся внедрением и обслуживанием систем на его базе, заинтересованных в квалифицированной поддержке своих заказчиков.</p>\r\n\r\n<p>Материал семинара содержит обзор возможностей и архитектуры комплекса, рекомендации по проектированию, инсталляции, конфигурированию и администрированию систем. Занятия проводятся в дисплейном классе.</p>\r\n\r\n<p><b>Требования к участникам семинара:</b>&nbsp;работа с компьютером на уровне продвинутого пользователя, знакомство с основными понятиями системы контроля доступа, знакомство с оборудованием&nbsp;Apollo. Рекомендуется предварительно посетить&nbsp;<a href=\"/Apollo_seminar\">семинар &laquo;Оборудование систем управления доступом и охранной сигнализации APOLLO&raquo;</a>.</p>\r\n\r\n<p><b>По окончании курса слушатели Обучающего Семинара получают:</b></p>\r\n\r\n<ul>\r\n	<li><span class=\"ul_orange\">Удостоверение МЭИ установленного образца</span></li>\r\n	<li><span class=\"ul_orange\">Удостоверение сертифицированного специалиста по ПК LyriX от компании ААМ Системз (в случае успешной сдачи&nbsp;<a href=\"#\">сертификационного экзамена</a>)</span></li>\r\n	<li><span class=\"ul_orange\">Компакт диск с демонстрационной версией ПК LyriX.</span></li>\r\n</ul>\r\n\r\n<p>Стоимость&nbsp;4-х дней семинара составляет 12000 рублей на одного участника. Дилерам и партнерам предоставляется скидка - 10%.</p>\r\n\r\n<h2>Программа семинара</h2>\r\n\r\n<ul>\r\n	<li><span class=\"ul_orange\">ПК LyriX. Назначение и основные функции. Поддерживаемое оборудование.</span></li>\r\n	<li><span class=\"ul_orange\">Архитектура ПК LyriX. Модули и их взаимодействие между собой. Поддерживаемые платформы.</span></li>\r\n	<li><span class=\"ul_orange\">Проектирование системы. Структуры малой, средней, многопользовательской и распределенной систем. Лицензирование. Модификации ПК (Basic, Advanced, Master).</span></li>\r\n	<li><span class=\"ul_orange\">Инсталляция системы. Варианты установки. Первый запуск системы. Проверка работоспособности системы.</span></li>\r\n	<li><span class=\"ul_orange\">Конфигурирование. Общие особенности конфигурирования. Управление работой модулей. Контроль работоспособности системы.</span></li>\r\n	<li><span class=\"ul_orange\">Конфигурирование оборудования. Конфигурирование ОПС, CCTV, СКД Apollo.</span></li>\r\n	<li><span class=\"ul_orange\">Конфигурирование Дежурного режима и планов помещений. Универсальные элементы планов, привязка объектов и настройка их отображения, слои планов.</span></li>\r\n	<li><span class=\"ul_orange\">Управляющая Консоль. Режимы работы, переключения между ними.</span></li>\r\n	<li><span class=\"ul_orange\">Редактор конфигураций консоли.</span></li>\r\n	<li><span class=\"ul_orange\">Примеры настройки конфигураций консоли.</span></li>\r\n	<li><span class=\"ul_orange\">Бюро пропусков. Уровни доступа. Работа с владельцами карт, выдача карт, печать карт.</span></li>\r\n	<li><span class=\"ul_orange\">Редактор макетов карт.</span></li>\r\n	<li><span class=\"ul_orange\">Модуль управления помещениями. Конфигурирование, размещение на планах, управление.</span></li>\r\n	<li><span class=\"ul_orange\">Генератор отчетов.</span></li>\r\n	<li><span class=\"ul_orange\">Аппарат реакций.</span></li>\r\n	<li><span class=\"ul_orange\">Контроль прав доступа операторов.</span></li>\r\n	<li><span class=\"ul_orange\"><a href=\"#\">Сертификационный экзамен</a>. Подведение итогов.</span></li>\r\n</ul>\r\n\r\n<p><a href=\"/obuchenie\">Вернуться к списку семинаров</a></p>'),(75,19,'en','title',NULL),(76,19,'en','content',NULL),(77,20,'ru','title','Купить оборудование системы пожарной сигнализации <a href=\"www.wifinder.biz/catalog/brands/esser-by-honeywell\"><b>ESSER by Honeywell</b></a>'),(78,20,'ru','content','<p>Вы можете у официального дистрибьютора фирмы ESSER в России<br />\r\nи странах СНГ -&nbsp; ООО &quot;ВАЙФАЙНДЕР&quot;.<br />\r\nРасчет заказа производится индивидуально.<br />\r\nСтоимость продукции зависит от наличия на складе, объема заявки,&nbsp;способа оплаты и&nbsp;курса валют.</p>\r\n\r\n<p><b>Мы сделаем всё, чтобы дать Вам ЛУЧШИЕ УСЛОВИЯ!</b></p>'),(79,20,'en','title',NULL),(80,20,'en','content',NULL),(81,21,'ru','title','Купить оборудование <a href=\"www.wifinder.biz/catalog/brands/esser-by-honeywell\"><b>ESSER by Honeywell</b></a>'),(82,21,'ru','content','<p>Вы можете у официального дистрибьютора фирмы ESSER в России<br />\r\nи странах СНГ -&nbsp; компании &quot;ВАЙФАЙНДЕР&quot;.<br />\r\nРасчет заказа производится индивидуально.<br />\r\nСтоимость продукции зависит от наличия на складе, объема заявки,&nbsp;способа оплаты и&nbsp;курса валют.</p>\r\n\r\n<p><b>Мы сделаем всё, чтобы дать Вам ЛУЧШИЕ УСЛОВИЯ!</b></p>\r\n\r\n<div class=\"block_text_gray\">\r\n<div class=\"block_text\">\r\n<p><b>По вопросам покупки оборудования системы пожарной сигнализации&nbsp; <a href=\"/catalog/brands/esser-by-honeywell\">ESSER by Honeywell</a>&nbsp;обращайтесь:</b></p>\r\n\r\n<p>Владислав Александрович Цыганко<br />\r\nменеджер отдела продаж<br />\r\nмоб.: +7 (925) 080-75-91<br />\r\nтел.: +7 (495) 509-30-07 (добавочный 110)<br />\r\n<a href=\"mailto:v.tsiganko@wifinder.biz\">v.tsiganko@wifinder.biz</a></p>\r\n</div>\r\n\r\n<div class=\"block_text\">\r\n<p><b>По техническим вопросам и обучению системам пожарной сигнализации <a href=\"/catalog/brands/esser-by-honeywell\">ESSER by Honeywell</a> обращайтесь:</b></p>\r\n\r\n<p>Андрей Евгеньевич Говоров<br />\r\nинженер технического отдела<br />\r\nмоб.: +7 (925) 080-75-24<br />\r\nтел.: +7 (495) 509-30-07 (добавочный 108)<br />\r\n<a href=\"mailto:a.govorov@wifinder.biz\">a.govorov@wifinder.biz</a></p>\r\n</div>\r\n</div>'),(83,21,'en','title',NULL),(84,21,'en','content',NULL),(85,22,'ru','title','Успешное добавление адреса'),(86,22,'ru','content','Ваш адрес успешно добавлен в рассылку новостей.'),(87,22,'en','title','Успешное добавление адреса'),(88,22,'en','content','Ваш адрес успешно добавлен'),(89,23,'ru','title','КАТАЛОГИ'),(90,23,'ru','content','<h1>Каталоги оборудования поставляемого в Россию компанией &laquo;ВАЙФАЙНДЕР&raquo;:</h1>\r\n\r\n<p>&nbsp;</p>\r\n<style type=\"text/css\">.catalog-pdf { \r\nlist-style: none;\r\nbackground: url(\'images/pdf.png\') no-repeat 0 1px;\r\nbackground-size: 18px 18px;\r\npadding-left: 24px;\r\n}\r\n</style>\r\n<ul>\r\n	<li class=\"catalog-pdf\"><a href=\"/catalog-pdf/097130_HSG_Novar_Catalogue_02_2014.pdf\" target=\"_blank\">Каталог продукции Novar Honeywell Security Group 2014 Eng</a>&nbsp;(27,3Мб)</li>\r\n	<li class=\"catalog-pdf\"><a href=\"/catalog-pdf/Esser_by_Honeywell_Каталог_пожарного_оборудования_2013-2014.pdf\" target=\"_blank\">Сиcтемы пожарной сигнализации ESSER by Honeywell 2013-2014</a>&nbsp;(9,7Мб)</li>\r\n	<li class=\"catalog-pdf\"><a href=\"/catalog-pdf/ESMI_Каталог_FX_3NET_FX3NET&amp;AP200_2013.pdf\" target=\"_blank\">Системы пожарной сигнализации ESMI FX 3NET &amp; AP200 2013</a>&nbsp;(1,8Мб)</li>\r\n	<li class=\"catalog-pdf\"><a href=\"/catalog-pdf/Адресно_аналоговые_системы_пожарной_сигнализации_ESMI.pdf\" target=\"_blank\">Адресно аналоговые системы пожарной сигнализации ESMI 2013-2014</a>&nbsp;(3,2Мб)</li>\r\n	<li class=\"catalog-pdf\"><a href=\"/catalog-pdf/Каталог_Schrack_Seconet_2013.pdf\" target=\"_blank\">Сиcтемы пожарной сигнализации Schrack Seconet 2012-2013</a>&nbsp;(1,6Мб)</li>\r\n	<li class=\"catalog-pdf\"><a href=\"/catalog-pdf/Каталог_Synova-SIEMENS_2008_ru.pdf\" target=\"_blank\">Сиcтемы пожарной сигнализации Synova SIEMENS</a>&nbsp;(4Мб)</li>\r\n	<li class=\"catalog-pdf\"><a href=\"/catalog-pdf/Каталог_продукции_Siemens_2007-2008_rus.pdf\" target=\"_blank\">Автоматизация зданий.&nbsp;Каталог&nbsp;продукции&nbsp;Siemens&nbsp;2007-2008</a>&nbsp;(10,8Мб)</li>\r\n	<li class=\"catalog-pdf\"><a href=\"/catalog-pdf/Каталог_Речевого_оповещения_VARIODYN_2012.pdf\" target=\"_blank\">Каталог Речевого оповещения VARIODYN D1 2012</a>&nbsp;(2,3Мб)</li>\r\n	<li class=\"catalog-pdf\"><a href=\"/catalog-pdf/Каталог_систем_вызова_медперсонала_Ackermann_2013.pdf\" target=\"_blank\">Системы палатной сигнализации Ackermann by Honeywell 2013</a>&nbsp;(9,8Мб)</li>\r\n	<li class=\"catalog-pdf\"><a href=\"/catalog-pdf/Honeywell_Access_Video_Showcase_Russian_V5.pdf\" target=\"_blank\">Cистемы контроля доступа, охранной сигнализации и наблюдения Honeywell 2012</a>(5Мб)</li>\r\n</ul>'),(91,23,'en','title',NULL),(92,23,'en','content',NULL),(93,24,'ru','title','ПРЕЗЕНТАЦИИ'),(94,24,'ru','content','<p>Раздел закрыт на техническое обслуживание.</p>\r\n\r\n<p>Приносим извинения за временные неудобства.</p>'),(95,24,'en','title',NULL),(96,24,'en','content',NULL),(97,25,'ru','title','РЕШЕНИЯ'),(98,25,'ru','content','<p>Раздел закрыт на техническое обслуживание.</p>\r\n\r\n<p>Приносим извинения за временные неудобства.</p>'),(99,25,'en','title',NULL),(100,25,'en','content',NULL),(101,26,'ru','title','Ваша заявка принята'),(102,26,'ru','content','<p>Спасибо что обратились к нам!</p>\r\n\r\n<p>В ближайшее время сотрудник компании ВАЙФАЙНДЕР&nbsp;свяжется с Вами!</p>'),(103,26,'en','title',NULL),(104,26,'en','content','<p>Спасибо что обратились к нам!&nbsp;</p>\r\n\r\n<p>В ближайшее время сотрудник компании ВАЙФАЙНДЕР&nbsp;свяжется с Вами!</p>'),(105,27,'ru','title','Система управления эвакуацией'),(106,27,'ru','content','<p>PANTURA &ndash; современнейшая система оповещения и управления эвакуацией, производимая SALZBRENNER STAGETEC MEDIAGROUP &ndash; мощной группой из трех компаний, чья штаб-квартира расположена в Буттенхайме (Германия). Имея подразделения, ответственные за разработку оборудования, его интеграцию и дистрибуцию профессиональных аудио-, видео- и интеркомных технологий, SALZBRENNER STAGETEC MEDIAGROUP без преувеличения может покрывать все аспекты деятельности. Имеющийся богатейший опыт в области систем вещания превратил нас в одного из ведущих поставщиков инсталляционных систем любого размера и для любого бюджета.</p>\r\n\r\n<div><img alt=\"\" src=\"/images/header-pantura_2013.jpg\" style=\"width: 95%; height: 95%; float: left;\" /></div>\r\n\r\n<p><strong>Инновации делают мир теснее:</strong>&nbsp;PANTURA &ndash; интеллектуальная, профессиональная система для любого применения &ndash; адресного оповещения, публичного вещания, управления, мониторинга и экстренного оповещения &ndash; простая в эксплуатации, масштабируемая, воплотившая свежие и важные идеи, обеспечивающие безопасность.</p>\r\n\r\n<h2>Безопасность класса High-End</h2>\r\n\r\n<p><strong>PANTURA делает больше чем просто добавляет радости к жизни:</strong>&nbsp;одна из ее сильных сторон &ndash; несомненно то, что она обеспечивает безопасность людей в помещении. Оперативные оповещения, аварийные вызовы и (в случае наличия опасности) эвакуационные оповещения будут слышны в каждом углу помещения.</p>\r\n\r\n<h2>Гарантия безопасности &ndash; в соответствии с EN 60849</h2>\r\n\r\n<p>Система эвакуации должна функционировать. Всегда! От нее зависит безопасность людей в случае возникновения экстренной ситуации.</p>\r\n\r\n<p>Следовательно, в соответствии с&nbsp;<strong>EN 60849</strong>, система PANTURA обеспечивает стандарт безопасности и ориентируется на линию европейских стандартов EN 54-16.</p>'),(107,27,'en','title',NULL),(108,27,'en','content',NULL),(109,28,'ru','title','Программа лояльности i-Surprise'),(110,28,'ru','content','<div style=\"box-shadow: 0.4em 0.4em 8px rgba(122,122,122,0.5); padding: 10px 10px 10px 10px;\">\r\n<p>С 1 февраля 2014 года стартовала программа лояльности i-Surprise.<br />\r\n<strong>i-Surprise</strong> - это новые возможности для наших клиентов.<br />\r\nВы получаете подарки и бонусы за совершённые покупки.</p>\r\n\r\n<p>Вы можете стать участником Программы прямо сейчас.<br />\r\nЭто легко!</p>\r\n\r\n<p class=\"text_orange\">ВЫ:</p>\r\n\r\n<ol>\r\n	<li>Регистрируетесь на сайте <a class=\"text_orange\" href=\"http://wifinder.biz\">ВАЙФАЙНДЕР</a></li>\r\n	<li>Получаете Партнёрское соглашение и сертификат участника программы <strong>i-Surprise</strong></li>\r\n	<li>Закупаете оборудование* в компании ВАЙФАЙНДЕР по эксклюзивным ценам в течении срока действия Партнёрского соглашения</li>\r\n</ol>\r\n\r\n<p class=\"text_orange\">МЫ:</p>\r\n\r\n<ol>\r\n	<li>Проводим бесплатное обучение инженерного состава и специалистов службы эксплуатации 1 раз в год с выдачей сертификатов (1-5 человек от компании)</li>\r\n	<li>Даём дополнительную гарантию на всё оборудование (+1 год к гарантии производителя)</li>\r\n	<li>Перепроектирование за наш счёт при замене брендов из спецификации на продукцию наших партнёров</li>\r\n	<li>Льготные условия на монтаж приобретённого у нас оборудования и сервисное обслуживание</li>\r\n</ol>\r\n\r\n<p><a class=\"text_orange\" href=\"/registration_loyalty_program\">Зарегистрируйтесь</a> и станьте участником Программы лояльности <strong>i-Surprise!</strong></p>\r\n\r\n<p>Выше сумма контрактов - больше подарков <strong>i-Surprise!</strong></p>\r\n</div>\r\n\r\n<p>&nbsp;</p>\r\n\r\n<ul style=\"list-style-type: none;\">\r\n	<li>*ОБОРУДОВАНИЕ:</li>\r\n	<li>АВТОМАТИЧЕСКАЯ ПОЖАРНАЯ СИГНАЛИЗАЦИЯ</li>\r\n	<li>СИСТЕМЫ ОПОВЕЩЕНИЯ</li>\r\n	<li>ОХРАННАЯ СИГНАЛИЗАЦИЯ</li>\r\n	<li>СИСТЕМЫ ВИДЕО НАБЛЮДЕНИЯ</li>\r\n	<li>СИСТЕМЫ АВТОМАТИКИ</li>\r\n	<li>ПАЛАТНАЯ СВЯЗЬ</li>\r\n</ul>'),(111,28,'en','title',NULL),(112,28,'en','content',NULL),(113,29,'ru','title','Программы лояльности i-Surprise!'),(114,29,'ru','content','<p style=\"margin: 0px 0px 10px; color: rgb(52, 52, 52); font-family: \'Helvetica Neue\', Helvetica, Arial, sans-serif; line-height: 20px;\">С 1 февраля 2014 года стартовала программа лояльности i-Surprise.<br />\r\n<strong>i-Surprise</strong>&nbsp;- это новые возможности для наших клиентов.<br />\r\nВы получаете подарки и бонусы за совершённые покупки.</p>\r\n\r\n<p style=\"margin: 0px 0px 10px; color: rgb(52, 52, 52); font-family: \'Helvetica Neue\', Helvetica, Arial, sans-serif; line-height: 20px;\">Вы можете стать участником Программы прямо сейчас.<br />\r\nЭто легко!</p>'),(115,29,'en','title','Программы лояльности i-Surprise!'),(116,29,'en','content','<p style=\"margin: 0px 0px 10px; color: rgb(52, 52, 52); font-family: \'Helvetica Neue\', Helvetica, Arial, sans-serif; line-height: 20px;\">С 1 февраля 2014 года стартовала программа лояльности i-Surprise.<br />\r\n<strong>i-Surprise</strong>&nbsp;- это новые возможности для наших клиентов.<br />\r\nВы получаете подарки и бонусы за совершённые покупки.</p>\r\n\r\n<p style=\"margin: 0px 0px 10px; color: rgb(52, 52, 52); font-family: \'Helvetica Neue\', Helvetica, Arial, sans-serif; line-height: 20px;\">Вы можете стать участником Программы прямо сейчас.<br />\r\nЭто легко!</p>'),(117,30,'ru','title','Ваша заявка принята'),(118,30,'ru','content','<p>Ваша заявка принята. В ближайшее время наши сотрудники свяжутся с Вами.</p>'),(119,30,'en','title',NULL),(120,30,'en','content',NULL);
/*!40000 ALTER TABLE `content_translations` ENABLE KEYS */;
UNLOCK TABLES;

--
-- Table structure for table `content_webitem`
--

DROP TABLE IF EXISTS `content_webitem`;
/*!40101 SET @saved_cs_client     = @@character_set_client */;
/*!40101 SET character_set_client = utf8 */;
CREATE TABLE `content_webitem` (
  `content_id` int(11) NOT NULL,
  `webitem_id` int(11) NOT NULL,
  PRIMARY KEY (`content_id`,`webitem_id`),
  KEY `IDX_EE3FA8AE84A0A3ED` (`content_id`),
  KEY `IDX_EE3FA8AEFC26189A` (`webitem_id`),
  CONSTRAINT `FK_EE3FA8AE84A0A3ED` FOREIGN KEY (`content_id`) REFERENCES `content` (`id`) ON DELETE CASCADE,
  CONSTRAINT `FK_EE3FA8AEFC26189A` FOREIGN KEY (`webitem_id`) REFERENCES `web_item` (`id`) ON DELETE CASCADE
) ENGINE=InnoDB DEFAULT CHARSET=utf8 COLLATE=utf8_unicode_ci;
/*!40101 SET character_set_client = @saved_cs_client */;

--
-- Dumping data for table `content_webitem`
--

LOCK TABLES `content_webitem` WRITE;
/*!40000 ALTER TABLE `content_webitem` DISABLE KEYS */;
/*!40000 ALTER TABLE `content_webitem` ENABLE KEYS */;
UNLOCK TABLES;

--
-- Table structure for table `email_type`
--

DROP TABLE IF EXISTS `email_type`;
/*!40101 SET @saved_cs_client     = @@character_set_client */;
/*!40101 SET character_set_client = utf8 */;
CREATE TABLE `email_type` (
  `id` int(11) NOT NULL AUTO_INCREMENT,
  `type` varchar(225) COLLATE utf8_unicode_ci DEFAULT NULL,
  PRIMARY KEY (`id`)
) ENGINE=InnoDB AUTO_INCREMENT=4 DEFAULT CHARSET=utf8 COLLATE=utf8_unicode_ci;
/*!40101 SET character_set_client = @saved_cs_client */;

--
-- Dumping data for table `email_type`
--

LOCK TABLES `email_type` WRITE;
/*!40000 ALTER TABLE `email_type` DISABLE KEYS */;
INSERT INTO `email_type` VALUES (1,'Рассылка новостей'),(2,'Заявка на обратную связь'),(3,'Программа лояльности i-Surprise');
/*!40000 ALTER TABLE `email_type` ENABLE KEYS */;
UNLOCK TABLES;

--
-- Table structure for table `emailtype_mailingaddress`
--

DROP TABLE IF EXISTS `emailtype_mailingaddress`;
/*!40101 SET @saved_cs_client     = @@character_set_client */;
/*!40101 SET character_set_client = utf8 */;
CREATE TABLE `emailtype_mailingaddress` (
  `emailtype_id` int(11) NOT NULL,
  `mailingaddress_id` int(11) NOT NULL,
  PRIMARY KEY (`emailtype_id`,`mailingaddress_id`),
  KEY `IDX_D6C3898F41E5B8E0` (`emailtype_id`),
  KEY `IDX_D6C3898F8A2E7E27` (`mailingaddress_id`),
  CONSTRAINT `FK_D6C3898F41E5B8E0` FOREIGN KEY (`emailtype_id`) REFERENCES `email_type` (`id`) ON DELETE CASCADE,
  CONSTRAINT `FK_D6C3898F8A2E7E27` FOREIGN KEY (`mailingaddress_id`) REFERENCES `mailing_address` (`id`) ON DELETE CASCADE
) ENGINE=InnoDB DEFAULT CHARSET=utf8 COLLATE=utf8_unicode_ci;
/*!40101 SET character_set_client = @saved_cs_client */;

--
-- Dumping data for table `emailtype_mailingaddress`
--

LOCK TABLES `emailtype_mailingaddress` WRITE;
/*!40000 ALTER TABLE `emailtype_mailingaddress` DISABLE KEYS */;
INSERT INTO `emailtype_mailingaddress` VALUES (1,1),(1,15),(1,17),(1,18),(2,1),(2,2),(2,3),(2,5),(2,14),(2,15),(2,16),(2,18),(2,19),(3,14);
/*!40000 ALTER TABLE `emailtype_mailingaddress` ENABLE KEYS */;
UNLOCK TABLES;

--
-- Table structure for table `ext_log_entries`
--

DROP TABLE IF EXISTS `ext_log_entries`;
/*!40101 SET @saved_cs_client     = @@character_set_client */;
/*!40101 SET character_set_client = utf8 */;
CREATE TABLE `ext_log_entries` (
  `id` int(11) NOT NULL AUTO_INCREMENT,
  `action` varchar(8) COLLATE utf8_unicode_ci NOT NULL,
  `logged_at` datetime NOT NULL,
  `object_id` varchar(64) COLLATE utf8_unicode_ci DEFAULT NULL,
  `object_class` varchar(255) COLLATE utf8_unicode_ci NOT NULL,
  `version` int(11) NOT NULL,
  `data` longtext COLLATE utf8_unicode_ci COMMENT '(DC2Type:array)',
  `username` varchar(255) COLLATE utf8_unicode_ci DEFAULT NULL,
  PRIMARY KEY (`id`),
  KEY `log_class_lookup_idx` (`object_class`),
  KEY `log_date_lookup_idx` (`logged_at`),
  KEY `log_user_lookup_idx` (`username`),
  KEY `log_version_lookup_idx` (`object_id`,`object_class`,`version`)
) ENGINE=InnoDB DEFAULT CHARSET=utf8 COLLATE=utf8_unicode_ci;
/*!40101 SET character_set_client = @saved_cs_client */;

--
-- Dumping data for table `ext_log_entries`
--

LOCK TABLES `ext_log_entries` WRITE;
/*!40000 ALTER TABLE `ext_log_entries` DISABLE KEYS */;
/*!40000 ALTER TABLE `ext_log_entries` ENABLE KEYS */;
UNLOCK TABLES;

--
-- Table structure for table `ext_translations`
--

DROP TABLE IF EXISTS `ext_translations`;
/*!40101 SET @saved_cs_client     = @@character_set_client */;
/*!40101 SET character_set_client = utf8 */;
CREATE TABLE `ext_translations` (
  `id` int(11) NOT NULL AUTO_INCREMENT,
  `locale` varchar(8) COLLATE utf8_unicode_ci NOT NULL,
  `object_class` varchar(255) COLLATE utf8_unicode_ci NOT NULL,
  `field` varchar(32) COLLATE utf8_unicode_ci NOT NULL,
  `foreign_key` varchar(64) COLLATE utf8_unicode_ci NOT NULL,
  `content` longtext COLLATE utf8_unicode_ci,
  PRIMARY KEY (`id`),
  UNIQUE KEY `lookup_unique_idx` (`locale`,`object_class`,`field`,`foreign_key`),
  KEY `translations_lookup_idx` (`locale`,`object_class`,`foreign_key`)
) ENGINE=InnoDB DEFAULT CHARSET=utf8 COLLATE=utf8_unicode_ci;
/*!40101 SET character_set_client = @saved_cs_client */;

--
-- Dumping data for table `ext_translations`
--

LOCK TABLES `ext_translations` WRITE;
/*!40000 ALTER TABLE `ext_translations` DISABLE KEYS */;
/*!40000 ALTER TABLE `ext_translations` ENABLE KEYS */;
UNLOCK TABLES;

--
-- Table structure for table `file_category`
--

DROP TABLE IF EXISTS `file_category`;
/*!40101 SET @saved_cs_client     = @@character_set_client */;
/*!40101 SET character_set_client = utf8 */;
CREATE TABLE `file_category` (
  `id` int(11) NOT NULL AUTO_INCREMENT,
  `name` varchar(255) COLLATE utf8_unicode_ci DEFAULT NULL,
  `alias` varchar(100) COLLATE utf8_unicode_ci NOT NULL,
  `sort` int(11) NOT NULL,
  `is_active` tinyint(1) DEFAULT NULL,
  PRIMARY KEY (`id`),
  UNIQUE KEY `UNIQ_B71C965CE16C6B94` (`alias`)
) ENGINE=InnoDB AUTO_INCREMENT=4 DEFAULT CHARSET=utf8 COLLATE=utf8_unicode_ci;
/*!40101 SET character_set_client = @saved_cs_client */;

--
-- Dumping data for table `file_category`
--

LOCK TABLES `file_category` WRITE;
/*!40000 ALTER TABLE `file_category` DISABLE KEYS */;
INSERT INTO `file_category` VALUES (1,'Каталоги','catalogs',1,1),(2,'Литератару','literature',2,1),(3,'Сертификаты','approvals_certifications',3,1);
/*!40000 ALTER TABLE `file_category` ENABLE KEYS */;
UNLOCK TABLES;

--
-- Table structure for table `file_category_translations`
--

DROP TABLE IF EXISTS `file_category_translations`;
/*!40101 SET @saved_cs_client     = @@character_set_client */;
/*!40101 SET character_set_client = utf8 */;
CREATE TABLE `file_category_translations` (
  `id` int(11) NOT NULL AUTO_INCREMENT,
  `object_id` int(11) DEFAULT NULL,
  `locale` varchar(8) COLLATE utf8_unicode_ci NOT NULL,
  `field` varchar(32) COLLATE utf8_unicode_ci NOT NULL,
  `content` longtext COLLATE utf8_unicode_ci,
  PRIMARY KEY (`id`),
  UNIQUE KEY `lookup_unique_idx` (`locale`,`object_id`,`field`),
  KEY `IDX_44F8D714232D562B` (`object_id`),
  CONSTRAINT `FK_44F8D714232D562B` FOREIGN KEY (`object_id`) REFERENCES `file_category` (`id`) ON DELETE CASCADE
) ENGINE=InnoDB AUTO_INCREMENT=7 DEFAULT CHARSET=utf8 COLLATE=utf8_unicode_ci;
/*!40101 SET character_set_client = @saved_cs_client */;

--
-- Dumping data for table `file_category_translations`
--

LOCK TABLES `file_category_translations` WRITE;
/*!40000 ALTER TABLE `file_category_translations` DISABLE KEYS */;
INSERT INTO `file_category_translations` VALUES (1,1,'ru','name','Каталоги'),(2,1,'en','name','Catalogs'),(3,2,'ru','name','Литератару'),(4,2,'en','name','Literature'),(5,3,'ru','name','Сертификаты'),(6,3,'en','name','Approvals/Certifications');
/*!40000 ALTER TABLE `file_category_translations` ENABLE KEYS */;
UNLOCK TABLES;

--
-- Table structure for table `image_gallery`
--

DROP TABLE IF EXISTS `image_gallery`;
/*!40101 SET @saved_cs_client     = @@character_set_client */;
/*!40101 SET character_set_client = utf8 */;
CREATE TABLE `image_gallery` (
  `id` int(11) NOT NULL AUTO_INCREMENT,
  `category_id` int(11) NOT NULL,
  `path` varchar(255) COLLATE utf8_unicode_ci DEFAULT NULL,
  `title` varchar(255) COLLATE utf8_unicode_ci DEFAULT NULL,
  `description` longtext COLLATE utf8_unicode_ci,
  `is_active` tinyint(1) DEFAULT NULL,
  PRIMARY KEY (`id`),
  KEY `IDX_D23B2FE612469DE2` (`category_id`),
  CONSTRAINT `FK_D23B2FE612469DE2` FOREIGN KEY (`category_id`) REFERENCES `image_gallery_category` (`id`) ON DELETE CASCADE
) ENGINE=InnoDB AUTO_INCREMENT=37 DEFAULT CHARSET=utf8 COLLATE=utf8_unicode_ci;
/*!40101 SET character_set_client = @saved_cs_client */;

--
-- Dumping data for table `image_gallery`
--

LOCK TABLES `image_gallery` WRITE;
/*!40000 ALTER TABLE `image_gallery` DISABLE KEYS */;
INSERT INTO `image_gallery` VALUES (2,2,'ab88169c6c0274bac0ed818964b2aae3e8f64670.jpeg',NULL,NULL,1),(3,2,'b5ba7c5eef9c1b6f1aa4f0b6f5f329b627ab4fd2.jpeg',NULL,NULL,1),(5,2,'234da2a6372e2f12403b0d8aa40f0d3c0aeb6d11.jpeg',NULL,NULL,1),(6,2,'00207dc9e8fbd8449915debc33642e2c3f320d57.jpeg',NULL,NULL,1),(7,2,'953ed287773be3f3f0e236b7fe8d3953ff75c3d1.jpeg',NULL,NULL,1),(8,2,'a602da68cf2349d092a00d578cbbcfd6268c4789.jpeg',NULL,NULL,1),(9,2,'f22af15b8f143bc31a3136fe24c5fc02e0b4472c.jpeg',NULL,NULL,1),(11,3,'a09ed872d2649b08ad30f8941ec881f3f9428f2e.jpeg',NULL,NULL,1),(12,3,'a0b8a89ecdc886e8544b9aa0776d6927446074f3.jpeg',NULL,NULL,1),(13,3,'6cc0f15c882797613bdf9d410596acb8f2ae7072.jpeg',NULL,NULL,1),(14,3,'78f12761cabf6dc81d575c23bbf00896e94ccc9e.jpeg',NULL,NULL,1),(16,3,'a2211e3f5a65d5faf0c0610a35728961440c6974.jpeg',NULL,NULL,1),(17,3,'92b2a10875da31e287e14b4a23fee52d263948a9.jpeg',NULL,NULL,1),(18,3,'f56f7779aaf6ab1187f9772ce469440a440a0b9d.jpeg',NULL,NULL,1),(19,3,'f674c9ac06b09cba24b6e22472b53e4918585d3b.jpeg',NULL,NULL,1),(20,3,'46ab3977fdcec55fbabb1ff0ad68270c161bd07e.jpeg',NULL,NULL,1),(21,3,'46ceac45f22b3dc675fe70674dd22a82e4b2f648.jpeg',NULL,NULL,1),(22,3,'db473cde011b003f2d2fc109c908de7b4de515ea.jpeg',NULL,NULL,1),(23,3,'f4c29f63d06f90ab144e4e7921c8bd87afafa1bc.jpeg',NULL,NULL,1),(24,3,'79d7467a40eb3c381dffded4280aecf80148bbf3.jpeg',NULL,NULL,1),(25,3,'38f40376086f0d2795d32ff5bf221449da2aedaf.jpeg',NULL,NULL,1),(26,3,'9693e22ab2a960c548ed171eb8836b16adf4b372.jpeg',NULL,NULL,1),(27,3,'837d2e9ece256e7ce176e3d2015251d97b7aeab4.jpeg',NULL,NULL,1),(28,3,'82e190f08ae81a22a0d06c43ee8b52a97b6fa180.jpeg',NULL,NULL,1),(29,3,'b82b3d83ce655044a72e9104eedf096e09808652.jpeg',NULL,NULL,1),(30,3,'73fd2a632a7a753f3f49899b832de9bd540682a6.jpeg',NULL,NULL,1),(31,3,'c93fcd78ab940989da2b65435157fdd2959ad486.jpeg',NULL,NULL,1),(32,3,'070edef76f20dc174a6dee0ec2af19253ccabff6.jpeg',NULL,NULL,1),(33,4,'7758fb68fe7e20d028d0ddd922f414c95f2e0eb3.jpeg','Рекомендательное письмо ТСЖ \"Корабейников 1\" Москва','<p>Рекомендательное письмо ТСЖ &quot;Корабейников 1&quot; Москва</p>',1),(34,4,'6fa68643fec013e558e40552cf1176b26d188799.jpeg','Рекомендательное письмо за обслуживание МГУ им. М.В.Ломоносова','<p>Рекомендательное письмо за обслуживание МГУ им. М.В.Ломоносова</p>',1),(36,4,'3914d84d7a279b5c7139345cd91807ac166dbbdf.jpeg','Рекомендательное письмо от Банка Корпоративного Финансирования','<p>Рекомендательное письмо от Банка Корпоративного Финансирования</p>',1);
/*!40000 ALTER TABLE `image_gallery` ENABLE KEYS */;
UNLOCK TABLES;

--
-- Table structure for table `image_gallery_category`
--

DROP TABLE IF EXISTS `image_gallery_category`;
/*!40101 SET @saved_cs_client     = @@character_set_client */;
/*!40101 SET character_set_client = utf8 */;
CREATE TABLE `image_gallery_category` (
  `id` int(11) NOT NULL AUTO_INCREMENT,
  `alias` varchar(100) COLLATE utf8_unicode_ci NOT NULL,
  `title` varchar(255) COLLATE utf8_unicode_ci DEFAULT NULL,
  `description` longtext COLLATE utf8_unicode_ci,
  `is_active` tinyint(1) DEFAULT NULL,
  PRIMARY KEY (`id`),
  UNIQUE KEY `UNIQ_B46498B6E16C6B94` (`alias`)
) ENGINE=InnoDB AUTO_INCREMENT=5 DEFAULT CHARSET=utf8 COLLATE=utf8_unicode_ci;
/*!40101 SET character_set_client = @saved_cs_client */;

--
-- Dumping data for table `image_gallery_category`
--

LOCK TABLES `image_gallery_category` WRITE;
/*!40000 ALTER TABLE `image_gallery_category` DISABLE KEYS */;
INSERT INTO `image_gallery_category` VALUES (2,'license',NULL,NULL,1),(3,'certificate',NULL,NULL,1),(4,'rekomendat_pisma','Рекомендательные письма',NULL,1);
/*!40000 ALTER TABLE `image_gallery_category` ENABLE KEYS */;
UNLOCK TABLES;

--
-- Table structure for table `image_gallery_category_translations`
--

DROP TABLE IF EXISTS `image_gallery_category_translations`;
/*!40101 SET @saved_cs_client     = @@character_set_client */;
/*!40101 SET character_set_client = utf8 */;
CREATE TABLE `image_gallery_category_translations` (
  `id` int(11) NOT NULL AUTO_INCREMENT,
  `object_id` int(11) DEFAULT NULL,
  `locale` varchar(8) COLLATE utf8_unicode_ci NOT NULL,
  `field` varchar(32) COLLATE utf8_unicode_ci NOT NULL,
  `content` longtext COLLATE utf8_unicode_ci,
  PRIMARY KEY (`id`),
  UNIQUE KEY `lookup_unique_idx` (`locale`,`object_id`,`field`),
  KEY `IDX_96D995D0232D562B` (`object_id`),
  CONSTRAINT `FK_96D995D0232D562B` FOREIGN KEY (`object_id`) REFERENCES `image_gallery_category` (`id`) ON DELETE CASCADE
) ENGINE=InnoDB AUTO_INCREMENT=17 DEFAULT CHARSET=utf8 COLLATE=utf8_unicode_ci;
/*!40101 SET character_set_client = @saved_cs_client */;

--
-- Dumping data for table `image_gallery_category_translations`
--

LOCK TABLES `image_gallery_category_translations` WRITE;
/*!40000 ALTER TABLE `image_gallery_category_translations` DISABLE KEYS */;
INSERT INTO `image_gallery_category_translations` VALUES (5,2,'ru','title','Лицензии'),(6,2,'ru','description',NULL),(7,2,'en','title','Licenses'),(8,2,'en','description',NULL),(9,3,'ru','title','Сертификаты'),(10,3,'ru','description',NULL),(11,3,'en','title',NULL),(12,3,'en','description',NULL),(13,4,'ru','title','Рекомендательные письма'),(14,4,'ru','description',NULL),(15,4,'en','title',NULL),(16,4,'en','description',NULL);
/*!40000 ALTER TABLE `image_gallery_category_translations` ENABLE KEYS */;
UNLOCK TABLES;

--
-- Table structure for table `image_gallery_translations`
--

DROP TABLE IF EXISTS `image_gallery_translations`;
/*!40101 SET @saved_cs_client     = @@character_set_client */;
/*!40101 SET character_set_client = utf8 */;
CREATE TABLE `image_gallery_translations` (
  `id` int(11) NOT NULL AUTO_INCREMENT,
  `object_id` int(11) DEFAULT NULL,
  `locale` varchar(8) COLLATE utf8_unicode_ci NOT NULL,
  `field` varchar(32) COLLATE utf8_unicode_ci NOT NULL,
  `content` longtext COLLATE utf8_unicode_ci,
  PRIMARY KEY (`id`),
  UNIQUE KEY `lookup_unique_idx` (`locale`,`object_id`,`field`),
  KEY `IDX_A89A4F1F232D562B` (`object_id`),
  CONSTRAINT `FK_A89A4F1F232D562B` FOREIGN KEY (`object_id`) REFERENCES `image_gallery` (`id`) ON DELETE CASCADE
) ENGINE=InnoDB AUTO_INCREMENT=145 DEFAULT CHARSET=utf8 COLLATE=utf8_unicode_ci;
/*!40101 SET character_set_client = @saved_cs_client */;

--
-- Dumping data for table `image_gallery_translations`
--

LOCK TABLES `image_gallery_translations` WRITE;
/*!40000 ALTER TABLE `image_gallery_translations` DISABLE KEYS */;
INSERT INTO `image_gallery_translations` VALUES (5,2,'ru','title','Свидетельство ИНН ООО \"ВАЙФАЙНДЕР\"'),(6,2,'ru','description','<p>Свидетельство ООО &quot;ВАЙФАЙНДЕР&quot;&nbsp;о постановке на учет в налоговом органе юридического лица, образованного в соответствии с законодательством Российской Федирации, по месту нахождения на территории Российской Федерации</p>'),(7,2,'en','title',NULL),(8,2,'en','description',NULL),(9,3,'ru','title','Свидетельство ЕГРЮЛ'),(10,3,'ru','description','<p>Свидетельство ООО &quot;ВАЙФАЙНДЕР&quot;&nbsp;о внесении записи в Единый государственный реестр юридических лиц</p>'),(11,3,'en','title',NULL),(12,3,'en','description',NULL),(17,5,'ru','title','Свидетельство № СРО-С-108-11122009-193'),(18,5,'ru','description','<p>Свидетельство ООО &quot;ВАЙФАЙНДЕР&quot;&nbsp;о допуске на выполнение строительных работ, которые оказывают влияние на безопасность объектов капитального строительства</p>'),(19,5,'en','title',NULL),(20,5,'en','description',NULL),(21,6,'ru','title','Свидетельство №СРО-П-107-7728501020-14052010-0073'),(22,6,'ru','description','<p>Свидетельство ООО &quot;ВАЙФАЙНДЕР&quot; о допуске к работам по подготовке проектной документации, которые оказывают влияние на безопасность объектов капитального строительства</p>'),(23,6,'en','title',NULL),(24,6,'en','description',NULL),(25,7,'ru','title','Лицензия №8-Б/02262'),(26,7,'ru','description','<p>Лицензия ООО &quot;ВАЙФАЙНДЕР&quot; на осществление деятельности по монтажу, техническому обслуживанию и ремонту средств обеспечения пожарной безопасности зданий и сооружений</p>'),(27,7,'en','title',NULL),(28,7,'en','description',NULL),(29,8,'ru','title','Свидетельство №0287.03-2010-7728501020-С-108'),(30,8,'ru','description','<p>Свидетельство ООО &quot;ВАЙФАЙНДЕР&quot; о допуске к определенному виду или видам работ, которые оказывают влияние на безопасность объектов капитального строительства</p>'),(31,8,'en','title',NULL),(32,8,'en','description',NULL),(33,9,'ru','title','Лицензия ГТ № 0049427 ФСБ РФ'),(34,9,'ru','description','<p>Лицензия&nbsp;ООО &quot;ВАЙФАЙНДЕР&quot; на осуществление работ, связанных с использованием сведений, состовляющих государственную тайну</p>'),(35,9,'en','title',NULL),(36,9,'en','description',NULL),(41,11,'ru','title','СЕРТИФИКАТ Apollo - Wifinder Алексей Суворов'),(42,11,'ru','description','<p>СЕРТИФИКАТ Apollo - Wifinder Алексей Суворов</p>'),(43,11,'en','title',NULL),(44,11,'en','description',NULL),(45,12,'ru','title','Сертификат Honeywell'),(46,12,'ru','description','<p>Настоящим сертификатом подтверждается, что компания Wifinder является официальным партнером &nbsp;Honeywell Life Austria GmbH и&nbsp;авторизована проводить работы по проектированию, поставке, монтажу, пуско-наладке и обслуживанию систем, выполненных на оборудовании: Esser,&nbsp;Variodyn,&nbsp;Ackermann Clino.</p>'),(47,12,'en','title',NULL),(48,12,'en','description',NULL),(49,13,'ru','title','Honeywell Security Groupe'),(50,13,'ru','description','<p>Компания ООО &quot;ВАЙФАЙНДЕР&quot; является официальным партнером&nbsp;Honeywell Security Groupe</p>'),(51,13,'en','title',NULL),(52,13,'en','description',NULL),(53,14,'ru','title','Сертификат SIEMENS'),(54,14,'ru','description','<p>Настоящий сертификат подтверждает, что ООО &quot;ВАЙФАЙНДЕР&quot; является официальным партнером департамента &quot;Автоматизации и безопасности зданий&quot; компании &quot;Сименс&quot;</p>'),(55,14,'en','title',NULL),(56,14,'en','description',NULL),(61,16,'ru','title','СЕРТИФИКАТ Apollo - Wifinder Дмитрий Воронцов'),(62,16,'ru','description','<p>СЕРТИФИКАТ Apollo - Wifinder Дмитрий Воронцов</p>'),(63,16,'en','title',NULL),(64,16,'en','description',NULL),(65,17,'ru','title','Сертификат Honeywell - Wifinder Базанову Андрею'),(66,17,'ru','description','<p>Сертификат Honeywell - Wifinder Базанову Андрею</p>'),(67,17,'en','title',NULL),(68,17,'en','description',NULL),(69,18,'ru','title','Сертификат Honeywell - Wifinder Качнову Михаилу'),(70,18,'ru','description','<p>Сертификат Honeywell - Wifinder Качнову Михаилу, системы пожарной сигнализации ESSER</p>'),(71,18,'en','title',NULL),(72,18,'en','description',NULL),(73,19,'ru','title','Сертификат Honeywell - Wifinder Суворову Алексею'),(74,19,'ru','description','<p>Сертификат Honeywell - Wifinder Суворову Алексею, системы пожарной сигнализации ESSER</p>'),(75,19,'en','title',NULL),(76,19,'en','description',NULL),(77,20,'ru','title','Сертификат Honeywell - Wifinder Базанову Сергею'),(78,20,'ru','description','<p>Сертификат Honeywell - Wifinder&nbsp;Базанову Сергею</p>'),(79,20,'en','title',NULL),(80,20,'en','description',NULL),(81,21,'ru','title','Сертификат Honeywell - Wifinder Воронцову Дмитрию'),(82,21,'ru','description','<p><span style=\"font-family: \'Helvetica Neue\', Helvetica, Arial, sans-serif; font-size: 14px; text-align: left; \">Сертификат Honeywell - Wifinder Воронцову Дмитрию, системы пожарной сигнализации ESSER</span></p>'),(83,21,'en','title',NULL),(84,21,'en','description',NULL),(85,22,'ru','title','Сертификат Дистрибьютора Honeywell - ООО \"ВАЙФАЙНДЕР\"'),(86,22,'ru','description','<p>Сертификат Honeywell Настоящим подтверждается, что ООО &quot;ВАЙФАЙНДЕР&quot; является официальным дистрибьютером компании Honeywell Life Safety Austria GmbH</p>'),(87,22,'en','title',NULL),(88,22,'en','description',NULL),(89,23,'ru','title','Сертификат Legrand - ООО \"ВАЙФАЙНДЕР\"'),(90,23,'ru','description','<p>Сертификат Legrand -&nbsp;ООО &quot;ВАЙФАЙНДЕР&quot; является авторизованным партнером</p>'),(91,23,'en','title',NULL),(92,23,'en','description',NULL),(93,24,'ru','title','Сертификат Legrand - ООО \"ВАЙФАЙНДЕР\" Суворов Алексей'),(94,24,'ru','description','<p><span style=\"font-family: \'Helvetica Neue\', Helvetica, Arial, sans-serif; font-size: 14px; text-align: left; background-color: rgb(245, 245, 245); \">Сертификат Legrand - ООО &quot;ВАЙФАЙНДЕР&quot; Суворов Алексей</span></p>'),(95,24,'en','title',NULL),(96,24,'en','description',NULL),(97,25,'ru','title','Сертификат Legrand - ООО \"ВАЙФАЙНДЕР\" Базанов Андрей'),(98,25,'ru','description','<p><span style=\"font-family: \'Helvetica Neue\', Helvetica, Arial, sans-serif; font-size: 14px; text-align: left; background-color: rgb(245, 245, 245); \">Сертификат Legrand - ООО &quot;ВАЙФАЙНДЕР&quot; Базанов Андрей</span></p>'),(99,25,'en','title',NULL),(100,25,'en','description',NULL),(101,26,'ru','title','Сертификат Legrand - ООО \"ВАЙФАЙНДЕР\" Качнов Михаил'),(102,26,'ru','description','<p><span style=\"font-family: \'Helvetica Neue\', Helvetica, Arial, sans-serif; font-size: 14px; text-align: left; background-color: rgb(245, 245, 245); \">Сертификат Legrand - ООО &quot;ВАЙФАЙНДЕР&quot; Качнов Михаил</span></p>'),(103,26,'en','title',NULL),(104,26,'en','description',NULL),(105,27,'ru','title','Сертификат Siemens - ООО \"ВАЙФАЙНДЕР\" Базанов Андрей Сергеевич'),(106,27,'ru','description','<p>Сертификат Siemens - ООО &quot;ВАЙФАЙНДЕР&quot; Базанов Андрей Сергеевич, системы автоматики зданий на базе программно-аппаратного комплекса DESIGO</p>'),(107,27,'en','title',NULL),(108,27,'en','description',NULL),(109,28,'ru','title','Сертификат Siemens - ООО \"ВАЙФАЙНДЕР\" Калмин Константин Андреевич'),(110,28,'ru','description','Сертификат Siemens - ООО \"ВАЙФАЙНДЕР\" Калмин Константин Андреевич, DESIGO - обзорный курс по планированию системы'),(111,28,'en','title',NULL),(112,28,'en','description',NULL),(113,29,'ru','title','Сертификат Siemens - ООО \"ВАЙФАЙНДЕР\" Качанов Антон Павлович'),(114,29,'ru','description','Сертификат Siemens - ООО \"ВАЙФАЙНДЕР\" Качанов Антон Павлович, системы автоматики зданий на базе программно-аппаратного комплекса DESIGO'),(115,29,'en','title',NULL),(116,29,'en','description',NULL),(117,30,'ru','title','Сертификат Siemens - ООО \"ВАЙФАЙНДЕР\" Чернов Игорь Игоревич'),(118,30,'ru','description','Сертификат Siemens - ООО \"ВАЙФАЙНДЕР\" Чернов Игорь Игоревич, DESIGO - обзорный курс по планированию системы'),(119,30,'en','title',NULL),(120,30,'en','description',NULL),(121,31,'ru','title','Удостоверение ПБС - ООО \"ВАЙФАЙНДЕР\" Качнов Михаил Владимирович'),(122,31,'ru','description','Удостоверение ПБС - ООО \"ВАЙФАЙНДЕР\" Качнов Михаил Владимирович, в том что он прошел обучение по программе Монтаж, ремонт, пожарной и охранной сигнализации,систем противопожарного водоснабжения, систем оповещения и эвакуации людей при пожаре, систем молниезащиты зданий и сооружений'),(123,31,'en','title',NULL),(124,31,'en','description',NULL),(125,32,'ru','title','Удостоверение ПБС - ООО \"ВАЙФАЙНДЕР\" Логинов Дмитрий Анатольевич'),(126,32,'ru','description','Удостоверение ПБС - ООО \"ВАЙФАЙНДЕР\" Логинов Дмитрий Анатольевич, в том что он прошел обучение по программе Монтаж, ремонт, пожарной и охранной сигнализации,систем противопожарного водоснабжения, систем оповещения и эвакуации людей при пожаре, систем молниезащиты зданий и сооружений'),(127,32,'en','title',NULL),(128,32,'en','description',NULL),(129,33,'ru','title','Рекомендательное письмо ТСЖ \"Корабейников 1\" Москва'),(130,33,'ru','description','<p>Рекомендательное письмо ТСЖ &quot;Корабейников 1&quot; Москва</p>'),(131,33,'en','title',NULL),(132,33,'en','description',NULL),(133,34,'ru','title','Рекомендательное письмо за обслуживание МГУ им. М.В.Ломоносова'),(134,34,'ru','description','<p>Рекомендательное письмо за обслуживание МГУ им. М.В.Ломоносова</p>'),(135,34,'en','title',NULL),(136,34,'en','description',NULL),(141,36,'ru','title','Рекомендательное письмо от Банка Корпоративного Финансирования'),(142,36,'ru','description','<p>Рекомендательное письмо от Банка Корпоративного Финансирования</p>'),(143,36,'en','title',NULL),(144,36,'en','description',NULL);
/*!40000 ALTER TABLE `image_gallery_translations` ENABLE KEYS */;
UNLOCK TABLES;

--
-- Table structure for table `layout`
--

DROP TABLE IF EXISTS `layout`;
/*!40101 SET @saved_cs_client     = @@character_set_client */;
/*!40101 SET character_set_client = utf8 */;
CREATE TABLE `layout` (
  `id` int(11) NOT NULL AUTO_INCREMENT,
  `name` varchar(255) COLLATE utf8_unicode_ci NOT NULL,
  `description` varchar(1000) COLLATE utf8_unicode_ci NOT NULL,
  `file` varchar(255) COLLATE utf8_unicode_ci NOT NULL,
  PRIMARY KEY (`id`)
) ENGINE=InnoDB AUTO_INCREMENT=7 DEFAULT CHARSET=utf8 COLLATE=utf8_unicode_ci;
/*!40101 SET character_set_client = @saved_cs_client */;

--
-- Dumping data for table `layout`
--

LOCK TABLES `layout` WRITE;
/*!40000 ALTER TABLE `layout` DISABLE KEYS */;
INSERT INTO `layout` VALUES (1,'Шаблон по умолчанию','Шаблон по умсолчанию','_frontendContainer.html.twig'),(2,'Шаблон во всю ширину','Шаблон во всю ширину. Без левого меню и правого сайдбара','_frontendContainerFullWidth.html.twig'),(3,'Шаблон без левого меню','Шаблон без левого меню','_frontendContainerWithoutLeftMenu.html.twig'),(4,'Шаблон без правого сайдбара','Шаблон без правого сайдбара','_frontendContainerWithoutSidebar.html.twig'),(5,'Шаблон без левого меню и заголовка','Шаблон без левого меню и заголовка','_frontendContainerWithoutLeftMenuAndTitle.html.twig'),(6,'Шаблон без заголовка','Шаблон без заголовка','_frontendContainerWithoutTitle.html.twig');
/*!40000 ALTER TABLE `layout` ENABLE KEYS */;
UNLOCK TABLES;

--
-- Table structure for table `mailing_address`
--

DROP TABLE IF EXISTS `mailing_address`;
/*!40101 SET @saved_cs_client     = @@character_set_client */;
/*!40101 SET character_set_client = utf8 */;
CREATE TABLE `mailing_address` (
  `id` int(11) NOT NULL AUTO_INCREMENT,
  `first_name` varchar(225) COLLATE utf8_unicode_ci DEFAULT NULL,
  `middle_name` varchar(225) COLLATE utf8_unicode_ci DEFAULT NULL,
  `last_name` varchar(225) COLLATE utf8_unicode_ci DEFAULT NULL,
  `is_active` tinyint(1) DEFAULT NULL,
  `email` varchar(225) COLLATE utf8_unicode_ci DEFAULT NULL,
  `created` datetime NOT NULL,
  `is_confirm` tinyint(1) DEFAULT NULL,
  `confirm_code` varchar(225) COLLATE utf8_unicode_ci DEFAULT NULL,
  PRIMARY KEY (`id`)
) ENGINE=InnoDB AUTO_INCREMENT=20 DEFAULT CHARSET=utf8 COLLATE=utf8_unicode_ci;
/*!40101 SET character_set_client = @saved_cs_client */;

--
-- Dumping data for table `mailing_address`
--

LOCK TABLES `mailing_address` WRITE;
/*!40000 ALTER TABLE `mailing_address` DISABLE KEYS */;
INSERT INTO `mailing_address` VALUES (1,'Ирина','Леонидовна','Лебедева',1,'irina@pilotik.ru','2013-10-26 22:02:32',NULL,''),(2,'Дмитрий',NULL,'Сафонов',0,'d.safonov@wifinder.biz','2013-10-26 22:02:32',NULL,''),(3,'Дмитрий','Анатольевич','Воронцов',1,'d.vorontsov@wifinder.biz','2013-10-26 22:02:32',NULL,''),(5,'Roman','Vasil','Bolshunov',1,'roman2466@gmail.com','2013-10-26 22:02:32',NULL,''),(14,'Sergey','Test','Test',1,'dev10@list.ru','2013-10-26 22:02:32',1,NULL),(15,'Андрей','Евгеньевич','Говоров',1,'a.govorov@wifinder.biz','2013-10-27 20:40:20',1,NULL),(16,'Владислав','Александрович','Цыганко',0,'v.tsiganko@wifinder.biz','2013-10-29 06:56:44',1,NULL),(17,NULL,NULL,NULL,0,'roman2466@mail.ru','2013-11-16 01:41:28',1,'6a91e92adcf7a623caa7fbec16538e10'),(18,'Марина','Сергеевна','Спицына',0,'m.spitsyna@wifinder.biz','2014-02-04 11:18:46',1,NULL),(19,'Андрей','Владимирович','Охапин',1,'a.ohapin@wifinder.biz','2014-02-20 13:24:28',1,NULL);
/*!40000 ALTER TABLE `mailing_address` ENABLE KEYS */;
UNLOCK TABLES;

--
-- Table structure for table `mailingaddress_emailtype`
--

DROP TABLE IF EXISTS `mailingaddress_emailtype`;
/*!40101 SET @saved_cs_client     = @@character_set_client */;
/*!40101 SET character_set_client = utf8 */;
CREATE TABLE `mailingaddress_emailtype` (
  `mailingaddress_id` int(11) NOT NULL,
  `emailtype_id` int(11) NOT NULL,
  PRIMARY KEY (`mailingaddress_id`,`emailtype_id`),
  KEY `IDX_505290628A2E7E27` (`mailingaddress_id`),
  KEY `IDX_5052906241E5B8E0` (`emailtype_id`),
  CONSTRAINT `FK_5052906241E5B8E0` FOREIGN KEY (`emailtype_id`) REFERENCES `email_type` (`id`) ON DELETE CASCADE,
  CONSTRAINT `FK_505290628A2E7E27` FOREIGN KEY (`mailingaddress_id`) REFERENCES `mailing_address` (`id`) ON DELETE CASCADE
) ENGINE=InnoDB DEFAULT CHARSET=utf8 COLLATE=utf8_unicode_ci;
/*!40101 SET character_set_client = @saved_cs_client */;

--
-- Dumping data for table `mailingaddress_emailtype`
--

LOCK TABLES `mailingaddress_emailtype` WRITE;
/*!40000 ALTER TABLE `mailingaddress_emailtype` DISABLE KEYS */;
/*!40000 ALTER TABLE `mailingaddress_emailtype` ENABLE KEYS */;
UNLOCK TABLES;

--
-- Table structure for table `menu`
--

DROP TABLE IF EXISTS `menu`;
/*!40101 SET @saved_cs_client     = @@character_set_client */;
/*!40101 SET character_set_client = utf8 */;
CREATE TABLE `menu` (
  `id` int(11) NOT NULL AUTO_INCREMENT,
  `name` varchar(100) COLLATE utf8_unicode_ci NOT NULL,
  `alias` varchar(100) COLLATE utf8_unicode_ci NOT NULL,
  `is_active` tinyint(1) DEFAULT NULL,
  PRIMARY KEY (`id`),
  UNIQUE KEY `UNIQ_7D053A935E237E06` (`name`),
  UNIQUE KEY `UNIQ_7D053A93E16C6B94` (`alias`)
) ENGINE=InnoDB AUTO_INCREMENT=3 DEFAULT CHARSET=utf8 COLLATE=utf8_unicode_ci;
/*!40101 SET character_set_client = @saved_cs_client */;

--
-- Dumping data for table `menu`
--

LOCK TABLES `menu` WRITE;
/*!40000 ALTER TABLE `menu` DISABLE KEYS */;
INSERT INTO `menu` VALUES (1,'Основное','main',1),(2,'Нижнее','footer',1);
/*!40000 ALTER TABLE `menu` ENABLE KEYS */;
UNLOCK TABLES;

--
-- Table structure for table `menu_item`
--

DROP TABLE IF EXISTS `menu_item`;
/*!40101 SET @saved_cs_client     = @@character_set_client */;
/*!40101 SET character_set_client = utf8 */;
CREATE TABLE `menu_item` (
  `id` int(11) NOT NULL AUTO_INCREMENT,
  `menu_id` int(11) NOT NULL,
  `parent_id` int(11) DEFAULT NULL,
  `title` varchar(100) COLLATE utf8_unicode_ci DEFAULT NULL,
  `alias` varchar(100) COLLATE utf8_unicode_ci NOT NULL,
  `link` varchar(250) COLLATE utf8_unicode_ci NOT NULL,
  `is_active` tinyint(1) DEFAULT NULL,
  `is_visible` tinyint(1) DEFAULT NULL,
  `lft` int(11) NOT NULL,
  `rgt` int(11) NOT NULL,
  `root` int(11) DEFAULT NULL,
  `lvl` int(11) NOT NULL,
  PRIMARY KEY (`id`),
  UNIQUE KEY `UNIQ_D754D550E16C6B94` (`alias`),
  KEY `IDX_D754D550CCD7E912` (`menu_id`),
  KEY `IDX_D754D550727ACA70` (`parent_id`),
  CONSTRAINT `FK_D754D550727ACA70` FOREIGN KEY (`parent_id`) REFERENCES `menu_item` (`id`),
  CONSTRAINT `FK_D754D550CCD7E912` FOREIGN KEY (`menu_id`) REFERENCES `menu` (`id`) ON DELETE CASCADE
) ENGINE=InnoDB AUTO_INCREMENT=32 DEFAULT CHARSET=utf8 COLLATE=utf8_unicode_ci;
/*!40101 SET character_set_client = @saved_cs_client */;

--
-- Dumping data for table `menu_item`
--

LOCK TABLES `menu_item` WRITE;
/*!40000 ALTER TABLE `menu_item` DISABLE KEYS */;
INSERT INTO `menu_item` VALUES (1,1,NULL,'Основное','main','#',1,0,1,46,1,0),(2,1,1,NULL,'distribution','/distribution',0,1,2,3,1,1),(3,1,1,NULL,'integration','/integration',0,1,4,5,1,1),(4,1,1,NULL,'service','/service',0,1,6,7,1,1),(5,1,1,NULL,'projects','/projects',1,1,42,43,1,1),(6,1,1,NULL,'company','/company',1,1,8,23,1,1),(7,1,1,NULL,'contacts','/contacts',1,1,44,45,1,1),(8,2,NULL,'Нижнее','footer','#',1,0,1,14,8,0),(9,2,8,NULL,'distribution_footer','/distribution',1,1,2,3,8,1),(10,2,8,NULL,'integration_footer','/integration',1,1,4,5,8,1),(11,2,8,NULL,'service_footer','/service',1,1,6,7,8,1),(12,2,8,NULL,'projects_footer','/projects',1,1,8,9,8,1),(13,2,8,NULL,'company_footer','/company',1,1,10,11,8,1),(14,2,8,NULL,'contacts_footer','/contacts',1,1,12,13,8,1),(16,1,6,NULL,'wifinder','/wifinder',0,1,21,22,1,2),(17,1,6,NULL,'management','/management',1,1,11,12,1,2),(18,1,6,NULL,'license','/license',1,1,13,14,1,2),(19,1,6,NULL,'reviews','/reviews',0,1,17,18,1,2),(20,1,6,NULL,'vacancies','/vacancies',1,1,19,20,1,2),(21,1,6,NULL,'news','/news/main',0,1,9,10,1,2),(22,1,25,NULL,'article','/article',0,1,29,32,1,2),(23,1,6,NULL,'certificate','/certificate',1,1,15,16,1,2),(24,1,1,NULL,'produkti','/catalog/brands',1,1,24,25,1,1),(25,1,1,NULL,'podderzgka','/katalogi',1,1,26,41,1,1),(26,1,25,NULL,'katalogi','/katalogi',1,1,27,28,1,2),(27,1,25,NULL,'prezentacii','/prezentacii',0,1,33,34,1,2),(28,1,25,NULL,'resheniya','/resheniya',0,1,35,36,1,2),(29,1,25,NULL,'obuchenie','/obuchenie',0,1,37,38,1,2),(30,1,25,NULL,'garantii','/garantii',1,1,39,40,1,2),(31,1,22,NULL,'integration-article','/integration-article',0,1,30,31,1,3);
/*!40000 ALTER TABLE `menu_item` ENABLE KEYS */;
UNLOCK TABLES;

--
-- Table structure for table `menu_item_translations`
--

DROP TABLE IF EXISTS `menu_item_translations`;
/*!40101 SET @saved_cs_client     = @@character_set_client */;
/*!40101 SET character_set_client = utf8 */;
CREATE TABLE `menu_item_translations` (
  `id` int(11) NOT NULL AUTO_INCREMENT,
  `object_id` int(11) DEFAULT NULL,
  `locale` varchar(8) COLLATE utf8_unicode_ci NOT NULL,
  `field` varchar(32) COLLATE utf8_unicode_ci NOT NULL,
  `content` longtext COLLATE utf8_unicode_ci,
  PRIMARY KEY (`id`),
  UNIQUE KEY `lookup_unique_idx` (`locale`,`object_id`,`field`),
  KEY `IDX_24D3F735232D562B` (`object_id`),
  CONSTRAINT `FK_24D3F735232D562B` FOREIGN KEY (`object_id`) REFERENCES `menu_item` (`id`) ON DELETE CASCADE
) ENGINE=InnoDB AUTO_INCREMENT=61 DEFAULT CHARSET=utf8 COLLATE=utf8_unicode_ci;
/*!40101 SET character_set_client = @saved_cs_client */;

--
-- Dumping data for table `menu_item_translations`
--

LOCK TABLES `menu_item_translations` WRITE;
/*!40000 ALTER TABLE `menu_item_translations` DISABLE KEYS */;
INSERT INTO `menu_item_translations` VALUES (1,1,'ru','title','Основное'),(2,2,'ru','title','ДИСТРИБЬЮЦИЯ'),(3,2,'en','title','DISTRIBUTION'),(4,3,'ru','title','ИНТЕГРАЦИЯ'),(5,3,'en','title','INTEGRATION'),(6,4,'ru','title','СЕРВИС'),(7,4,'en','title','SERVICE'),(8,5,'ru','title','ПРОЕКТЫ'),(9,5,'en','title','PROJECTS'),(10,6,'ru','title','О КОМПАНИИ'),(11,6,'en','title','COMPANY'),(12,7,'ru','title','КОНТАКТЫ'),(13,7,'en','title','CONTACTS'),(14,8,'ru','title','Нижнее'),(15,9,'ru','title','ДИСТРИБЬЮЦИЯ'),(16,9,'en','title','DISTRIBUTION'),(17,10,'ru','title','ИНТЕГРАЦИЯ'),(18,10,'en','title','INTEGRATION'),(19,11,'ru','title','СЕРВИС'),(20,11,'en','title','SERVICE'),(21,12,'ru','title','ПРОЕКТЫ'),(22,12,'en','title','PROJECTS'),(23,13,'ru','title','КОМПАНИЯ'),(24,13,'en','title','COMPANY'),(25,14,'ru','title','КОНТАКТЫ'),(26,14,'en','title','CONTACTS'),(29,16,'ru','title','ВАЙФАЙНДЕР'),(30,16,'en','title','WIFINDER'),(31,17,'ru','title','РУКОВОДСТВО'),(32,17,'en','title','MANAGEMENT'),(33,18,'ru','title','ЛИЦЕНЗИИ'),(34,18,'en','title','LICENSE'),(35,19,'ru','title','ОТЗЫВЫ'),(36,19,'en','title','REVIEWS'),(37,20,'ru','title','ВАКАНСИИ'),(38,20,'en','title','VACANCIES'),(39,21,'ru','title','НОВОСТИ'),(40,21,'en','title','NEWS'),(41,22,'ru','title','СТАТЬИ'),(42,22,'en','title','ARTICLE'),(43,23,'ru','title','СЕРТИФИКАТЫ'),(44,23,'en','title','CERTIFICATE'),(45,24,'ru','title','ПРОДУКТЫ'),(46,24,'en','title','PRODUCTS'),(47,25,'ru','title','ПОДДЕРЖКА'),(48,25,'en','title','SUPPORT'),(49,26,'ru','title','КАТАЛОГИ'),(50,26,'en','title',NULL),(51,27,'ru','title','ПРЕЗЕНТАЦИИ'),(52,27,'en','title',NULL),(53,28,'ru','title','РЕШЕНИЯ'),(54,28,'en','title',NULL),(55,29,'ru','title','ОБУЧЕНИЕ'),(56,29,'en','title',NULL),(57,30,'ru','title','ГАРАНТИИ'),(58,30,'en','title',NULL),(59,31,'ru','title','Интеграция'),(60,31,'en','title',NULL);
/*!40000 ALTER TABLE `menu_item_translations` ENABLE KEYS */;
UNLOCK TABLES;

--
-- Table structure for table `news_category`
--

DROP TABLE IF EXISTS `news_category`;
/*!40101 SET @saved_cs_client     = @@character_set_client */;
/*!40101 SET character_set_client = utf8 */;
CREATE TABLE `news_category` (
  `id` int(11) NOT NULL AUTO_INCREMENT,
  `parent_id` int(11) DEFAULT NULL,
  `lft` int(11) NOT NULL,
  `rgt` int(11) NOT NULL,
  `root` int(11) DEFAULT NULL,
  `lvl` int(11) NOT NULL,
  `sort` int(11) DEFAULT NULL,
  `alias` varchar(100) COLLATE utf8_unicode_ci NOT NULL,
  `title` varchar(255) COLLATE utf8_unicode_ci DEFAULT NULL,
  `description` longtext COLLATE utf8_unicode_ci,
  `is_active` tinyint(1) DEFAULT NULL,
  PRIMARY KEY (`id`),
  UNIQUE KEY `UNIQ_4F72BA90E16C6B94` (`alias`),
  KEY `IDX_4F72BA90727ACA70` (`parent_id`),
  CONSTRAINT `FK_4F72BA90727ACA70` FOREIGN KEY (`parent_id`) REFERENCES `news_category` (`id`) ON DELETE SET NULL
) ENGINE=InnoDB AUTO_INCREMENT=4 DEFAULT CHARSET=utf8 COLLATE=utf8_unicode_ci;
/*!40101 SET character_set_client = @saved_cs_client */;

--
-- Dumping data for table `news_category`
--

LOCK TABLES `news_category` WRITE;
/*!40000 ALTER TABLE `news_category` DISABLE KEYS */;
INSERT INTO `news_category` VALUES (1,NULL,1,2,1,0,1,'main',NULL,NULL,1),(2,NULL,1,2,2,0,0,'technology',NULL,NULL,1),(3,NULL,1,2,3,0,NULL,'exhibition',NULL,NULL,1);
/*!40000 ALTER TABLE `news_category` ENABLE KEYS */;
UNLOCK TABLES;

--
-- Table structure for table `news_category_translations`
--

DROP TABLE IF EXISTS `news_category_translations`;
/*!40101 SET @saved_cs_client     = @@character_set_client */;
/*!40101 SET character_set_client = utf8 */;
CREATE TABLE `news_category_translations` (
  `id` int(11) NOT NULL AUTO_INCREMENT,
  `object_id` int(11) DEFAULT NULL,
  `locale` varchar(8) COLLATE utf8_unicode_ci NOT NULL,
  `field` varchar(32) COLLATE utf8_unicode_ci NOT NULL,
  `content` longtext COLLATE utf8_unicode_ci,
  PRIMARY KEY (`id`),
  UNIQUE KEY `lookup_unique_idx` (`locale`,`object_id`,`field`),
  KEY `IDX_DFA73D79232D562B` (`object_id`),
  CONSTRAINT `FK_DFA73D79232D562B` FOREIGN KEY (`object_id`) REFERENCES `news_category` (`id`) ON DELETE CASCADE
) ENGINE=InnoDB AUTO_INCREMENT=13 DEFAULT CHARSET=utf8 COLLATE=utf8_unicode_ci;
/*!40101 SET character_set_client = @saved_cs_client */;

--
-- Dumping data for table `news_category_translations`
--

LOCK TABLES `news_category_translations` WRITE;
/*!40000 ALTER TABLE `news_category_translations` DISABLE KEYS */;
INSERT INTO `news_category_translations` VALUES (1,1,'ru','title','Основные события в нашей компании'),(2,1,'ru','description','<p>Мы всегда держим Вас в курсе основных&nbsp;событий&nbsp;нашей компании.</p>'),(3,1,'en','title','Major events in our company'),(4,1,'en','description','<p>Мы всегда держим Вас в курсе&nbsp;основных&nbsp;событий&nbsp;нашей компании.</p>'),(5,2,'ru','title','Технологии'),(6,2,'ru','description','<p>Последние новости из мира высоких технологий.</p>'),(7,2,'en','title','Technology'),(8,2,'en','description','<p>Последние новости из мира высоких технологий.</p>'),(9,3,'ru','title','Выставки и конференции'),(10,3,'ru','description','<p>Вниманию специалистов!</p>'),(11,3,'en','title','The exhibition and conference'),(12,3,'en','description','Attention of specialists!');
/*!40000 ALTER TABLE `news_category_translations` ENABLE KEYS */;
UNLOCK TABLES;

--
-- Table structure for table `news_item`
--

DROP TABLE IF EXISTS `news_item`;
/*!40101 SET @saved_cs_client     = @@character_set_client */;
/*!40101 SET character_set_client = utf8 */;
CREATE TABLE `news_item` (
  `id` int(11) NOT NULL AUTO_INCREMENT,
  `category_id` int(11) DEFAULT NULL,
  `title` varchar(100) COLLATE utf8_unicode_ci DEFAULT NULL,
  `alias` varchar(100) COLLATE utf8_unicode_ci NOT NULL,
  `anons` longtext COLLATE utf8_unicode_ci,
  `content` longtext COLLATE utf8_unicode_ci,
  `is_active` tinyint(1) DEFAULT NULL,
  `created` datetime NOT NULL,
  `updated` datetime NOT NULL,
  `publish` datetime NOT NULL,
  `end_date` datetime DEFAULT NULL,
  `is_sent` tinyint(1) DEFAULT NULL,
  PRIMARY KEY (`id`),
  UNIQUE KEY `UNIQ_CAC6D395E16C6B94` (`alias`),
  KEY `IDX_CAC6D39512469DE2` (`category_id`),
  CONSTRAINT `FK_CAC6D39512469DE2` FOREIGN KEY (`category_id`) REFERENCES `news_category` (`id`) ON DELETE CASCADE
) ENGINE=InnoDB AUTO_INCREMENT=24 DEFAULT CHARSET=utf8 COLLATE=utf8_unicode_ci;
/*!40101 SET character_set_client = @saved_cs_client */;

--
-- Dumping data for table `news_item`
--

LOCK TABLES `news_item` WRITE;
/*!40000 ALTER TABLE `news_item` DISABLE KEYS */;
INSERT INTO `news_item` VALUES (1,3,NULL,'news_day',NULL,NULL,1,'2013-03-20 21:43:16','2013-10-30 23:00:59','2013-03-19 01:00:00',NULL,1),(3,1,NULL,'anniversary',NULL,NULL,1,'2013-03-20 21:45:48','2013-10-30 23:01:00','2013-01-17 01:00:00',NULL,1),(4,1,NULL,'new_ofice',NULL,NULL,1,'2013-03-20 21:52:56','2013-10-30 23:01:00','2012-02-02 01:00:00',NULL,1),(5,2,NULL,'Dallmeier-51mp',NULL,NULL,1,'2013-03-23 13:37:31','2013-10-30 23:01:01','2011-11-22 01:00:00',NULL,1),(6,2,NULL,'FlexEScontrol',NULL,NULL,1,'2013-03-23 13:38:58','2013-10-30 23:01:01','2011-09-02 00:00:00',NULL,1),(7,1,NULL,'news2008',NULL,NULL,1,'2013-03-31 15:29:29','2013-10-30 23:01:02','2008-05-25 00:00:00',NULL,1),(8,3,NULL,'SIPS-2011',NULL,NULL,1,'2013-03-31 17:00:56','2013-10-30 23:01:03','2011-10-03 00:00:00',NULL,1),(9,3,NULL,'sips-2013',NULL,NULL,1,'2013-03-31 17:19:51','2013-10-30 23:01:03','2013-03-30 01:00:00',NULL,1),(10,3,NULL,'mips-2013',NULL,NULL,1,'2013-03-31 17:34:15','2013-10-30 23:01:04','2013-03-30 01:00:00',NULL,1),(11,3,NULL,'news43',NULL,NULL,1,'2013-08-07 00:33:09','2013-10-30 23:01:04','2010-11-19 00:00:00',NULL,1),(12,3,NULL,'ITS2013',NULL,NULL,1,'2013-09-01 21:56:20','2013-10-30 23:01:05','2013-08-15 00:00:00',NULL,1),(13,1,NULL,'ryazan2013',NULL,NULL,1,'2013-09-05 19:48:18','2013-10-30 23:01:05','2013-07-31 00:00:00',NULL,1),(14,3,NULL,'SIPS2013',NULL,NULL,1,'2013-09-05 20:11:58','2013-10-30 23:01:06','2013-08-29 00:00:00',NULL,1),(15,3,NULL,'TIIE-2013',NULL,NULL,1,'2013-09-05 20:36:31','2013-10-30 23:01:06','2013-08-27 00:00:00',NULL,1),(16,1,NULL,'fppi-2013',NULL,NULL,1,'2013-09-22 16:02:27','2013-11-06 18:02:41','2013-09-13 00:00:00',NULL,1),(17,1,NULL,'legrand_2010',NULL,NULL,1,'2013-10-22 20:51:10','2013-10-30 23:01:07','2010-04-15 00:00:00',NULL,1),(18,1,NULL,'RAG_2013',NULL,NULL,1,'2013-10-27 21:20:48','2013-10-30 23:01:08','2013-10-25 00:00:00',NULL,0),(19,3,NULL,'allexpo',NULL,NULL,1,'2013-11-15 13:17:14','2013-11-15 22:18:53','2013-11-05 01:00:00',NULL,1),(20,1,'Компания ВАЙФАЙНДЕР примет участие в форуме All-over-IP Expo 2013','alloveripexpo','<p>Компания ВАЙФАЙНДЕР примет участие в форуме All-over-IP Expo 2013</p>',NULL,1,'2013-11-15 22:07:59','2013-11-15 22:35:51','2013-11-10 01:00:00',NULL,0),(21,1,'Компания ВАЙФАЙНДЕР номинант Всеросийской премии \"Национальная марка качества\"','nacionalnaja_marka_kachestva_2013',NULL,NULL,1,'2013-11-27 00:19:44','2013-11-27 01:20:30','2013-11-25 01:00:00',NULL,0),(22,1,'Компания ВАЙФАЙНДЕР отмечена во всероссийском конкурсе \"100 лучших организаций России-2013\"','innovation_and_development_2013','<p>Оргкомитет Международного форума &quot;Инновации и Развитие&quot; отметил высокий уровень работы компании &quot;ВАЙФАЙНДЕР&quot; и активную деятельнось по укреплению конкурентноспособности российской экономике и интеграции её в мировое экономическое сообщество.</p>',NULL,1,'2013-12-12 00:14:56','2013-12-12 00:27:29','2013-12-11 01:00:00',NULL,0),(23,1,'С Новым 2014 Годом и Рождеством!','happy_new_year_2014','<p>Дорогие Коллеги и Партнеры! Уважаемые друзья! Компания &laquo;ВАЙФАЙНДЕР&raquo; искренне поздравляем Вас с наступающим Новым 2014 Годом и Рождеством! Желаем Вам счастья, здоровья и семейного благополучия....</p>',NULL,1,'2014-01-08 23:25:57','2014-01-08 23:33:15','2013-12-31 01:00:00',NULL,0);
/*!40000 ALTER TABLE `news_item` ENABLE KEYS */;
UNLOCK TABLES;

--
-- Table structure for table `news_item_image`
--

DROP TABLE IF EXISTS `news_item_image`;
/*!40101 SET @saved_cs_client     = @@character_set_client */;
/*!40101 SET character_set_client = utf8 */;
CREATE TABLE `news_item_image` (
  `id` int(11) NOT NULL AUTO_INCREMENT,
  `news_id` int(11) DEFAULT NULL,
  `path` varchar(255) COLLATE utf8_unicode_ci DEFAULT NULL,
  `title` varchar(255) COLLATE utf8_unicode_ci DEFAULT NULL,
  `description` longtext COLLATE utf8_unicode_ci,
  PRIMARY KEY (`id`),
  KEY `IDX_3E5C8F6B5A459A0` (`news_id`),
  CONSTRAINT `FK_3E5C8F6B5A459A0` FOREIGN KEY (`news_id`) REFERENCES `news_item` (`id`) ON DELETE CASCADE
) ENGINE=InnoDB AUTO_INCREMENT=42 DEFAULT CHARSET=utf8 COLLATE=utf8_unicode_ci;
/*!40101 SET character_set_client = @saved_cs_client */;

--
-- Dumping data for table `news_item_image`
--

LOCK TABLES `news_item_image` WRITE;
/*!40000 ALTER TABLE `news_item_image` DISABLE KEYS */;
INSERT INTO `news_item_image` VALUES (8,7,'cb95c1d748ab9dbabcc98e97a9fd537a77d98d55.jpeg',NULL,NULL),(9,8,'c343d9c95271014f595b7885db949301bc23a38c.png',NULL,NULL),(10,1,'392e5ae8dcab09aa2e8ebd0d380da247a3b48a8f.jpeg',NULL,NULL),(11,9,'634681d933b37e814615b040794df63c714d2e84.png',NULL,NULL),(12,10,'d9ffa99e064854b070ee1a09d64ee4643548c094.jpeg',NULL,NULL),(13,1,'ae2df58ab40304ec97b86dd51bb6c39b0d7f0c86.jpeg',NULL,NULL),(14,5,'0ce5db848a8eeb4a8b610390e815b45d12b392a1.jpeg',NULL,NULL),(15,5,'9f2a79c9e250bf6ae867edecbd56653a254616ca.jpeg',NULL,NULL),(18,6,'a0e7a87f7e2b5d506b8df95d755f1099af2dad13.jpeg',NULL,NULL),(19,3,'fd350d9a1ea33d0e8e89c893b028af4ae9ec3d56.jpeg',NULL,NULL),(21,4,'5c779e728ed7406f3faefbc7fc437321ce7832d7.jpeg',NULL,NULL),(22,11,'0bdb51365c3eac61d4162abd4795ddac83a54642.jpeg',NULL,NULL),(24,12,'6e0fd5a520260166c1135f01a8782746e41fe7eb.jpeg',NULL,NULL),(25,13,'9f7045973c0bbe15e1e491755acc92ff746a3bce.jpeg',NULL,NULL),(26,13,'60c7d57d215687f014935c2fe81956ff78a83889.jpeg',NULL,NULL),(27,13,'51dab6964ac110ac5a357690b6ceb033d846c6c5.jpeg',NULL,NULL),(28,13,'7ac0cbd011115faac107231d182c6d2fa1be3f54.jpeg',NULL,NULL),(29,13,'b545c4ba8ccb656267b499defb2e4668f19c9cd8.jpeg',NULL,NULL),(30,14,'9b627cf36fce9c0f204f0761a887a58a62f10e08.png',NULL,NULL),(31,16,'ecaea1e0197e53d26f552516cf205c73039dbd1c.jpeg',NULL,NULL),(32,17,'3d4b9c2b661e997afeb387e799fa22f6f1c9232e.jpeg',NULL,NULL),(33,18,'f6d87903ebc72182e29ce43be8f74609ce2a2bb0.jpeg',NULL,NULL),(34,18,'917997cabc61598d74f1a9e951a52a8200a9c205.jpeg',NULL,NULL),(35,18,'e6fa01e2c1e5d2cd330af02f9d78f900940c156d.jpeg',NULL,NULL),(36,19,'f98555933ab479c5d3c6de6382361256dfe71063.jpeg',NULL,NULL),(37,21,'100db278816ae9f9c96727d27f67999727a06c12.jpeg',NULL,NULL),(38,21,'049cb0b2cee93afbe8ddf438c6850a1a4449c81d.jpeg',NULL,NULL),(39,21,'464335c2dc3241b674f87e17b387bd6b9a88226c.jpeg',NULL,NULL),(40,22,'45c53fc572d644e9c07e31321f2f3960a8c86569.jpeg','Международный форум \"Инновации и развитие\" письмо ООО ВАЙФАЙНДЕР',NULL),(41,23,'6d010877d90304d80696561f0013f33bbc4d9a0b.gif','C Новым Годом 2014',NULL);
/*!40000 ALTER TABLE `news_item_image` ENABLE KEYS */;
UNLOCK TABLES;

--
-- Table structure for table `news_item_image_translations`
--

DROP TABLE IF EXISTS `news_item_image_translations`;
/*!40101 SET @saved_cs_client     = @@character_set_client */;
/*!40101 SET character_set_client = utf8 */;
CREATE TABLE `news_item_image_translations` (
  `id` int(11) NOT NULL AUTO_INCREMENT,
  `object_id` int(11) DEFAULT NULL,
  `locale` varchar(8) COLLATE utf8_unicode_ci NOT NULL,
  `field` varchar(32) COLLATE utf8_unicode_ci NOT NULL,
  `content` longtext COLLATE utf8_unicode_ci,
  PRIMARY KEY (`id`),
  UNIQUE KEY `lookup_unique_idx` (`locale`,`object_id`,`field`),
  KEY `IDX_CD6A2468232D562B` (`object_id`),
  CONSTRAINT `FK_CD6A2468232D562B` FOREIGN KEY (`object_id`) REFERENCES `news_item_image` (`id`) ON DELETE CASCADE
) ENGINE=InnoDB AUTO_INCREMENT=161 DEFAULT CHARSET=utf8 COLLATE=utf8_unicode_ci;
/*!40101 SET character_set_client = @saved_cs_client */;

--
-- Dumping data for table `news_item_image_translations`
--

LOCK TABLES `news_item_image_translations` WRITE;
/*!40000 ALTER TABLE `news_item_image_translations` DISABLE KEYS */;
INSERT INTO `news_item_image_translations` VALUES (25,8,'ru','title','Дмитрий Воронцов'),(26,8,'ru','description','<p>Выступление Генерального директора компании Wifinder</p>'),(27,8,'en','title',NULL),(28,8,'en','description',NULL),(29,9,'ru','title','SIPS - 2011'),(30,9,'ru','description',NULL),(31,9,'en','title',NULL),(32,9,'en','description',NULL),(33,10,'ru','title','mips-2013'),(34,10,'ru','description',NULL),(35,10,'en','title',NULL),(36,10,'en','description',NULL),(37,11,'ru','title','sips-2013'),(38,11,'ru','description',NULL),(39,11,'en','title',NULL),(40,11,'en','description',NULL),(41,12,'ru','title','mips-2013'),(42,12,'ru','description',NULL),(43,12,'en','title',NULL),(44,12,'en','description',NULL),(45,13,'ru','title','Схема расположения зоны презентаций'),(46,13,'ru','description',NULL),(47,13,'en','title',NULL),(48,13,'en','description',NULL),(49,14,'ru','title','Panomera'),(50,14,'ru','description',NULL),(51,14,'en','title',NULL),(52,14,'en','description',NULL),(53,15,'ru','title','Стадион'),(54,15,'ru','description',NULL),(55,15,'en','title',NULL),(56,15,'en','description',NULL),(65,18,'ru','title','FlexEs control'),(66,18,'ru','description',NULL),(67,18,'en','title',NULL),(68,18,'en','description',NULL),(69,19,'ru','title','Свидетельство'),(70,19,'ru','description',NULL),(71,19,'en','title',NULL),(72,19,'en','description',NULL),(77,21,'ru','title','Карта офиса'),(78,21,'ru','description',NULL),(79,21,'en','title',NULL),(80,21,'en','description',NULL),(81,22,'ru','title',NULL),(82,22,'ru','description',NULL),(83,22,'en','title',NULL),(84,22,'en','description',NULL),(89,24,'ru','title',NULL),(90,24,'ru','description',NULL),(91,24,'en','title',NULL),(92,24,'en','description',NULL),(93,25,'ru','title',NULL),(94,25,'ru','description',NULL),(95,25,'en','title',NULL),(96,25,'en','description',NULL),(97,26,'ru','title',NULL),(98,26,'ru','description',NULL),(99,26,'en','title',NULL),(100,26,'en','description',NULL),(101,27,'ru','title',NULL),(102,27,'ru','description',NULL),(103,27,'en','title',NULL),(104,27,'en','description',NULL),(105,28,'ru','title',NULL),(106,28,'ru','description',NULL),(107,28,'en','title',NULL),(108,28,'en','description',NULL),(109,29,'ru','title',NULL),(110,29,'ru','description',NULL),(111,29,'en','title',NULL),(112,29,'en','description',NULL),(113,30,'ru','title',NULL),(114,30,'ru','description',NULL),(115,30,'en','title',NULL),(116,30,'en','description',NULL),(117,31,'ru','title',NULL),(118,31,'ru','description',NULL),(119,31,'en','title',NULL),(120,31,'en','description',NULL),(121,32,'ru','title',NULL),(122,32,'ru','description',NULL),(123,32,'en','title',NULL),(124,32,'en','description',NULL),(125,33,'ru','title','Извещение РАГ о результатах анализа деятельности в 2011-2012г'),(126,33,'ru','description',NULL),(127,33,'en','title',NULL),(128,33,'en','description',NULL),(129,34,'ru','title','Приложение1 РАГ о результатах анализа деятельности в 2011-2012г'),(130,34,'ru','description',NULL),(131,34,'en','title',NULL),(132,34,'en','description',NULL),(133,35,'ru','title','Приложение 2 РАГ о результатах анализа деятельности в 2011-2012г'),(134,35,'ru','description',NULL),(135,35,'en','title',NULL),(136,35,'en','description',NULL),(137,36,'ru','title','All-over-IP'),(138,36,'ru','description',NULL),(139,36,'en','title',NULL),(140,36,'en','description',NULL),(141,37,'ru','title',NULL),(142,37,'ru','description',NULL),(143,37,'en','title',NULL),(144,37,'en','description',NULL),(145,38,'ru','title',NULL),(146,38,'ru','description',NULL),(147,38,'en','title',NULL),(148,38,'en','description',NULL),(149,39,'ru','title',NULL),(150,39,'ru','description',NULL),(151,39,'en','title',NULL),(152,39,'en','description',NULL),(153,40,'ru','title','Международный форум \"Инновации и развитие\" письмо ООО ВАЙФАЙНДЕР'),(154,40,'ru','description',NULL),(155,40,'en','title',NULL),(156,40,'en','description',NULL),(157,41,'ru','title','C Новым Годом 2014'),(158,41,'ru','description',NULL),(159,41,'en','title',NULL),(160,41,'en','description',NULL);
/*!40000 ALTER TABLE `news_item_image_translations` ENABLE KEYS */;
UNLOCK TABLES;

--
-- Table structure for table `news_item_meta`
--

DROP TABLE IF EXISTS `news_item_meta`;
/*!40101 SET @saved_cs_client     = @@character_set_client */;
/*!40101 SET character_set_client = utf8 */;
CREATE TABLE `news_item_meta` (
  `id` int(11) NOT NULL AUTO_INCREMENT,
  `news_id` int(11) NOT NULL,
  `meta_title` varchar(255) COLLATE utf8_unicode_ci DEFAULT NULL,
  `meta_keywords` varchar(255) COLLATE utf8_unicode_ci DEFAULT NULL,
  `meta_description` longtext COLLATE utf8_unicode_ci,
  PRIMARY KEY (`id`),
  UNIQUE KEY `UNIQ_3E70F0FB5A459A0` (`news_id`),
  CONSTRAINT `FK_3E70F0FB5A459A0` FOREIGN KEY (`news_id`) REFERENCES `news_item` (`id`)
) ENGINE=InnoDB AUTO_INCREMENT=24 DEFAULT CHARSET=utf8 COLLATE=utf8_unicode_ci;
/*!40101 SET character_set_client = @saved_cs_client */;

--
-- Dumping data for table `news_item_meta`
--

LOCK TABLES `news_item_meta` WRITE;
/*!40000 ALTER TABLE `news_item_meta` DISABLE KEYS */;
INSERT INTO `news_item_meta` VALUES (1,1,NULL,NULL,NULL),(3,3,NULL,NULL,NULL),(4,4,NULL,NULL,NULL),(5,5,NULL,NULL,NULL),(6,6,NULL,NULL,NULL),(7,7,NULL,NULL,NULL),(8,8,NULL,NULL,NULL),(9,9,NULL,NULL,NULL),(10,10,NULL,NULL,NULL),(11,11,NULL,NULL,NULL),(12,12,NULL,NULL,NULL),(13,13,NULL,NULL,NULL),(14,14,NULL,NULL,NULL),(15,15,NULL,NULL,NULL),(16,16,NULL,NULL,NULL),(17,17,NULL,NULL,NULL),(18,18,NULL,NULL,NULL),(19,19,NULL,NULL,NULL),(20,20,NULL,NULL,NULL),(21,21,NULL,NULL,NULL),(22,22,NULL,NULL,NULL),(23,23,'С Новым 2014 Годом и Рождеством!',NULL,NULL);
/*!40000 ALTER TABLE `news_item_meta` ENABLE KEYS */;
UNLOCK TABLES;

--
-- Table structure for table `news_item_meta_translations`
--

DROP TABLE IF EXISTS `news_item_meta_translations`;
/*!40101 SET @saved_cs_client     = @@character_set_client */;
/*!40101 SET character_set_client = utf8 */;
CREATE TABLE `news_item_meta_translations` (
  `id` int(11) NOT NULL AUTO_INCREMENT,
  `object_id` int(11) DEFAULT NULL,
  `locale` varchar(8) COLLATE utf8_unicode_ci NOT NULL,
  `field` varchar(32) COLLATE utf8_unicode_ci NOT NULL,
  `content` longtext COLLATE utf8_unicode_ci,
  PRIMARY KEY (`id`),
  UNIQUE KEY `lookup_unique_idx` (`locale`,`object_id`,`field`),
  KEY `IDX_2C31FF4D232D562B` (`object_id`),
  CONSTRAINT `FK_2C31FF4D232D562B` FOREIGN KEY (`object_id`) REFERENCES `news_item_meta` (`id`) ON DELETE CASCADE
) ENGINE=InnoDB AUTO_INCREMENT=139 DEFAULT CHARSET=utf8 COLLATE=utf8_unicode_ci;
/*!40101 SET character_set_client = @saved_cs_client */;

--
-- Dumping data for table `news_item_meta_translations`
--

LOCK TABLES `news_item_meta_translations` WRITE;
/*!40000 ALTER TABLE `news_item_meta_translations` DISABLE KEYS */;
INSERT INTO `news_item_meta_translations` VALUES (1,1,'ru','meta_title',NULL),(2,1,'ru','meta_keywords',NULL),(3,1,'ru','meta_description',NULL),(4,1,'en','meta_title',NULL),(5,1,'en','meta_keywords',NULL),(6,1,'en','meta_description',NULL),(13,3,'ru','meta_title',NULL),(14,3,'ru','meta_keywords',NULL),(15,3,'ru','meta_description',NULL),(16,3,'en','meta_title',NULL),(17,3,'en','meta_keywords',NULL),(18,3,'en','meta_description',NULL),(19,4,'ru','meta_title',NULL),(20,4,'ru','meta_keywords',NULL),(21,4,'ru','meta_description',NULL),(22,4,'en','meta_title',NULL),(23,4,'en','meta_keywords',NULL),(24,4,'en','meta_description',NULL),(25,5,'ru','meta_title',NULL),(26,5,'ru','meta_keywords',NULL),(27,5,'ru','meta_description',NULL),(28,5,'en','meta_title',NULL),(29,5,'en','meta_keywords',NULL),(30,5,'en','meta_description',NULL),(31,6,'ru','meta_title',NULL),(32,6,'ru','meta_keywords',NULL),(33,6,'ru','meta_description',NULL),(34,6,'en','meta_title',NULL),(35,6,'en','meta_keywords',NULL),(36,6,'en','meta_description',NULL),(37,7,'ru','meta_title',NULL),(38,7,'ru','meta_keywords',NULL),(39,7,'ru','meta_description',NULL),(40,7,'en','meta_title',NULL),(41,7,'en','meta_keywords',NULL),(42,7,'en','meta_description',NULL),(43,8,'ru','meta_title',NULL),(44,8,'ru','meta_keywords',NULL),(45,8,'ru','meta_description',NULL),(46,8,'en','meta_title',NULL),(47,8,'en','meta_keywords',NULL),(48,8,'en','meta_description',NULL),(49,9,'ru','meta_title',NULL),(50,9,'ru','meta_keywords',NULL),(51,9,'ru','meta_description',NULL),(52,9,'en','meta_title',NULL),(53,9,'en','meta_keywords',NULL),(54,9,'en','meta_description',NULL),(55,10,'ru','meta_title',NULL),(56,10,'ru','meta_keywords',NULL),(57,10,'ru','meta_description',NULL),(58,10,'en','meta_title',NULL),(59,10,'en','meta_keywords',NULL),(60,10,'en','meta_description',NULL),(61,11,'ru','meta_title',NULL),(62,11,'ru','meta_keywords',NULL),(63,11,'ru','meta_description',NULL),(64,11,'en','meta_title',NULL),(65,11,'en','meta_keywords',NULL),(66,11,'en','meta_description',NULL),(67,12,'ru','meta_title',NULL),(68,12,'ru','meta_keywords',NULL),(69,12,'ru','meta_description',NULL),(70,12,'en','meta_title',NULL),(71,12,'en','meta_keywords',NULL),(72,12,'en','meta_description',NULL),(73,13,'ru','meta_title',NULL),(74,13,'ru','meta_keywords',NULL),(75,13,'ru','meta_description',NULL),(76,13,'en','meta_title',NULL),(77,13,'en','meta_keywords',NULL),(78,13,'en','meta_description',NULL),(79,14,'ru','meta_title',NULL),(80,14,'ru','meta_keywords',NULL),(81,14,'ru','meta_description',NULL),(82,14,'en','meta_title',NULL),(83,14,'en','meta_keywords',NULL),(84,14,'en','meta_description',NULL),(85,15,'ru','meta_title',NULL),(86,15,'ru','meta_keywords',NULL),(87,15,'ru','meta_description',NULL),(88,15,'en','meta_title',NULL),(89,15,'en','meta_keywords',NULL),(90,15,'en','meta_description',NULL),(91,16,'ru','meta_title',NULL),(92,16,'ru','meta_keywords',NULL),(93,16,'ru','meta_description',NULL),(94,16,'en','meta_title',NULL),(95,16,'en','meta_keywords',NULL),(96,16,'en','meta_description',NULL),(97,17,'ru','meta_title',NULL),(98,17,'ru','meta_keywords',NULL),(99,17,'ru','meta_description',NULL),(100,17,'en','meta_title',NULL),(101,17,'en','meta_keywords',NULL),(102,17,'en','meta_description',NULL),(103,18,'ru','meta_title',NULL),(104,18,'ru','meta_keywords',NULL),(105,18,'ru','meta_description',NULL),(106,18,'en','meta_title',NULL),(107,18,'en','meta_keywords',NULL),(108,18,'en','meta_description',NULL),(109,19,'ru','meta_title',NULL),(110,19,'ru','meta_keywords',NULL),(111,19,'ru','meta_description',NULL),(112,19,'en','meta_title',NULL),(113,19,'en','meta_keywords',NULL),(114,19,'en','meta_description',NULL),(115,20,'ru','meta_title',NULL),(116,20,'ru','meta_keywords',NULL),(117,20,'ru','meta_description',NULL),(118,20,'en','meta_title',NULL),(119,20,'en','meta_keywords',NULL),(120,20,'en','meta_description',NULL),(121,21,'ru','meta_title',NULL),(122,21,'ru','meta_keywords',NULL),(123,21,'ru','meta_description',NULL),(124,21,'en','meta_title',NULL),(125,21,'en','meta_keywords',NULL),(126,21,'en','meta_description',NULL),(127,22,'ru','meta_title',NULL),(128,22,'ru','meta_keywords',NULL),(129,22,'ru','meta_description',NULL),(130,22,'en','meta_title',NULL),(131,22,'en','meta_keywords',NULL),(132,22,'en','meta_description',NULL),(133,23,'ru','meta_title','С Новым 2014 Годом и Рождеством!'),(134,23,'ru','meta_keywords',NULL),(135,23,'ru','meta_description',NULL),(136,23,'en','meta_title',NULL),(137,23,'en','meta_keywords',NULL),(138,23,'en','meta_description',NULL);
/*!40000 ALTER TABLE `news_item_meta_translations` ENABLE KEYS */;
UNLOCK TABLES;

--
-- Table structure for table `news_item_translations`
--

DROP TABLE IF EXISTS `news_item_translations`;
/*!40101 SET @saved_cs_client     = @@character_set_client */;
/*!40101 SET character_set_client = utf8 */;
CREATE TABLE `news_item_translations` (
  `id` int(11) NOT NULL AUTO_INCREMENT,
  `object_id` int(11) DEFAULT NULL,
  `locale` varchar(8) COLLATE utf8_unicode_ci NOT NULL,
  `field` varchar(32) COLLATE utf8_unicode_ci NOT NULL,
  `content` longtext COLLATE utf8_unicode_ci,
  PRIMARY KEY (`id`),
  UNIQUE KEY `lookup_unique_idx` (`locale`,`object_id`,`field`),
  KEY `IDX_980D17B7232D562B` (`object_id`),
  CONSTRAINT `FK_980D17B7232D562B` FOREIGN KEY (`object_id`) REFERENCES `news_item` (`id`) ON DELETE CASCADE
) ENGINE=InnoDB AUTO_INCREMENT=139 DEFAULT CHARSET=utf8 COLLATE=utf8_unicode_ci;
/*!40101 SET character_set_client = @saved_cs_client */;

--
-- Dumping data for table `news_item_translations`
--

LOCK TABLES `news_item_translations` WRITE;
/*!40000 ALTER TABLE `news_item_translations` DISABLE KEYS */;
INSERT INTO `news_item_translations` VALUES (1,1,'ru','title','19-я Московская Международная Выставка «Охрана, безопасность и противопожарная защита»'),(2,1,'ru','anons','<p style=\"margin: 0px; padding: 0px 0px 1em; font-family: Arial, Helvetica, sans-serif; font-size: 12px; line-height: normal; \"><strong style=\"font-family: Arial, Helvetica, sans-serif; font-size: 12px; line-height: normal; \">Расписание презентаций, 15-17 апреля, зал В, павильон 75, ВВЦ</strong></p>'),(3,1,'ru','content','<p>&nbsp;</p>\r\n\r\n<p><strong>Расписание презентаций, 15-17 апреля, зал В, павильон 75, ВВЦ</strong></p>\r\n\r\n<p>&nbsp;</p>\r\n\r\n<p><a href=\"http://www.mips.ru/getattachment/4291726f-3da8-4cbb-b26c-571e149dcad5/zona_prezentaciy_mips.pdf.aspx\" target=\"_blank\">Загрузить расписание презентаций</a> (pdf, 116 КБ)</p>\r\n\r\n<p><br />\r\n<style type=\"text/css\">table {border-top: 1px dotted grey}\r\ntd {border-bottom: 1px dotted grey; padding-left:5px}\r\n</style>\r\n</p>\r\n\r\n<table border=\"0\" cellpadding=\"0\" cellspacing=\"0\" width=\"100%\">\r\n	<tbody>\r\n		<tr>\r\n			<td width=\"18%\">\r\n			<p align=\"center\"><strong>Время</strong></p>\r\n			</td>\r\n			<td>\r\n			<p align=\"center\"><strong>Название презентации</strong></p>\r\n			</td>\r\n			<td>\r\n			<p align=\"center\"><strong>Персона</strong></p>\r\n			</td>\r\n			<td>\r\n			<p align=\"center\"><strong>Компания</strong></p>\r\n			</td>\r\n		</tr>\r\n		<tr bgcolor=\"#F2DBDB\">\r\n			<td colspan=\"4\">\r\n			<p align=\"center\"><strong>15 Апреля</strong></p>\r\n			</td>\r\n		</tr>\r\n		<tr>\r\n			<td valign=\"top\">\r\n			<p>12.30-12.50</p>\r\n			</td>\r\n			<td valign=\"top\">\r\n			<p>Инновационные решения в телематике от компании Стелс.</p>\r\n			</td>\r\n			<td valign=\"top\">\r\n			<p>Савельева Л. Г.</p>\r\n			</td>\r\n			<td valign=\"top\">\r\n			<p>НПП Стелс</p>\r\n			</td>\r\n		</tr>\r\n		<tr>\r\n			<td valign=\"top\">\r\n			<p>13.00-13.20</p>\r\n			</td>\r\n			<td valign=\"top\">\r\n			<p>Новинки оборудования Axis Communications.</p>\r\n			</td>\r\n			<td valign=\"top\">\r\n			<p>Крылов В./ Новак А., инженер поддержки продаж.</p>\r\n			</td>\r\n			<td valign=\"top\">\r\n			<p>Axis Communications</p>\r\n			</td>\r\n		</tr>\r\n		<tr>\r\n			<td valign=\"top\">\r\n			<p>13.30-13.50</p>\r\n			</td>\r\n			<td valign=\"top\">\r\n			<p>ПО для IP-камер MACROSCOP: Инновационный поиск и перехват объектов по приметам.</p>\r\n			</td>\r\n			<td valign=\"top\">\r\n			<p>Разумков Артем, генеральный директор.</p>\r\n			</td>\r\n			<td valign=\"top\">\r\n			<p>MACROSCOP</p>\r\n			</td>\r\n		</tr>\r\n		<tr>\r\n			<td valign=\"top\">\r\n			<p>14.00-14.20</p>\r\n			</td>\r\n			<td valign=\"top\">\r\n			<p>Система управления ячейками AEOS Locker Management - объединение двух миров контроля доступа.</p>\r\n			</td>\r\n			<td valign=\"top\">\r\n			<p>Кин Евгений, менеджер по развитию бизнеса в России.</p>\r\n			</td>\r\n			<td valign=\"top\">\r\n			<p>Nedap Security Management</p>\r\n			</td>\r\n		</tr>\r\n		<tr>\r\n			<td valign=\"top\">\r\n			<p>14.30-14.50</p>\r\n			</td>\r\n			<td valign=\"top\">\r\n			<p>Новинки оборудования Axis Communications.</p>\r\n			</td>\r\n			<td valign=\"top\">\r\n			<p>Крылов В./ Новак А., инженер поддержки продаж.</p>\r\n			</td>\r\n			<td valign=\"top\">\r\n			<p>Axis Communications</p>\r\n			</td>\r\n		</tr>\r\n		<tr>\r\n			<td valign=\"top\">\r\n			<p>15.00-15.20</p>\r\n			</td>\r\n			<td valign=\"top\">\r\n			<p>Praktika успешного сотрудничества.</p>\r\n			</td>\r\n			<td valign=\"top\">\r\n			<p><nobr>Уцеховская О.В.,</nobr></p>\r\n\r\n			<p>начальник отдела маркетинга и сбыта.</p>\r\n			</td>\r\n			<td valign=\"top\">\r\n			<p>ООО &laquo;Возрождение&raquo;</p>\r\n			</td>\r\n		</tr>\r\n		<tr bgcolor=\"#F2DBDB\">\r\n			<td colspan=\"4\" valign=\"top\">\r\n			<p align=\"center\"><strong>16 Апреля</strong></p>\r\n			</td>\r\n		</tr>\r\n		<tr>\r\n			<td valign=\"top\">\r\n			<p>11.00-11.20</p>\r\n			</td>\r\n			<td valign=\"top\">\r\n			<p>Новинки оборудования Axis Communications.</p>\r\n			</td>\r\n			<td valign=\"top\">\r\n			<p>Крылов В./ Новак А., инженер поддержки продаж.</p>\r\n			</td>\r\n			<td valign=\"top\">\r\n			<p>Axis Communications</p>\r\n			</td>\r\n		</tr>\r\n		<tr>\r\n			<td valign=\"top\">\r\n			<p>11.30-11.50</p>\r\n			</td>\r\n			<td valign=\"top\">\r\n			<p>Продукция видеонаблюдения от Aver.</p>\r\n			</td>\r\n			<td valign=\"top\">\r\n			<p>Прушенова Г. А.</p>\r\n			</td>\r\n			<td valign=\"top\">\r\n			<p>Aver</p>\r\n			</td>\r\n		</tr>\r\n		<tr>\r\n			<td valign=\"top\">\r\n			<p>12.00-12.20</p>\r\n			</td>\r\n			<td valign=\"top\">\r\n			<p>Alphalogic - универсальная платформа для мониторинга и управления инженерными системами и системами безопасности.</p>\r\n			</td>\r\n			<td valign=\"top\">\r\n			<p>Онищенко М.</p>\r\n			</td>\r\n			<td valign=\"top\">\r\n			<p>Alphaopen</p>\r\n			</td>\r\n		</tr>\r\n		<tr>\r\n			<td valign=\"top\">\r\n			<p>12.30-12.50</p>\r\n			</td>\r\n			<td valign=\"top\">\r\n			<p>&laquo;СМП-Сервис&raquo; - поставщик комплексных решений для цифровых систем видеонаблюдения.</p>\r\n			</td>\r\n			<td valign=\"top\">\r\n			<p>Полубояринов А. С.</p>\r\n			</td>\r\n			<td valign=\"top\">\r\n			<p>СМП-Сервис</p>\r\n			</td>\r\n		</tr>\r\n		<tr>\r\n			<td valign=\"top\">\r\n			<p>13.00-13.20</p>\r\n			</td>\r\n			<td valign=\"top\">\r\n			<p>Инновационные решения в телематике от компании Стелс.</p>\r\n			</td>\r\n			<td valign=\"top\">\r\n			<p>Савельева Л.Г.</p>\r\n			</td>\r\n			<td valign=\"top\">\r\n			<p>НПП Стелс</p>\r\n			</td>\r\n		</tr>\r\n		<tr>\r\n			<td valign=\"top\">\r\n			<p>13.30-13.50</p>\r\n			</td>\r\n			<td valign=\"top\">\r\n			<p>ПО для IP-камер MACROSCOP: Экономия на серверном оборудовании в 4 раза.</p>\r\n			</td>\r\n			<td valign=\"top\">\r\n			<p>Разумков Артем, генеральный директор.</p>\r\n			</td>\r\n			<td valign=\"top\">\r\n			<p>MACROSCOP</p>\r\n			</td>\r\n		</tr>\r\n		<tr>\r\n			<td valign=\"top\">\r\n			<p>14.00-14.20</p>\r\n			</td>\r\n			<td valign=\"top\">\r\n			<p>Система управления ячейками AEOS Locker Management - объединение двух миров контроля доступа.</p>\r\n			</td>\r\n			<td valign=\"top\">\r\n			<p>Кин Евгений, менеджер по развитию бизнеса в России.</p>\r\n			</td>\r\n			<td valign=\"top\">\r\n			<p>Nedap Security Management</p>\r\n			</td>\r\n		</tr>\r\n		<tr>\r\n			<td valign=\"top\">\r\n			<p>14.30-14.50</p>\r\n			</td>\r\n			<td valign=\"top\">\r\n			<p>Удалённое мобильное видеонаблюдение за транспортом и стационарными объектами с устройств на базе ОС Windows Phone и Android.</p>\r\n			</td>\r\n			<td valign=\"top\">\r\n			<p>Шишкин В. И., зам. руководителя отдела продаж.</p>\r\n			</td>\r\n			<td valign=\"top\">\r\n			<p>Децима</p>\r\n			</td>\r\n		</tr>\r\n		<tr>\r\n			<td valign=\"top\">\r\n			<p>15.00-15.20</p>\r\n			</td>\r\n			<td valign=\"top\">\r\n			<p>Беспрецедентная система сервисов ПРОСТО УДОБНО для Инсталляторов.</p>\r\n			</td>\r\n			<td valign=\"top\">\r\n			<p>&nbsp;</p>\r\n			</td>\r\n			<td valign=\"top\">\r\n			<p>АБРОН Холдинг</p>\r\n			</td>\r\n		</tr>\r\n		<tr bgcolor=\"#F2DBDB\">\r\n			<td colspan=\"4\" valign=\"top\">\r\n			<p align=\"center\"><strong>17 Апреля</strong></p>\r\n			</td>\r\n		</tr>\r\n		<tr>\r\n			<td valign=\"top\">\r\n			<p>11.00-11.20</p>\r\n			</td>\r\n			<td valign=\"top\">\r\n			<p>Новинки оборудования Axis Communications.</p>\r\n			</td>\r\n			<td valign=\"top\">\r\n			<p>Крылов В./ Новак А., инженер поддержки продаж.</p>\r\n			</td>\r\n			<td valign=\"top\">\r\n			<p>Axis Communications</p>\r\n			</td>\r\n		</tr>\r\n		<tr>\r\n			<td valign=\"top\">\r\n			<p>11.30-11.50</p>\r\n			</td>\r\n			<td valign=\"top\">\r\n			<p>Brickcom: новинки, которые ждал рынок IP-видеонаблюдения.</p>\r\n			</td>\r\n			<td valign=\"top\">\r\n			<p>Пичуев Иван</p>\r\n			</td>\r\n			<td valign=\"top\">\r\n			<p>Компания Гран При</p>\r\n			</td>\r\n		</tr>\r\n		<tr>\r\n			<td valign=\"top\">\r\n			<p>12.00-12.20</p>\r\n			</td>\r\n			<td valign=\"top\">\r\n			<p>Новинки оборудования МВК, BestDVR, BestNVR от компании &laquo;Байтэрг&raquo;.</p>\r\n			</td>\r\n			<td valign=\"top\">\r\n			<p>Прудников А.С., генеральный директор.</p>\r\n			</td>\r\n			<td valign=\"top\">\r\n			<p>ООО &laquo;Байтэрг&raquo;</p>\r\n			</td>\r\n		</tr>\r\n		<tr>\r\n			<td valign=\"top\">\r\n			<p>12.30-12.50</p>\r\n			</td>\r\n			<td valign=\"top\">\r\n			<p>AVTECH &ndash; IP-видеонаблюдение для &ldquo;Чайников&rdquo;. Как построить систему IP-видеонаблюдения, не имея представление о Ethernet сетях.</p>\r\n			</td>\r\n			<td valign=\"top\">\r\n			<p>Кубышева Екатерина</p>\r\n			</td>\r\n			<td valign=\"top\">\r\n			<p>Компания Гран При</p>\r\n			</td>\r\n		</tr>\r\n		<tr>\r\n			<td valign=\"top\">\r\n			<p>13.00-13.20</p>\r\n			</td>\r\n			<td valign=\"top\">\r\n			<p>Инновационные решения в телематике от компании Стелс.</p>\r\n			</td>\r\n			<td valign=\"top\">\r\n			<p>Савельева Л. Г.</p>\r\n			</td>\r\n			<td valign=\"top\">\r\n			<p>НПП Стелс</p>\r\n			</td>\r\n		</tr>\r\n		<tr>\r\n			<td valign=\"top\">\r\n			<p>13.30-13.50</p>\r\n			</td>\r\n			<td valign=\"top\">\r\n			<p>Новое направление на рынке безопасности: система информационной безопасности и контроля персонала &laquo;Infoperimetr&raquo;.</p>\r\n			</td>\r\n			<td valign=\"top\">\r\n			<p>Голубев Максим</p>\r\n			</td>\r\n			<td valign=\"top\">\r\n			<p>Компания Гран При</p>\r\n			</td>\r\n		</tr>\r\n		<tr>\r\n			<td valign=\"top\">\r\n			<p>14.00-14.20</p>\r\n			</td>\r\n			<td valign=\"top\">\r\n			<p>Устройство подачи дыма &laquo;Кальмар-2&raquo;.<br />\r\n			Активная защита объектов от кражи на &laquo;рывок&raquo;.</p>\r\n			</td>\r\n			<td valign=\"top\">\r\n			<p>Внуков Олег Владимирович</p>\r\n			</td>\r\n			<td valign=\"top\">\r\n			<p>Бастион</p>\r\n			</td>\r\n		</tr>\r\n	</tbody>\r\n</table>\r\n\r\n<p>&nbsp;</p>\r\n\r\n<p style=\"text-align: center;\">&nbsp;</p>'),(4,1,'en','title','The 19th Moscow International Protection, Security and Fire Safety (MIPS) Exhibition is is the large'),(5,1,'en','anons','<p><span style=\"font-family: Arial, Helvetica, sans-serif; font-size: 12px; line-height: normal; \">MIPS is the most effective international forum for the security and fire safety industry in Russia. Its ability to attract specialist visitors from all over Russia and CIS, and provide an environment that is conducive to discussing business, has made it extremely popular and well known in the region&#39;s security sector.</span></p>'),(6,1,'en','content','<div style=\"font-family: Arial, Helvetica, sans-serif; font-size: 12px; line-height: normal; \"><span style=\"font-size: 9pt; \">MIPS is the most effective international forum for the security and fire safety industry in Russia. Its ability to attract specialist visitors from all over Russia and CIS, and provide an environment that is conducive to discussing business, has made it extremely popular and well known in the region&#39;s security sector.</span></div>\r\n\r\n<div style=\"font-family: Arial, Helvetica, sans-serif; font-size: 12px; line-height: normal; \"><span style=\"font-size: 9pt; \">MIPS has grown considerably since its launch in 1994, featuring hundreds of domestic and international exhibitors each year. The size of the event increases every year as its reputation grows. A large part of the growth must also be attributed to the increased demand for security products in Russia and the growing number of international companies entering the market.</span></div>\r\n\r\n<div style=\"font-family: Arial, Helvetica, sans-serif; font-size: 12px; line-height: normal; \">&nbsp;</div>\r\n\r\n<div style=\"font-family: Arial, Helvetica, sans-serif; font-size: 12px; line-height: normal; \"><span style=\"font-size: 9pt; \">Sector development</span><span style=\"font-size: 9pt; \">: As the security industry develops, so does MIPS, making it an accurate representation of the industry. In 2012, the event&nbsp;was divided into 4 main sectors, which have been identified as the major sectors within the Russian security industry:</span></div>\r\n\r\n<div style=\"font-family: Arial, Helvetica, sans-serif; font-size: 12px; line-height: normal; margin: 0cm 0cm 0pt 35.45pt; \"><span style=\"font-size: 9pt; \">&bull;&nbsp; Security Solutions</span></div>\r\n\r\n<div style=\"font-family: Arial, Helvetica, sans-serif; font-size: 12px; line-height: normal; margin: 0cm 0cm 0pt 35.45pt; \"><span style=\"font-size: 9pt; \">&bull;&nbsp; CCTV &amp; Video Surveillance</span></div>\r\n\r\n<div style=\"font-family: Arial, Helvetica, sans-serif; font-size: 12px; line-height: normal; margin: 0cm 0cm 0pt 35.45pt; \"><span style=\"font-size: 9pt; \">&bull;&nbsp; Fire-Fighting &amp; Safety</span></div>\r\n\r\n<div style=\"font-family: Arial, Helvetica, sans-serif; font-size: 12px; line-height: normal; margin: 0cm 0cm 0pt 35.45pt; \"><span style=\"font-size: 9pt; \">&bull;&nbsp; IT Security, Smartcards &amp; Banking Security Solutions</span></div>\r\n\r\n<div style=\"font-family: Arial, Helvetica, sans-serif; font-size: 12px; line-height: normal; margin: 0cm 0cm 10pt; \"><span style=\"font-size: 9pt; \">Within these sections, the following product categories will be on display:</span></div>\r\n\r\n<div style=\"font-family: Arial, Helvetica, sans-serif; font-size: 12px; line-height: normal; margin: 0cm 0cm 0pt 42.55pt; text-indent: -7.1pt; \"><span style=\"font-size: 9pt; \">&bull;&nbsp;</span><span style=\"font-size: 9pt; \">Burglar Alarms</span></div>\r\n\r\n<div style=\"font-family: Arial, Helvetica, sans-serif; font-size: 12px; line-height: normal; margin: 0cm 0cm 0pt 42.55pt; text-indent: -7.1pt; \"><span style=\"font-size: 9pt; \">&bull;&nbsp;</span><span style=\"font-size: 9pt; \">CCTV Monitoring &amp; Surveillance Systems</span></div>\r\n\r\n<div style=\"font-family: Arial, Helvetica, sans-serif; font-size: 12px; line-height: normal; margin: 0cm 0cm 0pt 42.55pt; text-indent: -7.1pt; \"><span style=\"font-size: 9pt; \">&bull;&nbsp;</span><span style=\"font-size: 9pt; \">Identification, Access Control &amp; Time &amp; Attendance Management</span></div>\r\n\r\n<div style=\"font-family: Arial, Helvetica, sans-serif; font-size: 12px; line-height: normal; margin: 0cm 0cm 0pt 42.55pt; text-indent: -7.1pt; \"><span style=\"font-size: 9pt; \">&bull;&nbsp;</span><span style=\"font-size: 9pt; \">Fire&ndash;Fighting &amp; Fire Safety</span></div>\r\n\r\n<div style=\"font-family: Arial, Helvetica, sans-serif; font-size: 12px; line-height: normal; margin: 0cm 0cm 0pt 42.55pt; text-indent: -7.1pt; \"><span style=\"font-size: 9pt; \">&bull;&nbsp;</span><span style=\"font-size: 9pt; \">Perimeter Protection</span></div>\r\n\r\n<div style=\"font-family: Arial, Helvetica, sans-serif; font-size: 12px; line-height: normal; margin: 0cm 0cm 0pt 42.55pt; text-indent: -7.1pt; \"><span style=\"font-size: 9pt; \">&bull;&nbsp;</span><span style=\"font-size: 9pt; \">Anti-Terrorist &amp; Custom Equipment</span></div>\r\n\r\n<div style=\"font-family: Arial, Helvetica, sans-serif; font-size: 12px; line-height: normal; margin: 0cm 0cm 0pt 42.55pt; text-indent: -7.1pt; \"><span style=\"font-size: 9pt; \">&bull;&nbsp;</span><span style=\"font-size: 9pt; \">Security Constructions</span></div>\r\n\r\n<div style=\"font-family: Arial, Helvetica, sans-serif; font-size: 12px; line-height: normal; margin: 0cm 0cm 0pt 42.55pt; text-indent: -7.1pt; \"><span style=\"font-size: 9pt; \">&bull;&nbsp;</span><span style=\"font-size: 9pt; \">Counter Measures against Industrial Espionage</span></div>\r\n\r\n<div style=\"font-family: Arial, Helvetica, sans-serif; font-size: 12px; line-height: normal; margin: 0cm 0cm 0pt 42.55pt; text-indent: -7.1pt; \"><span style=\"font-size: 9pt; \">&bull;&nbsp;</span><span style=\"font-size: 9pt; \">Protection for Processing, Compiling &amp; Distribution of Information</span></div>\r\n\r\n<div style=\"font-family: Arial, Helvetica, sans-serif; font-size: 12px; line-height: normal; margin: 0cm 0cm 0pt 42.55pt; text-indent: -7.1pt; \"><span style=\"font-size: 9pt; \">&bull;&nbsp;</span><span style=\"font-size: 9pt; \">Integrated Systems / R &amp; B for Security Systems</span></div>\r\n\r\n<div style=\"font-family: Arial, Helvetica, sans-serif; font-size: 12px; line-height: normal; margin: 0cm 0cm 0pt 42.55pt; text-indent: -7.1pt; \"><span style=\"font-size: 9pt; \">&bull;&nbsp;</span><span style=\"font-size: 9pt; \">Communications &amp; Public Hazard Warning Systems</span></div>\r\n\r\n<div style=\"font-family: Arial, Helvetica, sans-serif; font-size: 12px; line-height: normal; margin: 0cm 0cm 0pt 42.55pt; text-indent: -7.1pt; \"><span style=\"font-size: 9pt; \">&bull;&nbsp;</span><span style=\"font-size: 9pt; \">Fire-Fighting Vehicles</span></div>\r\n\r\n<div style=\"font-family: Arial, Helvetica, sans-serif; font-size: 12px; line-height: normal; margin: 0cm 0cm 0pt 42.55pt; text-indent: -7.1pt; \"><span style=\"font-size: 9pt; \">&bull;&nbsp;</span><span style=\"font-size: 9pt; \">Professional Associations, Trade Bodies, Groups and Industrial Training</span></div>\r\n\r\n<div style=\"font-family: Arial, Helvetica, sans-serif; font-size: 12px; line-height: normal; margin: 0cm 0cm 10pt 42.55pt; text-indent: -7.1pt; \"><span style=\"font-size: 9pt; \">&bull;&nbsp;</span><span style=\"font-size: 9pt; \">&amp; many others&hellip;</span></div>\r\n\r\n<div style=\"font-family: Arial, Helvetica, sans-serif; font-size: 12px; line-height: normal; margin: 0cm 0cm 10pt; \"><span style=\"font-size: 9pt; \">The comprehensive business programme is one of the key features of MIPS. Seminars will be held during the event, providing additional opportunities to learn about the Russian market and the products and new technologies that are currently available.<br />\r\n<br />\r\nFurthermore, &lsquo;The Best Innovative Product&#39; competition generates huge interest each year. The main aim of the contest is to identify and promote the most innovative and high-quality products and services in the security industry.</span></div>\r\n\r\n<div style=\"font-family: Arial, Helvetica, sans-serif; font-size: 12px; line-height: normal; margin: 0cm 0cm 10pt; \"><span style=\"font-size: 9pt; \">Since 2009, the contest winners&#39; equipment has been recommended to the governmental list of installation products, providing a fast route into the Russian market by considerably cutting the lengthy certification procedures.</span></div>\r\n\r\n<div style=\"font-family: Arial, Helvetica, sans-serif; font-size: 12px; line-height: normal; margin: 0cm 0cm 10pt; \"><span style=\"font-size: 9pt; \">The 2010 nominations were: security signalling systems, control and access management systems, CCTV and video surveillance systems, integrated security systems, information publications and fire alarm systems. The winning companies included: TD ZEP OKHRANA, Nedap Security Management, Alfa-Pribor, Detsima, Panasonic, Skyros Corporation, Argus-Spectrum &amp; Integra-S, C-Nord, Rielta, Bolid, Eternis.</span></div>'),(13,3,'ru','title','У компании Wifinder ЮБИЛЕЙ'),(14,3,'ru','anons','<p>Компания&nbsp;&laquo;ВАЙФАЙНДЕР&raquo;&nbsp;создана в&nbsp;2003&nbsp;году.&nbsp;</p>\r\n\r\n<p>В этом году Нам исполняется <strong>10 лет!</strong></p>'),(15,3,'ru','content',NULL),(16,3,'en','title','test 3'),(17,3,'en','anons','<p>Цель&nbsp;выставки безопасности SIPS&nbsp;&ndash; оказать содействие в реализации программы правительства, нацеленной на обеспечение комплексной безопасности Юга России. Комплекс мер, направленных на предупреждение, пресечение и устранение угроз и опасных ситуаций будет представлен как в деловой программе&nbsp;выставки средств безопасности SIPS, так и на стендах участников.</p>'),(18,3,'en','content','<p>Цель&nbsp;выставки безопасности SIPS&nbsp;&ndash; оказать содействие в реализации программы правительства, нацеленной на обеспечение комплексной безопасности Юга России. Комплекс мер, направленных на предупреждение, пресечение и устранение угроз и опасных ситуаций будет представлен как в деловой программе&nbsp;выставки средств безопасности SIPS, так и на стендах участников.</p>'),(19,4,'ru','title','Головной офис компании ВАЙФАЙНДЕР переехал в Сокольники'),(20,4,'ru','anons','<p>Новый просторный офис в здании &quot;Экспоцентра&quot; рядом с центральным входом в парк &quot;Сокольники&quot;</p>'),(21,4,'ru','content','<p>Головной офис компании ВАЙФАЙНДЕР переехал по новому адресу: г. Москва, ул. Сокольнический вал, дом 1А, 4й этаж м. &laquo;Сокольники&raquo; посмотреть на карте... тел.: +7 (495) 509-30-07 e-mail: info@wifinder.biz</p>'),(22,4,'en','title','rrrr'),(23,4,'en','anons','<p>Международная&nbsp;выставка &laquo;Охрана, безопасность, противопожарная защита Юга России&raquo; / SIPSвносит существенный вклад в развитие российских предприятий индустрии безопасности, ориентирует их на выпуск конкурентоспособной продукции, отвечающей мировым стандартам качества.<br />\r\nВыставка по безопасности SIPS 2011&nbsp;пройдет при поддержке: Полномочного представителя Президента РФ в Южном федеральном округе, Министерства транспорта РФ, Федеральной таможенной службы, МЧС Краснодарского края, Администрации Краснодарского края, ВДПО.</p>'),(24,4,'en','content','<p>Международная&nbsp;выставка &laquo;Охрана, безопасность, противопожарная защита Юга России&raquo; / SIPSвносит существенный вклад в развитие российских предприятий индустрии безопасности, ориентирует их на выпуск конкурентоспособной продукции, отвечающей мировым стандартам качества.<br />\r\nВыставка по безопасности SIPS 2011&nbsp;пройдет при поддержке: Полномочного представителя Президента РФ в Южном федеральном округе, Министерства транспорта РФ, Федеральной таможенной службы, МЧС Краснодарского края, Администрации Краснодарского края, ВДПО.</p>'),(25,5,'ru','title','Компания Dallmeier выпустила камеру в полноценном мегапиксельном разрешении до 51-мегапикселя!!!'),(26,5,'ru','anons','<p>Panomera &ndash; новейшая технология на мировом рынке - предназначена для видеонаблюдения больших территорий в полноценном мегапиксельном разрешении вплоть до 51-мегапикселя.</p>'),(27,5,'ru','content','<p>Вы считаете, одной камеры недостаточно для видеонаблюдения всего стадиона?</p>\r\n\r\n<p>Вы правы. Для целого стадиона Вам понадобятся две камеры.</p>\r\n\r\n<p>Видеонаблюдение больших территорий всегда являлось прежде всего проблемой инфраструктуры. Для надежного контроля стадионов, аэропортов, вокзалов и других больших объектов инсталлировалось множество камер. Сегодня компания Даллмайер предлагает Вам совершенно новую технологию в сфере видеонаблюдения: мультиматричную систему Panomera.</p>\r\n\r\n<p>Panomera &ndash; новейшая технология на мировом рынке - предназначена для видеонаблюдения больших территорий в полноценном мегапиксельном разрешении вплоть до 51-мегапикселя. При этом Panomera опережает обыкновенный стандарт HD. Она предоставляет Вам возможность просмотра всего происходящего в наилучшем разрешении. Более того, при увеличении какого-либо фрагмента, система не прекращает запись всей зоны видеоконтроля. Благодаря этому Вы можете реконструировать события, пересматривая всю видеозапись, приближая и удаляя ее детали. Таким образом, Вы находитесь везде и в любое время. Panomera разработана для наблюдения за объектами, находящимися на больших расстояниях. Не теряя качества записи всего обзора, мы просматриваем его участки с увеличением, необходимым для этих фрагментов. Настраиваемая индивидуально для каждого объекта, камера гарантирует качественное наблюдение самых больших площадей. Персонал, обслуживающий систему Panomera, может одновременно вести детальное наблюдение отдельных участков (Areas of Interest/ Hotspots), не жертвуя при этом видеозаписью всей зоны просмотра.</p>\r\n\r\n<p>При установке Panomera Вам понадобится выбрать лишь пару точек, с которых Вы сможете наблюдать за всем происходящим, даже на огромном расстоянии не упуская ни одной детали. Вы сокращаете расходы не только на пространные инсталляции, но и на обслуживание неимоверного количества камер. Компания Даллмайер электроник разработала перспективную технологию &bdquo;out of competition&ldquo;: возможности Panomera начинаются там, где уже исчерпаны возможности других камер.</p>'),(28,5,'en','title','test1'),(29,5,'en','anons','<p><span style=\"color: rgb(0, 0, 0); font-family: Arial, Helvetica, sans-serif; font-size: 15px; line-height: normal; text-align: justify; text-indent: 45px;\">В конце мая представители компании были приглашены в&nbsp;Школу дизайна &laquo;Детали&raquo; чтобы провести несколько уроков о&nbsp;последних трендах &laquo;Hi-Tech Life&raquo;.</span></p>'),(30,5,'en','content',NULL),(31,6,'ru','title','Новая панель пожарной сигнализации FlexES control'),(32,6,'ru','anons','<p>Компания ESSER by Honeywell представила новую панель пожарной сигнализации FlexES control. Новые горизонты в технологиях пожарной безопасности FlexES control &ndash;технологический прорыв: новая гибкая и перспективная система</p>'),(33,6,'ru','content','<p>Компания ESSER by Honeywell представила новую панель пожарной сигнализации FlexES control. Новые горизонты в технологиях пожарной безопасности FlexES control &ndash;технологический прорыв: новая гибкая и перспективная система Пожарная панель FlexES control от компании ESSER позволяет создавать системы пожарной сигнализации, в точности соответствующие потребностям пользователя. Панель предусматривает гибкие варианты расшире- ния и в различных исполнениях &ndash; от самого маленького до 18-модульного &ndash; охватывает весь спектр возможностей, масштаб которых соответствует текущим задачам и в то же время гарантирует возможности роста в будущем. Благодаря модульной конструкции FlexES control, к системе легко подключить новые компоненты, благодаря чему все функции всегда могут быть реализованы на базе одной платформы. Таким образом возможно пошаговое создание инфраструктуры системы безопасности, полностью отвечающей предъявляемым требованиям.</p>'),(34,6,'en','title','test'),(35,6,'en','anons','<p><span style=\"color: rgb(0, 0, 0); font-family: Arial, Helvetica, sans-serif; font-size: 15px; line-height: normal; text-align: justify; text-indent: 45px;\">В конце мая представители компании были приглашены в&nbsp;Школу дизайна &laquo;Детали&raquo; чтобы провести несколько уроков о&nbsp;последних трендах &laquo;Hi-Tech Life&raquo;.</span></p>'),(36,6,'en','content','<p><span style=\"color: rgb(0, 0, 0); font-family: Arial, Helvetica, sans-serif; font-size: 15px; line-height: normal; text-align: justify; text-indent: 45px;\">В конце мая представители компании были приглашены в&nbsp;Школу дизайна &laquo;Детали&raquo; чтобы провести несколько уроков о&nbsp;последних трендах &laquo;Hi-Tech Life&raquo;.В конце мая представители компании были приглашены в&nbsp;Школу дизайна &laquo;Детали&raquo; чтобы провести несколько уроков о&nbsp;последних трендах &laquo;Hi-Tech Life&raquo;.В конце мая представители компании были приглашены в&nbsp;Школу дизайна &laquo;Детали&raquo; чтобы провести несколько уроков о&nbsp;последних трендах &laquo;Hi-Tech Life&raquo;.В конце мая представители компании были приглашены в&nbsp;Школу дизайна &laquo;Детали&raquo; чтобы провести несколько уроков о&nbsp;последних трендах &laquo;Hi-Tech Life&raquo;.</span></p>'),(37,7,'ru','title','Уроки Hi-tech для дизайнеров'),(38,7,'ru','anons','<p>В конце мая представители компании ВАЙВАЙНДЕР&nbsp;были приглашены в&nbsp;Школу дизайна &laquo;Детали&raquo; чтобы провести несколько уроков о&nbsp;последних трендах &laquo;Hi-Tech Life&raquo;.</p>'),(39,7,'ru','content','<p>В конце мая представители компании были приглашены в&nbsp;Школу дизайна &laquo;Детали&raquo; чтобы провести несколько уроков о&nbsp;последних трендах &laquo;Hi-Tech Life&raquo;. Мы&nbsp;рассказали о&nbsp;тех возможностях и&nbsp;инструментах, которые предоставляет Hi-tech для дизайна интерьера, о&nbsp;сценарных решениях, о&nbsp;способах за&nbsp;секунды сменить обстановку в&nbsp;помещении используя свет, жалюзи, рольставневые перегородки. Провели небольшой экскурс по&nbsp;основным брендам, предоставляющим оборудование для &laquo;Умных&raquo; домов. И&nbsp;даже разобрали примеры проектирования &laquo;умных&raquo; систем, так, чтобы любой ученик мог учитывать возможность инсталляции &laquo;интеллекта&raquo; на&nbsp;всех стадиях строительства и&nbsp;разработки интерьера помещений.</p>\r\n\r\n<p>Но в общем-то роль дизайнера, заключается только в творческом видении интерьера, и его задача лишь рассказать инженеру что, где и как должно светиться, подниматься, звучать и вообще реагировать на присутствие хозяина, а уже инженер спроектирует, компания произведет монтаж, запустит, наладит и обучит заказчика пользоваться и наслаждаться его жилищем. Как раз в этом и видится мне смысл партнерства художественного вкуса дизайнеров, искусства оформления помещений и рационального инженерного подхода для того, чтобы сделать Ваше жилье, а вместе с тем и Вашу Жизнь легче, проще, и началась Жизнь с большой буквы, Жизнь в стиле Hi-tech.</p>'),(40,7,'en','title',NULL),(41,7,'en','anons',NULL),(42,7,'en','content',NULL),(43,8,'ru','title','ВЫСТАВКА КОМПЛЕКСНОЙ БЕЗОПАСНОСТИ SIPS - 2011'),(44,8,'ru','anons','С 4 по 6 октября 2011 года в Краснодаре в рамках промышленной выставки &laquo;Развитие инфраструктуры юга России &ndash; IDES&raquo; пройдет международная выставка по безопасности &ndash; SIPS.'),(45,8,'ru','content','<p>В выставке принимают участие ведущие производители и поставщики: интегрированных системы безопасности, комплексных системы пожаротушения, аварийно-спасательного оборудования, цифровых и аналоговых камер видеонаблюдения, средств таможенного контроля, системы связи, оповещения и телекоммуникаций, систем защиты информации, цифровых, аналоговых и сетевых регистраторов и многого другого. Цель выставки безопасности SIPS &ndash; оказать содействие в реализации программы правительства, нацеленной на обеспечение комплексной безопасности Юга России. Комплекс мер, направленных на предупреждение, пресечение и устранение угроз и опасных ситуаций будет представлен как в деловой программе выставки средств безопасности SIPS, так и на стендах участников. Международная выставка &laquo;Охрана, безопасность, противопожарная защита Юга России&raquo; / SIPS вносит существенный вклад в развитие российских предприятий индустрии безопасности, ориентирует их на выпуск конкурентоспособной продукции, отвечающей мировым стандартам качества. Выставка по безопасности SIPS 2011 пройдет при поддержке: Полномочного представителя Президента РФ в Южном федеральном округе, Министерства транспорта РФ, Федеральной таможенной службы, МЧС Краснодарского края, Администрации Краснодарского края, ВДПО.</p>'),(46,8,'en','title',NULL),(47,8,'en','anons',NULL),(48,8,'en','content',NULL),(49,9,'ru','title','Международная выставка «Охрана и пожарная безопасность» SIPS-2013'),(50,9,'ru','anons','<p>22-я Международная выставка &laquo;Охрана и пожарная безопасность&raquo; 25-27 сентября 2013 Место проведения: Новосибирск, Станционная, 104</p>\r\n<p>&laquo;СибБезопасность/SIPS&raquo; &mdash; самая крупная за Уралом специализированная выставка, на которой демонстрируются последние достижения в области аварийно-спасательного оборудования, машин, систем, средств и методов спасения.</p>'),(51,9,'ru','content','<p>Международная выставка &laquo;Охрана и пожарная безопасность&raquo; &mdash; важное событие индустрии безопасности в сибирском регионе. &laquo;СибБезопасность/SIPS&raquo; &mdash; самая крупная за Уралом специализированная выставка, на которой демонстрируются последние достижения в области аварийно-спасательного оборудования, машин, систем, средств и методов спасения. Выставка проводится с 1991 года, и давно завоевала авторитет среди российских и зарубежных специалистов, работающих в сфере обеспечения безопасности и спасательного дела. На выставке представлены технические средства обеспечения безопасности, системы видеонаблюдения и контроля доступа, аварийно-спасательная и противопожарная техника, технологии для защиты информации. Экспозиция &laquo;СибБезопасность/SIPS&raquo; интересна и широкому кругу посетителей: в рамках выставки проходят семинары, круглые столы и тематические конференции.</p>'),(52,9,'en','title',NULL),(53,9,'en','anons',NULL),(54,9,'en','content',NULL),(55,10,'ru','title','19-я Московская Международная Выставка «Охрана, безопасность и противопожарная защита»'),(56,10,'ru','anons','<p>15-18 АПРЕЛЯ 2013 МОСКВА &bull; ВВЦ &bull; ПАВИЛЬОН № 75</p>\r\n\r\n<p>MIPS &ndash; идеальная площадка для продвижения продукции, развития бизнеса, изучения рынка, встреч со специалистами из разных регионов России и зарубежья.</p>'),(57,10,'ru','content','<p style=\"margin: 0px; padding: 0px 0px 1em; font-family: Arial, Helvetica, sans-serif; font-size: 12px; line-height: normal; \"><strong>Главная выставка индустрии охраны и безопасности в России.</strong></p>\r\n\r\n<p style=\"margin: 0px; padding: 0px 0px 1em; font-family: Arial, Helvetica, sans-serif; font-size: 12px; line-height: normal; \">MIPS &ndash; это крупнейшая по количеству и самая представительная по составу участников международная специализированная выставка по безопасности в России и странах СНГ.</p>\r\n\r\n<p style=\"margin: 0px; padding: 0px 0px 1em; font-family: Arial, Helvetica, sans-serif; font-size: 12px; line-height: normal; \">Выставка систем безопасности MIPS &ndash; идеальная площадка для продвижения продукции, развития бизнеса, изучения рынка, встреч со специалистами из разных регионов России и зарубежья.</p>\r\n\r\n<p style=\"margin: 0px; padding: 0px 0px 1em; font-family: Arial, Helvetica, sans-serif; font-size: 12px; line-height: normal; \">На выставке представлен полный спектр продукции и услуг для комплексного обеспечения безопасности во всех сферах современной жизни.</p>\r\n\r\n<p style=\"margin: 0px; padding: 0px 0px 1em; font-family: Arial, Helvetica, sans-serif; font-size: 12px; line-height: normal; \">Выставка проводится с 1995 года при поддержке МВД России, Комитета Совета Федерации Федерального собрания РФ по обороне и безопасности, Комитета Государственной Думы РФ по безопасности, Московской городской Думы, Правительства Москвы, Федерального космического агентства, Ассоциации Российских банков, Ассоциации BSIA (Британская индустрия безопасности), Ассоциации TEEMA (Тайвань), Ассоциации CEIEC (Китай), Ассоциации ISIO (Израиль).</p>\r\n\r\n<p style=\"margin: 0px; padding: 0px 0px 1em; font-family: Arial, Helvetica, sans-serif; font-size: 12px; line-height: normal; \">MIPS имеет аккредитацию UFI (Union des Foires Internationales, Всемирный Выставочный Союз) и Российского союза выставок и ярмарок. Каждые два года MIPS проходит международный выставочный аудит UFI.</p>\r\n\r\n<p style=\"margin: 0px; padding: 0px 0px 1em; font-family: Arial, Helvetica, sans-serif; font-size: 12px; line-height: normal; \">Ежегодно MIPS объединяет сотни участников рынка со всего мира, что подтверждает статус международного форума по безопасности. Именно здесь задаются тенденции развития отрасли, демонстрируются новинки и достигаются важные стратегические договоренности.</p>\r\n\r\n<p style=\"margin: 0px; padding: 0px 0px 1em; font-family: Arial, Helvetica, sans-serif; font-size: 12px; line-height: normal; \">В MIPS 2012 приняли участие 483 отечественных и зарубежных компаний из 25 стран мира.</p>\r\n\r\n<p style=\"margin: 0px; padding: 0px 0px 1em; font-family: Arial, Helvetica, sans-serif; font-size: 12px; line-height: normal; \">Среди них крупнейшие российские производители и дистрибьюторы, международные компании и корпорации: ADT/Tyco, Assa Abloy, Axis Communications, HID, Honeywell Life Safety, ITV, Mobotix, Dallmeier, Panasonic, Samsung, Siemens, Sony, UFS, Аргус-Спектр, АРМО-Системы, Болид, Бош Системы Безопасности, Гефест, КOМПАНИЯ БЕЗОПАСНОСТЬ, Луис+, ЭВС и&nbsp;многие другие.</p>\r\n\r\n<p style=\"margin: 0px; padding: 0px 0px 1em; font-family: Arial, Helvetica, sans-serif; font-size: 12px; line-height: normal; \">В 2012 году 4 государства: Великобритания, Германия, Китай и Тайвань были представлены национальными группами.</p>\r\n\r\n<p style=\"margin: 0px; padding: 0px 0px 1em; font-family: Arial, Helvetica, sans-serif; font-size: 12px; line-height: normal; \">32,7 % участников выставки MIPS &ndash; зарубежные компании. Это самый большой процент иностранных компаний в составе участников среди отечественных выставок по безопасности.</p>\r\n\r\n<p style=\"margin: 0px; padding: 0px 0px 1em; font-family: Arial, Helvetica, sans-serif; font-size: 12px; line-height: normal; \">Посетители MIPS &ndash; профессионалы рынка безопасности, руководители компаний и ведущие специалисты, принимающие решения о закупках.</p>\r\n\r\n<p style=\"margin: 0px; padding: 0px 0px 1em; font-family: Arial, Helvetica, sans-serif; font-size: 12px; line-height: normal; \">В 2012 году количество зарегистрированных посетителей выставки комплексной безопасности составило 15 539 человек.</p>\r\n\r\n<p style=\"margin: 0px; padding: 0px 0px 1em; font-family: Arial, Helvetica, sans-serif; font-size: 12px; line-height: normal; \"><a href=\"http://www.mips.ru/exhibition/statistics.aspx\" style=\"outline: none; color: rgb(51, 102, 153); \">Статистика говорит</a>, что 31,3 % от общего числа российских посетителей составляют специалисты из 73 регионов - от Калининграда до Петропавловска-Камчатского, а 68,7 % - специалисты из Москвы и Московской области.</p>\r\n\r\n<p style=\"margin: 0px; padding: 0px 0px 1em; font-family: Arial, Helvetica, sans-serif; font-size: 12px; line-height: normal; \"><strong>Выставка MIPS&nbsp;&mdash; это главное событие в&nbsp;индустрии безопасности, которое нельзя пропустить!</strong></p>'),(58,10,'en','title',NULL),(59,10,'en','anons',NULL),(60,10,'en','content',NULL),(61,11,'ru','title','Итоги Круглого стола \"Современные спортивные сооружения России: реальность и перспективы\"'),(62,11,'ru','anons','<p><i style=\"color: rgb(0, 0, 0); font-family: Tahoma; \">16 ноября 2010года в пресс-центре агентства &laquo;Риа-Новости&raquo; состоялся Круглый Стол &laquo;Современные спортивные сооружения России: реальность и перспективы&raquo;, организованный выставочной компанией МИДЭКСПО и мультимедийным агентством &laquo;РИА Новости&raquo;. Круглый стол проводился в преддверии международного Форума &laquo;Инновационные технологии для оснащения спортивных объектов&raquo;, который состоится 6 декабря в Президент-Отеле.</i></p>'),(63,11,'ru','content','<p style=\"color: rgb(0, 0, 0); font-family: Tahoma; \">Задачей Круглого стола ставилось обсуждение актуальных задач в области проектирования, строительства и оснащения современных спортивных сооружении между представителями органов государственной власти, ответственных за развитие физкультуры и спорта, владельцами и директорами действующих спортивных сооружений и ведущими компании, которые специализируются на оснащении спортивных объектов системами автоматизации и аудио-видео оборудованием.</p>\r\n\r\n<p style=\"color: rgb(0, 0, 0); font-family: Tahoma; \">Модератором мероприятия выступил генеральный директор Российской ассоциации спортивных сооружений (далее РАСС) Виктор Борисович Мяконьков, который приветствовал собравшихся от лица Организаторов и отметил актуальность тематики Круглого стола в свете предстоящих крупнейших международных спортивных мероприятий: XXVII Всемирная летняя универсиада 2013 г. в г. Казани, XXII Олимпийские зимние игры и XI Паралимпийские зимние игры 2014 года в г. Сочи.</p>\r\n\r\n<p style=\"color: rgb(0, 0, 0); font-family: Tahoma; \">О планах развития инфраструктуры спортивных сооружений в России рассказал генеральный директор Федерального государственного унитарного предприятия &laquo;Спорт-Инжиниринг&raquo; Александр Николаевич Васюков. В соответствии с Федеральной Целевой Программой &laquo;Развитие физической культуры и спорта в Российской Федерации на 2006-2015 годы&raquo; (далее Программа), перед спортивной отраслью России поставлены две основные задачи: развитие массового спорта и развитие спорта высших достижений.</p>\r\n\r\n<p style=\"color: rgb(0, 0, 0); font-family: Tahoma; \">&laquo;В рамках Программы на сегодняшний день построено 528 физкультурно-оздоровительных комплексов (ФОК), выделено более 22 млрд. рублей на строительство и оснащение спортивных объектов, при этом финансирование растет ежегодно на 20-25%&raquo;, &ndash; проинформировал участников Круглого стола Александр Николаевич. В планах на 2011 год &ndash; возведение еще 90 ФОКов, на финансирование которых выделено 4,1 млрд. рублей из бюджета.</p>\r\n\r\n<p style=\"color: rgb(0, 0, 0); font-family: Tahoma; \">Основной упор в строительстве баз для спорта высших достижений делается сейчас на зимние виды спорта, строятся базы в поселке Тосково (Ленинградская область), в городе Чайковский (Пермский край), в поселке Новогорск (Московская область). Поселок Токсово выдвинут на проведение в 2013 году чемпионата мира по лыжному спорту. В городе Чайковский возводится крупнейший спортивный комплекс, который станет тренировочной базой для занятий зимними видами спорта. В поселке Новогорск возводится современный спортивный комплекс &laquo;Олимпийская деревня Новогорск&raquo;. Безусловно, ведется работа и по базам для летних видов спорта, основным объектом является база &laquo;Озеро Круглое&raquo; (Московсквая область).</p>\r\n\r\n<p style=\"color: rgb(0, 0, 0); font-family: Tahoma; \">Сегодня одним из лучших спортивных объектов России, отвечающим международным требованиям, является Дворец спорта &laquo;Мегаспорт&raquo;. С момента начала эксплуатации Дворца уже прошло 4 чемпионата мира по хоккею, 6 чемпионатов Европы и 18 мировых соревнований гран-при (хоккей, фигурное катание, баскетбол, бои без правил и другие виды спорта). О том, как перенести уже имеющийся опыт на проектирование и эксплуатацию олимпийских объектов в Сочи, какие проблемы и задачи еще предстоит решать, рассказал Михаил Владимирович Загайнов, генеральный директор Дворца спорта &laquo;Мегаспорт&raquo;. Михаил Владимирович отметил, что, несмотря на то, что Дворец спорта &laquo;Мегаспорт по-прежнему является затратным с точки зрения финансовых, человеческих и энергетических ресурсов, специалистам Дворца удалось добиться значительных результатов при содержании и эксплуатации ледового дворца. Главное, по мнению Михаила Владимировича, вдумчивое отношение к спорту высоких технологий и забота о спортсменах.</p>\r\n\r\n<p style=\"color: rgb(0, 0, 0); font-family: Tahoma; \">Как известно, к концу 2012 году в г. Сочи должны быть построены все объекты для контрольных стартов. По мнению директора Дворца спорта &laquo;Мегаспорт&raquo;, основной сложностью при строительстве Олимпийских объектов в Сочи является необходимость возведения технологически сложных комплексов в сложных климатических особенностях региона. Важным аспектом является подготовка квалифицированных кадров для работы на современных спортивных объектах.</p>\r\n\r\n<p style=\"color: rgb(0, 0, 0); font-family: Tahoma; \">По мнению генерального директора НТП &laquo;Унисервис&raquo; Александра Викторовича Дрынкова, энергосберегающие технологии для оснащения спортивных объектов - это последнее, во что стремится вложить деньги инвестор. При этом, именно автоматизация всех инженерных систем, например разные световые режимы и их автоматическое регулирование, приводит к значительному сокращению затрат при эксплуатации объектов. Примером может служить стадион &laquo;Альянс-Арена&raquo; в г. Мюнхене, на ней установлено 500 счетчиков, которые дают сокращение потребления электроэнергии в 2 раза в неигровые дни (то есть вместо 40 000 кв/ч &ndash; всего 20 000) и 1,5 раза в игровые дни.</p>\r\n\r\n<p style=\"color: rgb(0, 0, 0); font-family: Tahoma; \">Неотъемлемой частью современных спортивных сооружений являются системы отображения информации, которые способствуют созданию неповторимой атмосферы для болельщиков, придают зрелищность мероприятиям, обеспечивают высокий уровень организации и трансляции события. О внедрении таких систем на спортивных объектах в России сообщил Виктор Викторович Киндер, заместитель генерального директора, директор департамента системной интеграции компании AUVIX. Помимо указанных преимуществ использования систем отображения информации, немаловажным является их использование в целях обеспечения безопасности спортивных сооружений. Еще одним положительным фактором использования АВ систем является возможность трансляции рекламы спонсоров, что делает спортивное событие коммерчески прибыльным предприятием.</p>\r\n\r\n<p style=\"color: rgb(0, 0, 0); font-family: Tahoma; \">Однако, не лучшим образом на внедрение АВ технологий сказывается отсутствие квалифицированного персонала, а также нежелание заказчика до конца понимать необходимость и все плюсы от инвестирования в аудиовизуальные системы.</p>\r\n\r\n<p style=\"color: rgb(0, 0, 0); font-family: Tahoma; \">Ключевым моментом в области проектирования и оснащения спортивных сооружений в России является необходимость разработки единых стандартов и типизация спортивных объектов. По словам Александра Николаевича Васюкова, в 2006 году, когда Программа была только запущена, 75% строящихся ФОК не соответствовало спортивным технологиям, социальным задачам и современным требованиям&raquo;. Для решения этой задачи был объявлен конкурс на лучшее спортивное сооружение для массового спорта. В 2009 году было подано 39 заявок, в 2010 году &ndash; уже 71, а в 2011 планируется принять уже более 120. Лучшие проекты, по словам господина Васюкова, Минспорттуризм России рекомендует регионам к повторному применению.</p>\r\n\r\n<p style=\"color: rgb(0, 0, 0); font-family: Tahoma; \">Типизация спортивных объектов &ndash; это сложная проблема, с одной стороны, ресурсы федерального бюджета хочется экономить, но часто это приводит к удорожанию процесса эксплуатации. Поэтому важной частью Программы является привлечение коммерческих компаний на основе государственно-частного партнерства. В настоящее время, Министерство спорта, туризма и молодежной политики Российской Федерации активно занимается разработкой концепции стандартизации оборудования и спортивных сооружений. Например, в Российском футбольном союзе уже созданы качественные стандарты, многие федерации также над этим работают. В планах на 2011 год &ndash; принять концепцию стандартизации оборудования и спортивных сооружений массового спорта.</p>\r\n\r\n<p style=\"color: rgb(0, 0, 0); font-family: Tahoma; \">РАСС подписала соглашение с Федерацией плавания для разработки стандартов для бассейнов, в рамках которой планируется разграничить бассейны для массового спорта и спорта высших достижений, предстоит провести зонирование помещений, выдвинуть требования к оснащению помещений, диспетчеризации, безопасности, системам отображения информации.</p>\r\n\r\n<p style=\"color: rgb(0, 0, 0); font-family: Tahoma; \">Подводя итоги Круглого стола, участники отметили, что мероприятия подобного рода помогают обозначить ключевые вопросы, требующие безотлагательного решения, а также дают возможность обсудить перспективы дальнейшего развития спорта с точки зрения создания современных спортивных сооружений.</p>\r\n\r\n<p style=\"color: rgb(0, 0, 0); font-family: Tahoma; \">Дискуссия Круглого стола будет продолжена в рамках Международного Форума&nbsp;<b>&laquo;Инновационные технологии для оснащения спортивных объектов&raquo;</b>, который состоится&nbsp;<b>6 декабря</b>&nbsp;в Москве, в гостинице &laquo;Президент-Отель&raquo; Управления делами Президента РФ.</p>\r\n\r\n<p style=\"color: rgb(0, 0, 0); font-family: Tahoma; \">Форум организован компанией МИДЭКСПО при поддержке Комитета Государственной Думы РФ по физической культуре и спорту; Департамента по физической культуры и спорта города Москвы; АНО &quot;Исполнительная дирекция XXVII Всемирной летней универсиады 2013 года в городе Казани&quot;; Государственной Корпорации &laquo;Олимпстрой&raquo;; Общероссийской физкультурно-спортивной общественная организация &laquo;Российская ассоциация спортивных сооружений&raquo;; Совета по экологическому строительству; профессиональных ассоциаций KNX Russia, BIG-Ru, InfoComm International, CEDIA.</p>'),(64,11,'en','title',NULL),(65,11,'en','anons',NULL),(66,11,'en','content',NULL),(67,12,'ru','title','Всероссийская конференция «Инновационные технологии обеспечения безопасности крупных объектов»'),(68,12,'ru','anons','<p>Всероссийская конференция &laquo;Инновационные технологии обеспечения безопасности крупных объектов&raquo; пройдет в Санкт-Петербурге 13-14 ноября 2013 года.</p>\r\n\r\n<p>На конференции будут редставлены новейшие технологии и передовые решения для обеспечения безопасности крупных территориально распределенных объектов.</p>'),(69,12,'ru','content','<p>13-14 ноября 2013 года в Санкт-Петербурге начало Всероссийской конференции &laquo;Инновационные технологии обеспечения безопасности крупных объектов&raquo;.</p>\r\n\r\n<p>На конференции ведущие независимые эксперты и производители систем безопасности представят новейшие технологии и самые передовые решения для обеспечения безопасности крупных территориально распределенных объектов.</p>\r\n\r\n<p>Посетив конференцию, Вы сможете &laquo;из первых рук&raquo; получить уникальную информацию о лучших решениях и системах безопасности, оценить их функциональные и эксплуатационные возможности и получить консультации квалифицированных специалистов российского рынка.</p>\r\n\r\n<p>В прошлом году мероприятие имело колоссальный успех, собрав представителей ЗАО &laquo;ЮИТ Санкт-Петербург&raquo;, ОАО &laquo;Авангард&raquo;, ООО &laquo;СИБУР-Портэнерго&raquo;, ЗАО &laquo;Газпромнефть-Аэро&raquo;, ОАО &laquo;НК &laquo;Роснефть&raquo;, ОАО &laquo;Томскнефть&raquo;, ОАО &laquo;Запсибкомбанк&raquo;, ООО &laquo;УГМК-Холдинг&raquo;, ООО &laquo;Газпромнефть-Восток&raquo;, ОАО &laquo;Выксунский металлургический завод&raquo;, ОАО &laquo;Силовые машины&raquo;, ООО &laquo;ГАЗПРОМНЕФТЬ &ndash; ХАНТОС&raquo;, МБУ &laquo;Конькобежный Центр Московской области &laquo;КОЛОМНА&raquo;, Государственный Эрмитаж и других.</p>\r\n\r\n<p>Предлагаем Вам <a href=\"http://sfitex.primexpo.ru/ru/innovations_2013\" target=\"_blank\">ознакомиться с новинками</a> ведущих российских и зарубежных производителей технических средств безопасности, аварийно-спасательных средств, систем и средств пожарной безопасности, программных и технических средств защиты информации, которые будут на представлены на выставке &quot;Охрана и Безопасность - SFITEX&quot;</p>'),(70,12,'en','title',NULL),(71,12,'en','anons',NULL),(72,12,'en','content',NULL),(73,13,'ru','title','Выездное заседание Комиссии по информационной безопасности'),(74,13,'ru','anons','<p>31 июля 2013г. компания &lt;ВАЙФАЙНДЕР&gt; приняла участие в Выездном заседание Комиссии при полномочном представителе Президента РФ в ЦФО по информационной безопасности, по вопросам реализации Концепции защиты информации на территории ЦФО, перспективы развития информационно-телекоммуникационных систем, подготовки специалистов в сфере информационной безопасности.</p>'),(75,13,'ru','content','<p>31 июля в Рязани состоялось выездное заседание Комиссии при полномочном представителе Президента Российской Федерации в ЦФО по информационной безопасности в которой приняла участие&nbsp;компания &quot;ВАЙФАЙНДЕР&quot;.</p>\r\n\r\n<p>На заседании рассматривались&nbsp;вопросы&nbsp;реализации Концепции защиты информации на территории ЦФО, перспективы развития информационно-телекоммуникационных систем, подготовки специалистов в сфере информационной безопасности.</p>\r\n\r\n<p>На фото:</p>\r\n\r\n<ul>\r\n	<li>губернатор Рязанской области Олег Иванович Ковалев(по центру);</li>\r\n	<li>заместитель полномочного представителя в ЦФО Овсиенко Николай Павлович, председатель комиссии по информационной безопасности при Полпредстве ЦФО;</li>\r\n	<li>генеральный директор кмпании &quot;ВАЙФАЙНДЕР&quot; Воронцов Дмитрий Анатольевич.</li>\r\n</ul>\r\nУчастники заседания ознакомились с выставкой проектов, направленных на обеспечение безопасности, в частности на транспорте и в сфере ЖКХ, а также посетили ОАО «Государственный Рязанский приборный завод», где осмотрели производственно-технический комплекс предприятия.\r\n<p>Источник: <a href=\"http://www.ryazanreg.ru/news/archive/2013/15014/\" target=\"_blank\">официальный сайт&nbsp;Правительства&nbsp;Рязанской области&nbsp;</a></p>'),(76,13,'en','title',NULL),(77,13,'en','anons',NULL),(78,13,'en','content',NULL),(79,14,'ru','title','SIPS South Russia / «Охрана. Безопасность. Противопожарная Защита»'),(80,14,'ru','anons','<p>3 сентября состоится открытие выставки SIPS South Russia / &laquo;Охрана. Безопасность. Противопожарная Защита&raquo;. Выставка проводится в г. Краснодаре (ул. Зиповская, 5, павильон 1), с 3 по 5 сентября 2013 года.</p>\r\nВ числе основных разделов выставки - технические средства обеспечения безопасности, системы охранного телевидения и наблюдения, системы связи, оповещения и телекоммуникаций, пожарная безопасность таможенный и пограничный контроль, защита информации.'),(81,14,'ru','content','<p>3 сентября состоится открытие выставки SIPS South Russia / &laquo;Охрана. Безопасность. Противопожарная Защита&raquo;.</p>\r\n\r\n<p>Выставка проводится в г. Краснодаре (ул. Зиповская, 5, павильон 1), с 3 по 5 сентября 2013 года.</p>\r\n\r\n<p>На выставке будет представлен широкий спектр технических средств обеспечения безопасности, новинки систем охранного телевидения и наблюдения, аварийно-спасательная и пожарная техника, новые решения в области защиты информации. В выставке принимают участие компании: &laquo;Авангард&raquo;, &laquo;Арман&raquo;, &laquo;Випакс&raquo;, &laquo;Иста-Техника&raquo;, &laquo;Микросфера&raquo;, &laquo;Огнеборец&raquo;, &laquo;Плазма-Т&raquo;, Пожзащита.ru, &laquo;Радиотех-Трейд&raquo;, &laquo;Рубеж&raquo; ТД, &laquo;Систем Инжиниринг&raquo;, &laquo;Техника безопасности&raquo;, Группа Компаний &laquo;ЮНИТЕСТ&raquo; и другие.</p>\r\n\r\n<p>Посетителей выставки ожидает обширная деловая программа:</p>\r\n\r\n<ul>\r\n	<li>семинар &laquo;Комплексные интегрированные системы безопасности&raquo; (предварительная регистрация на семинар на сайте ТД &laquo;Сквид&raquo; &gt;&gt;);</li>\r\n	<li>семинар &laquo;Обеспечение антикриминальной безопасности устройств самообслуживания (банкоматов)&raquo;;</li>\r\n	<li>конференция &laquo;Пожарная безопасность объектов Южного региона в условиях нового законодательства. Опыт и практические решения&raquo;;</li>\r\n	<li>встреча IT-клуба Краснодара &laquo;Цифровые пятницы&raquo; под названием &laquo;Умный город: будущее &mdash; сегодня&raquo;;</li>\r\n	<li>конференция &laquo;Энергосбережение в жилищном секторе: механизмы финансирования&raquo;</li>\r\n</ul>\r\n\r\n<p>Расписание мероприятий смотрите <a href=\"http://sips-expo.ru/ru-RU/business_program.aspx?lang=ru-ru&amp;utm_source=29-08-2013-3216&amp;utm_medium=Email&amp;utm_campaign=email\" target=\"_blank\">на сайте</a></p>'),(82,14,'en','title',NULL),(83,14,'en','anons',NULL),(84,14,'en','content',NULL),(85,15,'ru','title','13-я Иранская Международная Промышленная Выставка'),(86,15,'ru','anons','<p><a _fcksavedurl=\"http://www.expo-world.ru/\" href=\"http://www.expo-world.ru/\" target=\"_blank\"><img _fcksavedurl=\"http://www.expo-world.ru/upload/bannerNew.gif\" alt=\"\" src=\"http://www.expo-world.ru/upload/bannerNew.gif\" title=\"Выставки мира для Вас\" /></a></p>\r\nВ выставке примут участие в качестве экспонентов и посетителей фирмы\r\nБлижнего Востока, Европы и Азии.\r\n\r\nМногие страны мира участвуют в выставке со своими национальными\r\nэкспозициями, в связи с чем на выставке возможно вести переговоры  о\r\nсотрудничестве не только с фирмами Ирана.  \r\nВыставка предоставляет широкие возможности российским предприятиям\r\nпредставить свою продукцию на весьма перспективном рынке этого региона.'),(87,15,'ru','content','<p><a _fcksavedurl=\"http://www.expo-world.ru/\" href=\"http://www.expo-world.ru/\" target=\"_blank\"><img _fcksavedurl=\"http://www.expo-world.ru/upload/bannerNew.gif\" alt=\"\" src=\"http://www.expo-world.ru/upload/bannerNew.gif\" title=\"Выставки мира для Вас\" /></a></p>\r\n\r\n<p>Индустриальные сектора</p>\r\n\r\n<ul>\r\n	<li>Обработка поверхностей</li>\r\n	<li>Нефть и Газ</li>\r\n	<li>Коммунальные технологи, Водные технологии, Управление отходами, Городское Хозяйство</li>\r\n	<li>Информационные технологии, Телекоммуникация (дистанционная связь)</li>\r\n	<li>товары для дома</li>\r\n	<li>Металлургия, Литье, Формовка, Цветная Металлургия</li>\r\n	<li>Промышленная автоматизация, Измерения и Контроль -&nbsp;аппаратура, оборудование и технологии</li>\r\n	<li>Энергетика</li>\r\n	<li>Металлообработка, Сварка - технологии, Оборудование</li>\r\n	<li>Индустриально-технические выставки, машиностроение</li>\r\n	<li>Горная индустрия</li>\r\n	<li>Промышленные выставки - многопрофильные</li>\r\n	<li>Строительство - Технологии, Оборудование, Отделочные работы, оформление интерьеров</li>\r\n	<li>Электроника, Электротехника</li>\r\n	<li>Отопление, Охлаждение, Кондиционирование, Водопроводное дело; Слесарные работы</li>\r\n	<li>Оффшорные технологии, Судостроение, Портовое оборудование</li>\r\n	<li>Безопасность и Защита -  Текстиль, ткани и материалы</li>\r\n	<li>Защита окружающей среды</li>\r\n	<li>Телевидение и радиовещание, потребительская электроника</li>\r\n	<li>Швейная и Текстильная индустрия - машины и оборудование</li>\r\n	<li>Кожа и Обувь - Производственные технологии и Оборудование</li>\r\n	<li>Индустриальное оборудование, Эксплуатация, Техническое обслуживание</li>\r\n	<li>Трубы, проволока</li>\r\n	<li>Железнодорожная индустрия</li>\r\n	<li>Химия, Нефтехимия</li>\r\n	<li>Металлические изделия, скобяные товары, Инструменты</li>\r\n	<li>Освещение</li>\r\n	<li>Системы очистки</li>\r\n	<li>Подшипники</li>\r\n	<li>Дорожное строительство</li>\r\n</ul>\r\n\r\n<p>На выставке TIIE 2013&nbsp;будут представлены современные технологии по многим областям промышленности. &nbsp;Выставочная площадь занимает около 20 000 кв. метров. Традиционно в TIIE принимает участие от 450 до 550 иранских компаний, которые специализируются в области машиностроения, станкостроения, автоматизации промышленного производства. Насчитывается около 300 зарубежных компаний.</p>\r\n\r\n<p>В выставке 2012 года приняло участие 580 иранские компании и 358 зарубежные (из 23 стран). Выставочная площадь составила 28 000 кв.метров открытых площадей и 13 000 кв. метров закрытой.</p>\r\n\r\n<p>В выставке примут участие в качестве экспонентов и посетителей фирмы Ближнего Востока, Европы и Азии. Многие страны мира участвуют в выставке со своими национальными экспозициями, в связи с чем на выставке возможно вести переговоры о сотрудничестве не только с фирмами Ирана.</p>\r\n\r\n<p>Выставка предоставляет широкие возможности российским предприятиям представить свою продукцию на весьма перспективном рынке этого региона. Тематика:</p>\r\n\r\n<ul>\r\n	<li>машиностроение (строительное оборудование, оборудование для текстильной и кожевенной промышленности, пневматические инструменты, насосы и компрессоры, с/х инструменты и техника)</li>\r\n	<li>металлообработка (литье, сварка, металлообработка, плавка, механические инструменты)</li>\r\n	<li>измерительное оборудование</li>\r\n	<li>горная индустрия</li>\r\n	<li>энергетика</li>\r\n	<li>обработка поверхностей</li>\r\n	<li>информационные технологии</li>\r\n	<li>авиацио</li>\r\n	<li>оборудование, материалы и технологии для химической промышленности</li>\r\n	<li>электрика и электроника, электротехника (силовые установки, кабели, трансформаторы, осветительные системы, генераторы, компьютеры, коммуникационные технологии, устройства и аксессуары высоких технологий)</li>\r\n	<li>оборудование и технологии горнодобывающей промышленности</li>\r\n	<li>автомобили и запчасти (технологии автомобильной отрасли, подвижной состав железных дорог)</li>\r\n	<li>авиационная индустрия, авиакосмические технологии (аэропорты, навигационные системы и т.п.)</li>\r\n	<li>кондиционирование воздуха</li>\r\n	<li>судостроение, наземные и морские системы</li>\r\n	<li>автомобильная индустрия</li>\r\n	<li>строительство</li>\r\n	<li>измерительно оборудование</li>\r\n	<li>индустриальное оборудование</li>\r\n	<li>защита окружающей среды</li>\r\n	<li>и др.</li>\r\n</ul>'),(88,15,'en','title',NULL),(89,15,'en','anons',NULL),(90,15,'en','content',NULL),(91,16,'ru','title','Компания ВАЙФАЙНДЕР лауреат ежегодной премии \"Экономическая опора России\"'),(92,16,'ru','anons','<p>Торжественная церемония награждения лауреатов Ежегодной национальной премии состоится 17 октября 2013 года в Гостиничном комплексе Управления Делами Президента РФ Президент-отель&raquo; в Москве. Компания &quot;ВАЙФАЙНДЕР&quot; объявлена номинантом на звание &quot;Образцовое предприятие&quot; с присуждением Почетного Знака &quot;Руководитель года&quot; директору компании.</p>'),(93,16,'ru','content',NULL),(94,16,'en','title',NULL),(95,16,'en','anons',NULL),(96,16,'en','content',NULL),(97,17,'ru','title','Cеминар ООО \"ВАЙФАЙНДЕР\"  для клиентов с участием представителей нижегородского бюро Legrand'),(98,17,'ru','anons','<p>15 апреля 2010 г. в связи с открытием компанией Wifinder, официальным инсталлятором LCS, филиала в Нижнем Новгороде, состоялся семинар для клиентов с участием представителей нижегородского бюро Legrand. Темами выступлений стали &quot;Система домотики My Home BTicino&quot; (Ольга Полякова) и &quot;Решения для построения структурированных кабельных систем&quot; (Василий Мартынов).</p>'),(99,17,'ru','content','<p>15 апреля 2010 г. в связи с открытием компанией Wifinder, официальным инсталлятором LCS, филиала в Нижнем Новгороде, состоялся семинар для клиентов с участием представителей нижегородского бюро Legrand. Темами выступлений стали &quot;Система домотики My Home BTicino&quot; (Ольга Полякова) и &quot;Решения для построения структурированных кабельных систем&quot; (Василий Мартынов). <a href=\"http://www.legrand.ru/ru/scripts/ru/publigen/content/templates/previewMultiPhoto.asp?P=1499&amp;L=EN\" target=\"_blank\">подробней...</a></p>'),(100,17,'en','title',NULL),(101,17,'en','anons',NULL),(102,17,'en','content',NULL),(103,18,'ru','title','ООО ВАЙФАЙНДЕР по результатам анализа РАГ за 2011-2012г заняла 90 место из 59198 предприятии отрасли'),(104,18,'ru','anons','<p>По результатам анализа Рейтинговой Аналитической Группы за 2011-2012 год Компания ВАЙФАЙНДЕР заняла 90 место из 59198 предприятий отрасли &quot;45.3&quot; - &quot;Монтаж инженерного оборудования здаий и сооружений&quot;</p>'),(105,18,'ru','content',NULL),(106,18,'en','title',NULL),(107,18,'en','anons',NULL),(108,18,'en','content',NULL),(109,19,'ru','title','6-й форум All-over-IP Expo 2013 – The Next Big Thing!'),(110,19,'ru','anons','<p>В 2013 году форум <a href=\"http://www.all-over-ip.ru/2013/about/\" target=\"_blank\"><span style=\"color:#FF0000;\">All-over-IP Expo</span></a> вновь превосходит себя по составу мировых вендоров, зарубежных спикеров, российских экспертов, ключевых инноваций в области ИТ, коммуникаций и безопасности. Глобальный саммит. Специальное событие для технических гурманов. Знак качества делового общения.</p>\r\n\r\n<p>В 2013 году посетителей ждет еще больше выдающихся персон, форматов совместной работы, растущих направлений рынка IP-решений и событий Must Be.</p>'),(111,19,'ru','content','<p>All-over-IP Expo 2013 представляет революционные продукты, системы и решения в 7 продуктовых областях:</p>\r\n\r\n<ol>\r\n	<li>Видеонаблюдение.</li>\r\n	<li>Машинное зрение.</li>\r\n	<li>IP Security.</li>\r\n	<li>IP-сети и коммуникации.</li>\r\n	<li>Системы хранения.</li>\r\n	<li>Облака и виртуализация.</li>\r\n	<li>Умные устройства.</li>\r\n</ol>\r\n\r\n<p>Содержание экспозиции и деловой программы готовят технологические лидеры:</p>\r\n\r\n<ul>\r\n	<li>более 70 крупнейших мировых вендоров;</li>\r\n	<li>более 60 ведущих дистрибьюторов и интеграторов;</li>\r\n	<li>более 50 инновационных российских разработчиков.</li>\r\n</ul>\r\n\r\n<h2>&nbsp;</h2>\r\n\r\n<h2>Передовые проекты и решения</h2>\r\n\r\n<p>В 2013 году мероприятия производителей, дистрибьюторов и интеграторов ориентированы на представление успешных реализованных проектов на базе передовых технологий. В центре внимания &ndash; транспорт, спортивные объекты, городская инфраструктура, торговые сети, нефтегаз и энергетика, промышленность, территориально распределенные объекты.</p>\r\n\r\n<p>Содержание семинаров: как сохранить инвестиции, сократить затраты, быстро и экономично расширить или модернизировать системы, повысить удобство эксплуатации, оптимизировать бизнес-процессы, улучшить качество и автоматизировать технологические процессы.</p>'),(112,19,'en','title',NULL),(113,19,'en','anons',NULL),(114,19,'en','content',NULL),(115,20,'ru','title','Компания ВАЙФАЙНДЕР примет участие в форуме All-over-IP Expo 2013'),(116,20,'ru','anons','<p>Компания ВАЙФАЙНДЕР примет участие в <span style=\"color: rgb(193, 23, 42); font-weight: normal;\">6-ом форуме All-over-IP Expo 2013</span> на котором <b>Первые лица крупнейших вендоров</b> &ndash; Avigilon, Axis Communications, Basler, Bosch Security Systems, Dallmeier electronic, IndigoVision, ITV | AxxonSoft, Panasonic, Pelco by Schneider Electric, Qsan Technology, Western Digital &ndash; <strong>представляют видение будущего</strong>.</p>\r\n\r\n<b>Технологии, которые изменят жизнь и бизнес через 5&ndash;10 лет.</b>'),(117,20,'ru','content','<p>Компания ВАЙФАЙНДЕР примет участие в <span style=\"color: rgb(193, 23, 42); font-weight: normal;\">6-ом форуме All-over-IP Expo 2013</span> на котором <b>Первые лица крупнейших вендоров</b> &ndash; Avigilon, Axis Communications, Basler, Bosch Security Systems, Dallmeier electronic, IndigoVision, ITV | AxxonSoft, Panasonic, Pelco by Schneider Electric, Qsan Technology, Western Digital &ndash; <strong>представляют видение будущего</strong>.</p>\r\n\r\n<h2>Технологии, которые изменят жизнь и бизнес через 5&ndash;10 лет.</h2>'),(118,20,'en','title',NULL),(119,20,'en','anons',NULL),(120,20,'en','content',NULL),(121,21,'ru','title','Компания ВАЙФАЙНДЕР номинант Всеросийской премии \"Национальная марка качества\"'),(122,21,'ru','anons','<p>Компания <strong>ВАЙФАЙНДЕР</strong> объявлена номинантом <strong>Всероссийской премии &quot;НАЦИОНАЛЬНАЯ МАРКА КАЧЕСТВА&quot;</strong> с присуждением предприятию <strong>почетного звания &quot;Гарант качества и надежности&quot;, </strong>а руководителю<strong> почётного знака &quot;За качество управленческих решений&quot;.&nbsp;</strong></p>\r\n\r\n<p><strong>Торжественная Церемония награждения&nbsp;&quot;НАЦИОНАЛЬНАЯ МАРКА КАЧЕСТВА&quot; пройдет в ГК &quot;Приезидент-Отель&quot; Управления делами президента РФ (г.Москва) в 19:00 18 декабря 2013 года.</strong></p>'),(123,21,'ru','content','<p>Компания <strong>ВАЙФАЙНДЕР</strong> объявлена номинантом <strong>Всероссийской премии &quot;НАЦИОНАЛЬНАЯ МАРКА КАЧЕСТВА&quot;</strong> с присуждением предприятию <strong>почетного звания &quot;Гарант качества и надежности&quot;, </strong>а руководителю<strong> почётного знака &quot;За качество управленческих решений&quot;.&nbsp;</strong></p>\r\n\r\n<p><strong>Торжественная Церемония награждения&nbsp;&quot;НАЦИОНАЛЬНАЯ МАРКА КАЧЕСТВА&quot; пройдет в ГК &quot;Приезидент-Отель&quot; Управления делами президента РФ (г.Москва) в 19:00 18 декабря 2013 года.</strong></p>'),(124,21,'en','title',NULL),(125,21,'en','anons',NULL),(126,21,'en','content',NULL),(127,22,'ru','title','Компания ВАЙФАЙНДЕР отмечена во всероссийском конкурсе \"100 лучших организаций России-2013\"'),(128,22,'ru','anons','<p>Оргкомитет Международного форума <strong>&quot;Инновации и Развитие&quot;</strong> отметил высокий уровень работы компании <strong>&quot;ВАЙФАЙНДЕР&quot;</strong> и активную деятельнось по укреплению конкурентноспособности российской экономике и интеграции её в мировое экономическое сообщество.&nbsp;</p>'),(129,22,'ru','content','<p>Оргкомитет Международного форума&nbsp;<strong>&quot;Инновации и Развитие&quot;</strong>&nbsp;отметил высокий уровень работы компании&nbsp;<strong>&quot;ВАЙФАЙНДЕР&quot;</strong>&nbsp;и активную деятельнось по укреплению конкурентноспособности российской экономике и интеграции её в мировое экономическое сообщество.</p>\r\n\r\n<p>Отмечая высокий уровень работы <strong>ООО &quot;ВАЙФАЙНДЕР&quot;</strong>, а также основываясь на заключении экспертов и данных обработки аналитических иссследований, эксперный совет форума рекомендовал компанию &quot;Wifinder&quot; для участия во <strong>Всероссийском конкурсе &quot;100 лучших предприятий и организаций России - 2013&quot; по наминациям</strong>, а руководство и лучших специалистов к награждению <strong>орденом &quot;Звезда Отечества&quot;, почётной медалью &quot;За доблестный труд&quot; и медалью &quot;За инновации и развитие&quot;.</strong></p>'),(130,22,'en','title',NULL),(131,22,'en','anons',NULL),(132,22,'en','content',NULL),(133,23,'ru','title','С Новым 2014 Годом и Рождеством!'),(134,23,'ru','anons','<p>Дорогие Коллеги и Партнеры! Уважаемые друзья! Компания &laquo;ВАЙФАЙНДЕР&raquo; искренне поздравляем Вас с наступающим Новым 2014 Годом и Рождеством! Желаем Вам счастья, здоровья и семейного благополучия.</p>'),(135,23,'ru','content','<p>Дорогие Коллеги и Партнеры! Уважаемые друзья! Компания &laquo;ВАЙФАЙНДЕР&raquo; искренне поздравляем Вас с наступающим Новым 2014 Годом и Рождеством! Желаем Вам счастья, здоровья и семейного благополучия.</p>'),(136,23,'en','title',NULL),(137,23,'en','anons',NULL),(138,23,'en','content',NULL);
/*!40000 ALTER TABLE `news_item_translations` ENABLE KEYS */;
UNLOCK TABLES;

--
-- Table structure for table `project`
--

DROP TABLE IF EXISTS `project`;
/*!40101 SET @saved_cs_client     = @@character_set_client */;
/*!40101 SET character_set_client = utf8 */;
CREATE TABLE `project` (
  `id` int(11) NOT NULL AUTO_INCREMENT,
  `sort` int(11) DEFAULT NULL,
  `alias` varchar(100) COLLATE utf8_unicode_ci NOT NULL,
  `title` varchar(100) COLLATE utf8_unicode_ci DEFAULT NULL,
  `short_description` longtext COLLATE utf8_unicode_ci,
  `description` longtext COLLATE utf8_unicode_ci,
  `is_active` tinyint(1) DEFAULT NULL,
  `year_id` int(11) DEFAULT NULL,
  PRIMARY KEY (`id`),
  UNIQUE KEY `UNIQ_2FB3D0EEE16C6B94` (`alias`),
  KEY `IDX_2FB3D0EE40C1FEA7` (`year_id`),
  CONSTRAINT `FK_2FB3D0EE40C1FEA7` FOREIGN KEY (`year_id`) REFERENCES `years` (`id`) ON DELETE CASCADE
) ENGINE=InnoDB AUTO_INCREMENT=20 DEFAULT CHARSET=utf8 COLLATE=utf8_unicode_ci;
/*!40101 SET character_set_client = @saved_cs_client */;

--
-- Dumping data for table `project`
--

LOCK TABLES `project` WRITE;
/*!40000 ALTER TABLE `project` DISABLE KEYS */;
INSERT INTO `project` VALUES (1,NULL,'project1',NULL,NULL,NULL,1,8),(2,NULL,'project2',NULL,NULL,NULL,1,8),(3,NULL,'project3',NULL,NULL,NULL,1,9),(4,NULL,'project4',NULL,NULL,NULL,1,15),(5,NULL,'project5',NULL,NULL,NULL,1,15),(6,NULL,'project6',NULL,NULL,NULL,1,13),(7,NULL,'project7',NULL,NULL,NULL,1,10),(8,NULL,'project8',NULL,NULL,NULL,1,9),(9,NULL,'project9',NULL,NULL,NULL,1,10),(10,NULL,'project10',NULL,NULL,NULL,1,12),(11,NULL,'project11',NULL,NULL,NULL,1,11),(12,NULL,'project12',NULL,NULL,NULL,1,14),(13,NULL,'project13',NULL,NULL,NULL,1,15),(14,NULL,'project14',NULL,NULL,NULL,1,16),(15,NULL,'project15',NULL,NULL,NULL,1,17),(16,NULL,'project16',NULL,NULL,NULL,1,17),(17,NULL,'project17',NULL,NULL,NULL,1,18),(18,NULL,'cargill',NULL,NULL,NULL,0,18),(19,NULL,'ierusalim',NULL,NULL,NULL,1,18);
/*!40000 ALTER TABLE `project` ENABLE KEYS */;
UNLOCK TABLES;

--
-- Table structure for table `project_file`
--

DROP TABLE IF EXISTS `project_file`;
/*!40101 SET @saved_cs_client     = @@character_set_client */;
/*!40101 SET character_set_client = utf8 */;
CREATE TABLE `project_file` (
  `id` int(11) NOT NULL AUTO_INCREMENT,
  `project_id` int(11) DEFAULT NULL,
  `file_category_id` int(11) DEFAULT NULL,
  `sort` int(11) DEFAULT NULL,
  `path` varchar(255) COLLATE utf8_unicode_ci DEFAULT NULL,
  `title` varchar(100) COLLATE utf8_unicode_ci DEFAULT NULL,
  `description` longtext COLLATE utf8_unicode_ci,
  PRIMARY KEY (`id`),
  KEY `IDX_B50EFE08166D1F9C` (`project_id`),
  KEY `IDX_B50EFE0830FD6380` (`file_category_id`),
  CONSTRAINT `FK_B50EFE08166D1F9C` FOREIGN KEY (`project_id`) REFERENCES `project` (`id`) ON DELETE CASCADE,
  CONSTRAINT `FK_B50EFE0830FD6380` FOREIGN KEY (`file_category_id`) REFERENCES `file_category` (`id`) ON DELETE CASCADE
) ENGINE=InnoDB DEFAULT CHARSET=utf8 COLLATE=utf8_unicode_ci;
/*!40101 SET character_set_client = @saved_cs_client */;

--
-- Dumping data for table `project_file`
--

LOCK TABLES `project_file` WRITE;
/*!40000 ALTER TABLE `project_file` DISABLE KEYS */;
/*!40000 ALTER TABLE `project_file` ENABLE KEYS */;
UNLOCK TABLES;

--
-- Table structure for table `project_file_translations`
--

DROP TABLE IF EXISTS `project_file_translations`;
/*!40101 SET @saved_cs_client     = @@character_set_client */;
/*!40101 SET character_set_client = utf8 */;
CREATE TABLE `project_file_translations` (
  `id` int(11) NOT NULL AUTO_INCREMENT,
  `object_id` int(11) DEFAULT NULL,
  `locale` varchar(8) COLLATE utf8_unicode_ci NOT NULL,
  `field` varchar(32) COLLATE utf8_unicode_ci NOT NULL,
  `content` longtext COLLATE utf8_unicode_ci,
  PRIMARY KEY (`id`),
  UNIQUE KEY `lookup_unique_idx` (`locale`,`object_id`,`field`),
  KEY `IDX_51FA3D32232D562B` (`object_id`),
  CONSTRAINT `FK_51FA3D32232D562B` FOREIGN KEY (`object_id`) REFERENCES `project_file` (`id`) ON DELETE CASCADE
) ENGINE=InnoDB DEFAULT CHARSET=utf8 COLLATE=utf8_unicode_ci;
/*!40101 SET character_set_client = @saved_cs_client */;

--
-- Dumping data for table `project_file_translations`
--

LOCK TABLES `project_file_translations` WRITE;
/*!40000 ALTER TABLE `project_file_translations` DISABLE KEYS */;
/*!40000 ALTER TABLE `project_file_translations` ENABLE KEYS */;
UNLOCK TABLES;

--
-- Table structure for table `project_image`
--

DROP TABLE IF EXISTS `project_image`;
/*!40101 SET @saved_cs_client     = @@character_set_client */;
/*!40101 SET character_set_client = utf8 */;
CREATE TABLE `project_image` (
  `id` int(11) NOT NULL AUTO_INCREMENT,
  `project_id` int(11) DEFAULT NULL,
  `sort` int(11) DEFAULT NULL,
  `path` varchar(255) COLLATE utf8_unicode_ci DEFAULT NULL,
  `title` varchar(255) COLLATE utf8_unicode_ci DEFAULT NULL,
  `description` longtext COLLATE utf8_unicode_ci,
  PRIMARY KEY (`id`),
  KEY `IDX_D6680DC1166D1F9C` (`project_id`),
  CONSTRAINT `FK_D6680DC1166D1F9C` FOREIGN KEY (`project_id`) REFERENCES `project` (`id`) ON DELETE CASCADE
) ENGINE=InnoDB AUTO_INCREMENT=21 DEFAULT CHARSET=utf8 COLLATE=utf8_unicode_ci;
/*!40101 SET character_set_client = @saved_cs_client */;

--
-- Dumping data for table `project_image`
--

LOCK TABLES `project_image` WRITE;
/*!40000 ALTER TABLE `project_image` DISABLE KEYS */;
INSERT INTO `project_image` VALUES (1,17,NULL,'15e77110652b9448f89fde1bdb3d86e1a0bc0598.jpeg',NULL,NULL),(2,16,NULL,'f2eec672f1b0c6760160b925bcb4e2435299f0a0.jpeg',NULL,NULL),(3,15,NULL,'e7e81e0ffebc259a73f769288d22795753e40379.gif',NULL,NULL),(4,14,NULL,'50724ee56501bb2da37050332edc1d1d2e1520dd.jpeg',NULL,NULL),(5,13,NULL,'2951cf6058055dc10a694e236017a209e883ef3b.jpeg',NULL,NULL),(6,11,NULL,'a04eb1397d31be1476df44218b2dc52345ca12c7.jpeg',NULL,NULL),(7,10,NULL,'46c8eb1d157898f71acbbaef5cb55ce56033c39b.jpeg',NULL,NULL),(8,9,NULL,'de6fd98b8a90d2eed4127b2d35f9890e6b993ed0.jpeg',NULL,NULL),(9,8,NULL,'30693744ff5ca3f90d7a69a63e885ee11e43ded4.jpeg',NULL,NULL),(10,7,NULL,'248a0d27e75570db1773aba5b80d6feadcc9e093.png',NULL,NULL),(11,6,NULL,'ec2503c832269523535691ceda6feeca06577d97.jpeg',NULL,NULL),(12,5,NULL,'72ddc36ac6a6324791035c738b1077e23a826c32.jpeg',NULL,NULL),(13,3,NULL,'59909ce279aab2c7b9cce8645113a4634fda90e1.jpeg',NULL,NULL),(14,1,NULL,'0c1d690dd16cc135017ea51ff811e96555550cd5.jpeg',NULL,NULL),(15,12,NULL,'c07770c93ddbbef3548c8a0160cd537818df11ad.jpeg',NULL,NULL),(16,18,NULL,'4320f685e23a1f5f301c7568b9eb1c673f9ab4b0.jpeg',NULL,NULL),(18,19,NULL,'1aa82a514220e95c3292b995fb3d649a1539eb12.jpeg',NULL,NULL),(19,19,NULL,'30ca263f9245c098e559444e807dade3a55d7485.jpeg',NULL,NULL),(20,19,NULL,'8a18cc7b28ad659306ebb43908da8d257d9cf595.jpeg',NULL,NULL);
/*!40000 ALTER TABLE `project_image` ENABLE KEYS */;
UNLOCK TABLES;

--
-- Table structure for table `project_image_translations`
--

DROP TABLE IF EXISTS `project_image_translations`;
/*!40101 SET @saved_cs_client     = @@character_set_client */;
/*!40101 SET character_set_client = utf8 */;
CREATE TABLE `project_image_translations` (
  `id` int(11) NOT NULL AUTO_INCREMENT,
  `object_id` int(11) DEFAULT NULL,
  `locale` varchar(8) COLLATE utf8_unicode_ci NOT NULL,
  `field` varchar(32) COLLATE utf8_unicode_ci NOT NULL,
  `content` longtext COLLATE utf8_unicode_ci,
  PRIMARY KEY (`id`),
  UNIQUE KEY `lookup_unique_idx` (`locale`,`object_id`,`field`),
  KEY `IDX_7A2A5C8A232D562B` (`object_id`),
  CONSTRAINT `FK_7A2A5C8A232D562B` FOREIGN KEY (`object_id`) REFERENCES `project_image` (`id`) ON DELETE CASCADE
) ENGINE=InnoDB AUTO_INCREMENT=81 DEFAULT CHARSET=utf8 COLLATE=utf8_unicode_ci;
/*!40101 SET character_set_client = @saved_cs_client */;

--
-- Dumping data for table `project_image_translations`
--

LOCK TABLES `project_image_translations` WRITE;
/*!40000 ALTER TABLE `project_image_translations` DISABLE KEYS */;
INSERT INTO `project_image_translations` VALUES (1,1,'ru','title',NULL),(2,1,'ru','description',NULL),(3,1,'en','title',NULL),(4,1,'en','description',NULL),(5,2,'ru','title',NULL),(6,2,'ru','description',NULL),(7,2,'en','title',NULL),(8,2,'en','description',NULL),(9,3,'ru','title',NULL),(10,3,'ru','description',NULL),(11,3,'en','title',NULL),(12,3,'en','description',NULL),(13,4,'ru','title',NULL),(14,4,'ru','description',NULL),(15,4,'en','title',NULL),(16,4,'en','description',NULL),(17,5,'ru','title',NULL),(18,5,'ru','description',NULL),(19,5,'en','title',NULL),(20,5,'en','description',NULL),(21,6,'ru','title',NULL),(22,6,'ru','description',NULL),(23,6,'en','title',NULL),(24,6,'en','description',NULL),(25,7,'ru','title',NULL),(26,7,'ru','description',NULL),(27,7,'en','title',NULL),(28,7,'en','description',NULL),(29,8,'ru','title',NULL),(30,8,'ru','description',NULL),(31,8,'en','title',NULL),(32,8,'en','description',NULL),(33,9,'ru','title',NULL),(34,9,'ru','description',NULL),(35,9,'en','title',NULL),(36,9,'en','description',NULL),(37,10,'ru','title',NULL),(38,10,'ru','description',NULL),(39,10,'en','title',NULL),(40,10,'en','description',NULL),(41,11,'ru','title',NULL),(42,11,'ru','description',NULL),(43,11,'en','title',NULL),(44,11,'en','description',NULL),(45,12,'ru','title',NULL),(46,12,'ru','description',NULL),(47,12,'en','title',NULL),(48,12,'en','description',NULL),(49,13,'ru','title',NULL),(50,13,'ru','description',NULL),(51,13,'en','title',NULL),(52,13,'en','description',NULL),(53,14,'ru','title',NULL),(54,14,'ru','description',NULL),(55,14,'en','title',NULL),(56,14,'en','description',NULL),(57,15,'ru','title',NULL),(58,15,'ru','description',NULL),(59,15,'en','title',NULL),(60,15,'en','description',NULL),(61,16,'ru','title',NULL),(62,16,'ru','description',NULL),(63,16,'en','title',NULL),(64,16,'en','description',NULL),(69,18,'ru','title',NULL),(70,18,'ru','description',NULL),(71,18,'en','title',NULL),(72,18,'en','description',NULL),(73,19,'ru','title',NULL),(74,19,'ru','description',NULL),(75,19,'en','title',NULL),(76,19,'en','description',NULL),(77,20,'ru','title',NULL),(78,20,'ru','description',NULL),(79,20,'en','title',NULL),(80,20,'en','description',NULL);
/*!40000 ALTER TABLE `project_image_translations` ENABLE KEYS */;
UNLOCK TABLES;

--
-- Table structure for table `project_meta`
--

DROP TABLE IF EXISTS `project_meta`;
/*!40101 SET @saved_cs_client     = @@character_set_client */;
/*!40101 SET character_set_client = utf8 */;
CREATE TABLE `project_meta` (
  `id` int(11) NOT NULL AUTO_INCREMENT,
  `project_id` int(11) NOT NULL,
  `meta_title` varchar(255) COLLATE utf8_unicode_ci DEFAULT NULL,
  `meta_keywords` varchar(255) COLLATE utf8_unicode_ci DEFAULT NULL,
  `meta_description` longtext COLLATE utf8_unicode_ci,
  PRIMARY KEY (`id`),
  UNIQUE KEY `UNIQ_EE63DC2D166D1F9C` (`project_id`),
  CONSTRAINT `FK_EE63DC2D166D1F9C` FOREIGN KEY (`project_id`) REFERENCES `project` (`id`)
) ENGINE=InnoDB AUTO_INCREMENT=20 DEFAULT CHARSET=utf8 COLLATE=utf8_unicode_ci;
/*!40101 SET character_set_client = @saved_cs_client */;

--
-- Dumping data for table `project_meta`
--

LOCK TABLES `project_meta` WRITE;
/*!40000 ALTER TABLE `project_meta` DISABLE KEYS */;
INSERT INTO `project_meta` VALUES (1,1,NULL,NULL,NULL),(2,2,NULL,NULL,NULL),(3,3,NULL,NULL,NULL),(4,4,NULL,NULL,NULL),(5,5,NULL,NULL,NULL),(6,6,NULL,NULL,NULL),(7,7,NULL,NULL,NULL),(8,8,NULL,NULL,NULL),(9,9,NULL,NULL,NULL),(10,10,NULL,NULL,NULL),(11,11,NULL,NULL,NULL),(12,12,NULL,NULL,NULL),(13,13,NULL,NULL,NULL),(14,14,NULL,NULL,NULL),(15,15,NULL,NULL,NULL),(16,16,NULL,NULL,NULL),(17,17,NULL,NULL,NULL),(18,18,NULL,NULL,NULL),(19,19,NULL,NULL,NULL);
/*!40000 ALTER TABLE `project_meta` ENABLE KEYS */;
UNLOCK TABLES;

--
-- Table structure for table `project_meta_translations`
--

DROP TABLE IF EXISTS `project_meta_translations`;
/*!40101 SET @saved_cs_client     = @@character_set_client */;
/*!40101 SET character_set_client = utf8 */;
CREATE TABLE `project_meta_translations` (
  `id` int(11) NOT NULL AUTO_INCREMENT,
  `object_id` int(11) DEFAULT NULL,
  `locale` varchar(8) COLLATE utf8_unicode_ci NOT NULL,
  `field` varchar(32) COLLATE utf8_unicode_ci NOT NULL,
  `content` longtext COLLATE utf8_unicode_ci,
  PRIMARY KEY (`id`),
  UNIQUE KEY `lookup_unique_idx` (`locale`,`object_id`,`field`),
  KEY `IDX_D1152633232D562B` (`object_id`),
  CONSTRAINT `FK_D1152633232D562B` FOREIGN KEY (`object_id`) REFERENCES `project_meta` (`id`) ON DELETE CASCADE
) ENGINE=InnoDB AUTO_INCREMENT=115 DEFAULT CHARSET=utf8 COLLATE=utf8_unicode_ci;
/*!40101 SET character_set_client = @saved_cs_client */;

--
-- Dumping data for table `project_meta_translations`
--

LOCK TABLES `project_meta_translations` WRITE;
/*!40000 ALTER TABLE `project_meta_translations` DISABLE KEYS */;
INSERT INTO `project_meta_translations` VALUES (1,1,'ru','meta_title',NULL),(2,1,'ru','meta_keywords',NULL),(3,1,'ru','meta_description',NULL),(4,1,'en','meta_title',NULL),(5,1,'en','meta_keywords',NULL),(6,1,'en','meta_description',NULL),(7,2,'ru','meta_title',NULL),(8,2,'ru','meta_keywords',NULL),(9,2,'ru','meta_description',NULL),(10,2,'en','meta_title',NULL),(11,2,'en','meta_keywords',NULL),(12,2,'en','meta_description',NULL),(13,3,'ru','meta_title',NULL),(14,3,'ru','meta_keywords',NULL),(15,3,'ru','meta_description',NULL),(16,3,'en','meta_title',NULL),(17,3,'en','meta_keywords',NULL),(18,3,'en','meta_description',NULL),(19,4,'ru','meta_title',NULL),(20,4,'ru','meta_keywords',NULL),(21,4,'ru','meta_description',NULL),(22,4,'en','meta_title',NULL),(23,4,'en','meta_keywords',NULL),(24,4,'en','meta_description',NULL),(25,5,'ru','meta_title',NULL),(26,5,'ru','meta_keywords',NULL),(27,5,'ru','meta_description',NULL),(28,5,'en','meta_title',NULL),(29,5,'en','meta_keywords',NULL),(30,5,'en','meta_description',NULL),(31,6,'ru','meta_title',NULL),(32,6,'ru','meta_keywords',NULL),(33,6,'ru','meta_description',NULL),(34,6,'en','meta_title',NULL),(35,6,'en','meta_keywords',NULL),(36,6,'en','meta_description',NULL),(37,7,'ru','meta_title',NULL),(38,7,'ru','meta_keywords',NULL),(39,7,'ru','meta_description',NULL),(40,7,'en','meta_title',NULL),(41,7,'en','meta_keywords',NULL),(42,7,'en','meta_description',NULL),(43,8,'ru','meta_title',NULL),(44,8,'ru','meta_keywords',NULL),(45,8,'ru','meta_description',NULL),(46,8,'en','meta_title',NULL),(47,8,'en','meta_keywords',NULL),(48,8,'en','meta_description',NULL),(49,9,'ru','meta_title',NULL),(50,9,'ru','meta_keywords',NULL),(51,9,'ru','meta_description',NULL),(52,9,'en','meta_title',NULL),(53,9,'en','meta_keywords',NULL),(54,9,'en','meta_description',NULL),(55,10,'ru','meta_title',NULL),(56,10,'ru','meta_keywords',NULL),(57,10,'ru','meta_description',NULL),(58,10,'en','meta_title',NULL),(59,10,'en','meta_keywords',NULL),(60,10,'en','meta_description',NULL),(61,11,'ru','meta_title',NULL),(62,11,'ru','meta_keywords',NULL),(63,11,'ru','meta_description',NULL),(64,11,'en','meta_title',NULL),(65,11,'en','meta_keywords',NULL),(66,11,'en','meta_description',NULL),(67,12,'ru','meta_title',NULL),(68,12,'ru','meta_keywords',NULL),(69,12,'ru','meta_description',NULL),(70,12,'en','meta_title',NULL),(71,12,'en','meta_keywords',NULL),(72,12,'en','meta_description',NULL),(73,13,'ru','meta_title',NULL),(74,13,'ru','meta_keywords',NULL),(75,13,'ru','meta_description',NULL),(76,13,'en','meta_title',NULL),(77,13,'en','meta_keywords',NULL),(78,13,'en','meta_description',NULL),(79,14,'ru','meta_title',NULL),(80,14,'ru','meta_keywords',NULL),(81,14,'ru','meta_description',NULL),(82,14,'en','meta_title',NULL),(83,14,'en','meta_keywords',NULL),(84,14,'en','meta_description',NULL),(85,15,'ru','meta_title',NULL),(86,15,'ru','meta_keywords',NULL),(87,15,'ru','meta_description',NULL),(88,15,'en','meta_title',NULL),(89,15,'en','meta_keywords',NULL),(90,15,'en','meta_description',NULL),(91,16,'ru','meta_title',NULL),(92,16,'ru','meta_keywords',NULL),(93,16,'ru','meta_description',NULL),(94,16,'en','meta_title',NULL),(95,16,'en','meta_keywords',NULL),(96,16,'en','meta_description',NULL),(97,17,'ru','meta_title',NULL),(98,17,'ru','meta_keywords',NULL),(99,17,'ru','meta_description',NULL),(100,17,'en','meta_title',NULL),(101,17,'en','meta_keywords',NULL),(102,17,'en','meta_description',NULL),(103,18,'ru','meta_title',NULL),(104,18,'ru','meta_keywords',NULL),(105,18,'ru','meta_description',NULL),(106,18,'en','meta_title',NULL),(107,18,'en','meta_keywords',NULL),(108,18,'en','meta_description',NULL),(109,19,'ru','meta_title',NULL),(110,19,'ru','meta_keywords',NULL),(111,19,'ru','meta_description',NULL),(112,19,'en','meta_title',NULL),(113,19,'en','meta_keywords',NULL),(114,19,'en','meta_description',NULL);
/*!40000 ALTER TABLE `project_meta_translations` ENABLE KEYS */;
UNLOCK TABLES;

--
-- Table structure for table `project_translations`
--

DROP TABLE IF EXISTS `project_translations`;
/*!40101 SET @saved_cs_client     = @@character_set_client */;
/*!40101 SET character_set_client = utf8 */;
CREATE TABLE `project_translations` (
  `id` int(11) NOT NULL AUTO_INCREMENT,
  `object_id` int(11) DEFAULT NULL,
  `locale` varchar(8) COLLATE utf8_unicode_ci NOT NULL,
  `field` varchar(32) COLLATE utf8_unicode_ci NOT NULL,
  `content` longtext COLLATE utf8_unicode_ci,
  PRIMARY KEY (`id`),
  UNIQUE KEY `lookup_unique_idx` (`locale`,`object_id`,`field`),
  KEY `IDX_EC103EE4232D562B` (`object_id`),
  CONSTRAINT `FK_EC103EE4232D562B` FOREIGN KEY (`object_id`) REFERENCES `project` (`id`) ON DELETE CASCADE
) ENGINE=InnoDB AUTO_INCREMENT=115 DEFAULT CHARSET=utf8 COLLATE=utf8_unicode_ci;
/*!40101 SET character_set_client = @saved_cs_client */;

--
-- Dumping data for table `project_translations`
--

LOCK TABLES `project_translations` WRITE;
/*!40000 ALTER TABLE `project_translations` DISABLE KEYS */;
INSERT INTO `project_translations` VALUES (1,1,'ru','title','Жилой комплекс «Березовая роща», г. Видное, ул. Березовая аллея;'),(2,1,'ru','short_description',NULL),(3,1,'ru','description',NULL),(4,1,'en','title',NULL),(5,1,'en','short_description',NULL),(6,1,'en','description',NULL),(7,2,'ru','title','Всероссийская Федерация волейбола, Москва, ул. Лубянка, 22;'),(8,2,'ru','short_description',NULL),(9,2,'ru','description',NULL),(10,2,'en','title',NULL),(11,2,'en','short_description',NULL),(12,2,'en','description',NULL),(13,3,'ru','title','Бизнес-центр «Японский дом», Савинская набережная, 15, (заказчик — ЗАО «Саввинская-Сэйё»;'),(14,3,'ru','short_description',NULL),(15,3,'ru','description',NULL),(16,3,'en','title',NULL),(17,3,'en','short_description',NULL),(18,3,'en','description',NULL),(19,4,'ru','title','Коттедж в пос. Стольное Московской области, 5км Минского шоссе;'),(20,4,'ru','short_description',NULL),(21,4,'ru','description',NULL),(22,4,'en','title',NULL),(23,4,'en','short_description',NULL),(24,4,'en','description',NULL),(25,5,'ru','title','Жилой комплекс «Панорама», Москва, м. 1905г., ул. Климашкина, 17, стр. 2;'),(26,5,'ru','short_description',NULL),(27,5,'ru','description',NULL),(28,5,'en','title',NULL),(29,5,'en','short_description',NULL),(30,5,'en','description',NULL),(31,6,'ru','title','Небоскреб «Триумф-Палас» Москва, Чапаевский переулок, дом 3, (застройщик — компания «Дон-Строй»);'),(32,6,'ru','short_description',NULL),(33,6,'ru','description',NULL),(34,6,'en','title',NULL),(35,6,'en','short_description',NULL),(36,6,'en','description',NULL),(37,7,'ru','title','Художественная галерея «Пленэр», Москва, Кутузовский проспект, 43;'),(38,7,'ru','short_description',NULL),(39,7,'ru','description',NULL),(40,7,'en','title',NULL),(41,7,'en','short_description',NULL),(42,7,'en','description',NULL),(43,8,'ru','title','Жилой комплекс «Oxygen», район Кунцево, ул. Ярцевская, вл. 27А, (застройщик — ЗАО «ИНТЕКО»);'),(44,8,'ru','short_description',NULL),(45,8,'ru','description',NULL),(46,8,'en','title',NULL),(47,8,'en','short_description',NULL),(48,8,'en','description',NULL),(49,9,'ru','title','Торговый центр «Марьинский», Москва, Новочеркасский бул., 57, корп.1;'),(50,9,'ru','short_description',NULL),(51,9,'ru','description',NULL),(52,9,'en','title',NULL),(53,9,'en','short_description',NULL),(54,9,'en','description',NULL),(55,10,'ru','title','Киностудия «Мостелефильм», Москва, ул.Нижние Поля, 31;'),(56,10,'ru','short_description','<p>&laquo;Мостелефильм&raquo; - производство и дистрибьюция телевизионных художественных фильмов и сериалов.</p>'),(57,10,'ru','description',NULL),(58,10,'en','title',NULL),(59,10,'en','short_description',NULL),(60,10,'en','description',NULL),(61,11,'ru','title','Храм в г. Мытищи;'),(62,11,'ru','short_description','<p>Храм Архангела Михаила</p>'),(63,11,'ru','description',NULL),(64,11,'en','title',NULL),(65,11,'en','short_description',NULL),(66,11,'en','description',NULL),(67,12,'ru','title','Развлекательный центр «Арлекино», Москва, Дружинниковская улица, д. 15;'),(68,12,'ru','short_description',NULL),(69,12,'ru','description',NULL),(70,12,'en','title',NULL),(71,12,'en','short_description',NULL),(72,12,'en','description',NULL),(73,13,'ru','title','Институт безопасности стран СНГ, Москва, Проспект Мира, 22;'),(74,13,'ru','short_description','<p>Институт безопасности стран СНГ</p>'),(75,13,'ru','description',NULL),(76,13,'en','title',NULL),(77,13,'en','short_description',NULL),(78,13,'en','description',NULL),(79,14,'ru','title','Опытный завод ЦНИИТМаш, Москва, Шарикоподшипниковская ул.'),(80,14,'ru','short_description','<p>Опытное производство (до 2006 года официальное название Опытный завод ЦНИИТМАШ) является структурным подразделением Государственного научного центра Российской Федерации &ndash; ОАО НПО &quot;Центральный научно-исследовательский институт технологии машиностроения&quot;.</p>'),(81,14,'ru','description',NULL),(82,14,'en','title',NULL),(83,14,'en','short_description',NULL),(84,14,'en','description',NULL),(85,15,'ru','title','ФГУП «Исследовательский центр имени М. В. Келдыша», Москва'),(86,15,'ru','short_description','<p>Центр Келдыша - Федеральное государственное унитарное предприятие &quot;Исследовательский центр имени М.В. Келдыша&quot; (ранее РНИИ, НИИ-1, НИИТП) является ведущей в России организацией в области ракетного двигателестроения и космической энергетики. Он входит в структуру Федерального космического агентства.</p>'),(87,15,'ru','description','<p>Центр Келдыша - Федеральное государственное унитарное предприятие &quot;Исследовательский центр имени М.В. Келдыша&quot; (ранее РНИИ, НИИ-1, НИИТП) является ведущей в России организацией в области ракетного двигателестроения и космической энергетики. Он входит в структуру Федерального космического агентства и активно участвует в формировании и реализации Федеральной космической программы. Разрабатывает, производит и испытывает перспективные образцы различных типов ракетных двигателей, космических энергоустановок, генераторов пучков высокой энергии и ускорителей частиц. Особое внимание уделяется качеству и надежности разрабатываемых изделий. Центр Келдыша также широко внедряет ключевые космические технологии в народное хозяйство, обращая особое внимание на создание экологически безопасных технологий и процессов.</p>'),(88,15,'en','title',NULL),(89,15,'en','short_description',NULL),(90,15,'en','description',NULL),(91,16,'ru','title','ЦВК Экспоцентр на Красной Пресне, Москва, Краснопресненская наб., 14;'),(92,16,'ru','short_description','<p>В настоящее время &laquo;Экспоцентр&raquo; располагает девятью выставочными павильонами с самым современным инженерно-техническим оснащением, а также удобными многофункциональными залами для проведения конгрессов, пресс-конференций, симпозиумов и семинаров.</p>'),(93,16,'ru','description','<p>&laquo;Экспоцентр&raquo; &ndash; всемирно известная российская выставочная компания, отметившая в 2009 году свое 50-летие и неизменно сохраняющая статус ведущего организатора крупнейших в России, СНГ и Восточной Европе международных отраслевых выставок, а также национальных экспозиций нашей страны на выставках EXPO.<br />\r\n&laquo;Экспоцентр&raquo; &ndash; старейший российский участник Всемирной ассоциации выставочной индустрии (UFI, 1975), принимавший у себя в 2005 году 72-й Конгресс этой главной международной организации выставочников.<br />\r\n&laquo;Экспоцентр&raquo; является инициатором создания и одним из учредителей Российского cоюза выставок и ярмарок (РСВЯ, 1991), членом Гильдии выставочно-ярмарочных организаций Московской торгово-промышленной палаты; проводит активную организационно-методическую работу, помогая развитию выставочного дела в российских регионах.</p>'),(94,16,'en','title',NULL),(95,16,'en','short_description',NULL),(96,16,'en','description',NULL),(97,17,'ru','title','Транспортно-пересадочный узел м. Планерная, Москва.'),(98,17,'ru','short_description','<p>Транспортно-пересадочный узел &laquo;Планерная&raquo;&nbsp; располагается на территории общественно-коммунального назначения между жилыми микрорайонами №2 и№3 района Северное Тушино в непосредственной близости от станции метрополитена.<br />\r\n&nbsp;</p>'),(99,17,'ru','description','<p>&nbsp;В настоящее время система городского пассажирского транспорта обеспечивает ежесуточную перевозку более 10 млн. человек, осуществляя ежедневно более 100 тысяч рейсов. Рост интенсивности движения транспорта, чрезмерное насыщение стихийными объектами торговли, несанкционированная парковка автотранспорта на улично-дорожной сети города приводят к неудовлетворительным условиям обслуживания пассажиров общественного транспорта, особенно в местах пересадки с городского наземного пассажирского транспорта на метрополитен и другие виды внеуличного транспорта. В связи с этим возникает необходимость решения вопросов упорядочения движения транспорта и пешеходов для улучшения условий транспортного обслуживания населения города.<br />\r\n&nbsp;</p>'),(100,17,'en','title',NULL),(101,17,'en','short_description',NULL),(102,17,'en','description',NULL),(103,18,'ru','title','ООО «Каргилл» - Производственный комплекс пищевых ингредиентов и кормов'),(104,18,'ru','short_description','<p>Производственный комплекс пищевых ингредиентов и кормов в г.Ефремов.</p>\r\n«Каргилл» является международным производителем и поставщиком пищевых, сельскохозяйственных, промышленных и финансовых продуктов и услуг.'),(105,18,'ru','description','<p>Свои первые инвестиции в г. Ефремов компания &laquo;Каргилл&raquo; сделала в 1994 году, вложив с тех пор в развитие индустриальной площадки в г. Ефремов более 400 млн. долларов США. Средства были инвестированы как в модернизацию существующего производства, так и в строительство новых заводов на его территории. На площадке промышленного комплекса были построены завод по производству солода, линия комплексной переработки пшеницы, завод по рафинации растительных масел и жиров; налажено первое в России производство нативной пшеничной клейковины &ndash; ингредиента, позволяющего повысить качество хлебобулочных изделий. В 2009 году был открыт первый в России завод &laquo;Каргилл&raquo; по производству комбикормов. В 2011 году начала работать линия по производству витаминно-минеральных концентратов. В том же году подписано инвестиционное соглашение между компанией &laquo;Каргилл&raquo; и Правительством Тульской области о расширении переработки пшеницы на заводе компании в г. Ефремов.</p>\r\n\r\n<p>Следуя корпоративным принципам социальной ответственности, &laquo;Каргилл&raquo; также активно поддерживает учебные, спортивные и экологические проекты региона, как финансово, так и стараниями добровольцев. Среди социальных проектов компании &ndash; поддержка ПУ №12 г. Ефремов, капитальный ремонт детской городской больницы, поддержка футбольной команды, улучшение инфраструктуры города, его озеленение и очистка водоемов, а также многие другие.</p>\r\n\r\n<p><a href=\"http://www.cargill.ru/ru/locations/efremov/index.jsp\" target=\"_blank\">источник</a></p>'),(106,18,'en','title',NULL),(107,18,'en','short_description',NULL),(108,18,'en','description',NULL),(109,19,'ru','title','Работы по восстановлению Воскресенского Ново-Иерусалимского ставропигиального мужского монастыря'),(110,19,'ru','short_description','<p>Восстановление Воскресенского Ново-Иерусалимского монастыря &ndash; великой национальной святыни и уникального историко-культурного памятника мирового значения &ndash; это крупнейший совместный проект государства, Церкви и общества.</p>'),(111,19,'ru','description','<p>Восстановление Воскресенского Ново-Иерусалимского монастыря &ndash; великой национальной святыни и уникального историко-культурного памятника мирового значения &ndash; это крупнейший совместный проект государства, Церкви и общества.</p>\r\n\r\n<p>Любой человек может &laquo;заложить свой камушек&raquo; в Ново-Иерусалимский монастырь, внести свою лепту в восстановление святыни.</p>\r\n\r\n<p>Информация о ходе восстановительных работ, благотворителях и расходовании собранных денежных средств представлена <a href=\"http://www.ierusalimfond.ru\" target=\"_blank\">на официальном сайте Фонда</a>.</p>'),(112,19,'en','title',NULL),(113,19,'en','short_description',NULL),(114,19,'en','description',NULL);
/*!40000 ALTER TABLE `project_translations` ENABLE KEYS */;
UNLOCK TABLES;

--
-- Table structure for table `project_webitem`
--

DROP TABLE IF EXISTS `project_webitem`;
/*!40101 SET @saved_cs_client     = @@character_set_client */;
/*!40101 SET character_set_client = utf8 */;
CREATE TABLE `project_webitem` (
  `project_id` int(11) NOT NULL,
  `webitem_id` int(11) NOT NULL,
  PRIMARY KEY (`project_id`,`webitem_id`),
  KEY `IDX_A7297D78166D1F9C` (`project_id`),
  KEY `IDX_A7297D78FC26189A` (`webitem_id`),
  CONSTRAINT `FK_A7297D78166D1F9C` FOREIGN KEY (`project_id`) REFERENCES `project` (`id`) ON DELETE CASCADE,
  CONSTRAINT `FK_A7297D78FC26189A` FOREIGN KEY (`webitem_id`) REFERENCES `web_item` (`id`) ON DELETE CASCADE
) ENGINE=InnoDB DEFAULT CHARSET=utf8 COLLATE=utf8_unicode_ci;
/*!40101 SET character_set_client = @saved_cs_client */;

--
-- Dumping data for table `project_webitem`
--

LOCK TABLES `project_webitem` WRITE;
/*!40000 ALTER TABLE `project_webitem` DISABLE KEYS */;
/*!40000 ALTER TABLE `project_webitem` ENABLE KEYS */;
UNLOCK TABLES;

--
-- Table structure for table `reviews`
--

DROP TABLE IF EXISTS `reviews`;
/*!40101 SET @saved_cs_client     = @@character_set_client */;
/*!40101 SET character_set_client = utf8 */;
CREATE TABLE `reviews` (
  `id` int(11) NOT NULL AUTO_INCREMENT,
  `user` varchar(225) COLLATE utf8_unicode_ci DEFAULT NULL,
  `review` longtext COLLATE utf8_unicode_ci NOT NULL,
  `is_active` tinyint(1) DEFAULT NULL,
  `created` datetime NOT NULL,
  PRIMARY KEY (`id`)
) ENGINE=InnoDB AUTO_INCREMENT=18 DEFAULT CHARSET=utf8 COLLATE=utf8_unicode_ci;
/*!40101 SET character_set_client = @saved_cs_client */;

--
-- Dumping data for table `reviews`
--

LOCK TABLES `reviews` WRITE;
/*!40000 ALTER TABLE `reviews` DISABLE KEYS */;
INSERT INTO `reviews` VALUES (2,'Сергей','Спасибо за проделанную работу.',1,'2013-04-25 10:07:54'),(4,'Умрихин Б.А.','<p><a href=\"/uploads/images/7758fb68fe7e20d028d0ddd922f414c95f2e0eb3.jpeg\" onclick=\"window.open(this.href, \'\', \'resizable=no,status=no,location=no,toolbar=no,menubar=no,fullscreen=no,scrollbars=no,dependent=no\'); return false;\"><img alt=\"\" src=\"/uploads/images/cache/100x100_thumb/uploads/images/7758fb68fe7e20d028d0ddd922f414c95f2e0eb3.jpeg\" style=\"width: 100px; height: 100px;\" /></a>Многолетний опыт работы ООО &laquo;ВАЙФАЙНДЕР&raquo; на Российском рынке нашёл успешное применение в практике совместной деятельности. Качество оказываемых услуг и компетентность сотрудников компании наряду с их искренней заинтересованностью в успехе работы, понимание поставленных задач и умение быстро находить оптимальные решения позволяют с полным основанием рекомендовать ООО &laquo;ВАЙФАЙНДЕР&raquo; как надёжного партнёра, по праву занимающего одно из ведущих место сфере обслуживания объектов недвижимости.</p>\r\n\r\n<p>Бесспорным преимуществом компании &laquo;ВАЙФАЙНДЕР&raquo; перед конкурентами является выполнение работ не только по обслуживанию, но и по восстановлению систем пожарной сигнализации и систем спринклерного пожаротушения. При этом восстановление осуществляется не за дополнительные средства, а в рамках суммы, оговорённой в договоре технического обслуживания.</p>\r\n\r\n<p>Товарищество собственников жилья &quot;Коробейников,1&quot; г.Москва</p>\r\n\r\n<p>&nbsp;</p>',1,'2013-04-26 12:21:16'),(5,'Ваася','Херня',0,'2013-06-20 14:34:32'),(6,'uio','yio',0,'2013-07-30 22:18:15'),(7,'пупкин','ХЕРНЯ ПОЛНАЯ',0,'2013-08-04 20:57:33'),(8,'rrr','rrrr',0,'2013-08-05 01:33:00'),(9,'romeo','На складе все в наличие, молодцы, спасибо.',1,'2013-08-05 19:17:40'),(10,'Лилиана','Очень приятный персона и спасибо за оперативность!)',1,'2013-08-09 11:33:50'),(11,'Константин','Приятно удивили цены на оборудование и качество обслуживания. Ребята - молодцы!!!',1,'2013-08-22 10:53:37'),(12,'Павел','Отдельное спасибо, Андрею Базанову за оперативность и качество технической поддержки!',1,'2013-08-26 12:19:04'),(13,'Бывший сотрудник','Контора реальное кидалово, зп не платили, ждали  до 12 ночи, чтобы забрать свои деньги, к зп все псевдо начальство пропадало, противно работать было, офис мрак, совещание в не рабочее время, шарага полная',0,'2013-08-29 17:53:20'),(14,'rameo','<p>Проверка работы капчи</p>',0,'2013-09-02 18:45:47'),(15,'Хаха!!!!!!!!!!!','Люди бегите отсюда, шарага полная,  зп из под полы дают, налоги не платят, официалка 3-5 тысяч, нищеброды, как зп гениральный их пропадает, ждите его дор ночи коли денег хотите, качество еще хуже, полная шарага, люди бегите, налоговая обратите внимание, и трудовая инспекция)))',0,'2013-09-04 14:00:09'),(16,'Александр','Очень доволен работой. Спасибо за сотрудничество!',1,'2014-01-15 11:00:08'),(17,'sergei','нехорошая контора.кидают на деньги конкретно базанов андрюша',1,'2014-01-28 19:08:44');
/*!40000 ALTER TABLE `reviews` ENABLE KEYS */;
UNLOCK TABLES;

--
-- Table structure for table `web_item`
--

DROP TABLE IF EXISTS `web_item`;
/*!40101 SET @saved_cs_client     = @@character_set_client */;
/*!40101 SET character_set_client = utf8 */;
CREATE TABLE `web_item` (
  `id` int(11) NOT NULL AUTO_INCREMENT,
  `alias` varchar(100) COLLATE utf8_unicode_ci NOT NULL,
  `description` varchar(255) COLLATE utf8_unicode_ci DEFAULT NULL,
  `content` longtext COLLATE utf8_unicode_ci,
  `is_active` tinyint(1) DEFAULT NULL,
  PRIMARY KEY (`id`),
  UNIQUE KEY `UNIQ_DB1928EBE16C6B94` (`alias`)
) ENGINE=InnoDB AUTO_INCREMENT=13 DEFAULT CHARSET=utf8 COLLATE=utf8_unicode_ci;
/*!40101 SET character_set_client = @saved_cs_client */;

--
-- Dumping data for table `web_item`
--

LOCK TABLES `web_item` WRITE;
/*!40000 ALTER TABLE `web_item` DISABLE KEYS */;
INSERT INTO `web_item` VALUES (1,'phone','Телефон в шапке сайта',NULL,1),(2,'slogan','Слоган в шапке сайта',NULL,1),(3,'slider','Слайдер на главной странице',NULL,1),(4,'footer','Контент футера',NULL,1),(5,'messageCallbackForm','Сообщение об успешной отправке формы запроса на обратную связь',NULL,1),(6,'messageReviewForm','Сообщение об успешной отправке формы отзыва',NULL,1),(7,'slider_old','слайд с подписями',NULL,1),(8,'projects','Вставка на странице проектов',NULL,1),(9,'messageSuccessfulSubscription','сообщение об успешном добавлении адреса в рассылку новостей',NULL,1),(10,'sale_esser_by_honeywell','Страница \"Купить оборудования ESSER by Honeywell\". Контент под формой','<p>Есть вопросы по оборудованию <a href=\"www.wifinder.biz/catalog/brands/esser-by-honeywell\">ESSER</a>? Обращайтесь:<br><b>Андрей Евгеньевич Говоров</b> - инженер технического отдела<br>\r\nмоб.: +7 (925) 080-75-24<br>\r\nтел.: +7 (495) 509-30-07 (добавочный 108)<br><a href=\"mailto:a.govorov@wifinder.biz\">a.govorov@wifinder.biz</a><br></p>\r\n<p>По вопросам покупки оборудования <a href=\"www.wifinder.biz/catalog/brands/esser-by-honeywell\">ESSER</a>? Обращайтесь:<br><b>Владислав Александрович Цыганков</b> - менеджер отдела продаж<br>\r\nмоб.: +7 (925) 080-75-91<br>\r\nтел.: +7 (495) 509-30-07 (добавочный 110)<br><a href=\"mailto:v.tsiganko@wifinder.biz\">v.tsiganko@wifinder.biz</a><br></p>',1),(11,'sale_esser_by_honeywell_Old','Страница \"Купить оборудования ESSER by Honeywell\". Контент под формой. Old','<p>&lt;div class=&quot;block_text&quot;&gt;<br />\r\n&lt;p&gt;&lt;b&gt;По вопросам покупки оборудования системы пожарной сигнализации&amp;nbsp; &lt;a href=&quot;/catalog/brands/esser-by-honeywell&quot;&gt;ESSER by Honeywell&lt;/a&gt;&amp;nbsp;обращайтесь:&lt;/b&gt;&lt;/p&gt;</p>\r\n\r\n<p>&lt;p&gt;Владислав Александрович Цыганко&lt;br /&gt;<br />\r\nменеджер отдела продаж&lt;br /&gt;<br />\r\nмоб.: +7 (925) 080-75-91&lt;br /&gt;<br />\r\nтел.: +7 (495) 509-30-07&lt;br /&gt;<br />\r\n&lt;a href=&quot;mailto:v.tsiganko@wifinder.biz&quot;&gt;v.tsiganko@wifinder.biz&lt;/a&gt;&lt;/p&gt;<br />\r\n&lt;/div&gt;</p>\r\n\r\n<p>&lt;div class=&quot;block_text&quot;&gt;<br />\r\n&lt;p&gt;&lt;b&gt;По техническим вопросам и обучению системам пожарной сигнализации &lt;a href=&quot;/catalog/brands/esser-by-honeywell&quot;&gt;ESSER by Honeywell&lt;/a&gt; обращайтесь:&lt;/b&gt;&lt;/p&gt;</p>\r\n\r\n<p>&lt;p&gt;Андрей Евгеньевич Говоров&lt;br /&gt;<br />\r\nинженер технического отдела&lt;br /&gt;<br />\r\nмоб.: +7 (925) 080-75-24&lt;br /&gt;<br />\r\nтел.: +7 (495) 509-30-07&lt;br /&gt;<br />\r\n&lt;a href=&quot;mailto:a.govorov@wifinder.biz&quot;&gt;a.govorov@wifinder.biz&lt;/a&gt;&lt;/p&gt;<br />\r\n&lt;/div&gt;</p>',1),(12,'i_surprize','Программа лояльности',NULL,1);
/*!40000 ALTER TABLE `web_item` ENABLE KEYS */;
UNLOCK TABLES;

--
-- Table structure for table `web_item_translations`
--

DROP TABLE IF EXISTS `web_item_translations`;
/*!40101 SET @saved_cs_client     = @@character_set_client */;
/*!40101 SET character_set_client = utf8 */;
CREATE TABLE `web_item_translations` (
  `id` int(11) NOT NULL AUTO_INCREMENT,
  `object_id` int(11) DEFAULT NULL,
  `locale` varchar(8) COLLATE utf8_unicode_ci NOT NULL,
  `field` varchar(32) COLLATE utf8_unicode_ci NOT NULL,
  `content` longtext COLLATE utf8_unicode_ci,
  PRIMARY KEY (`id`),
  UNIQUE KEY `lookup_unique_idx` (`locale`,`object_id`,`field`),
  KEY `IDX_B9CBDB32232D562B` (`object_id`),
  CONSTRAINT `FK_B9CBDB32232D562B` FOREIGN KEY (`object_id`) REFERENCES `web_item` (`id`) ON DELETE CASCADE
) ENGINE=InnoDB AUTO_INCREMENT=25 DEFAULT CHARSET=utf8 COLLATE=utf8_unicode_ci;
/*!40101 SET character_set_client = @saved_cs_client */;

--
-- Dumping data for table `web_item_translations`
--

LOCK TABLES `web_item_translations` WRITE;
/*!40000 ALTER TABLE `web_item_translations` DISABLE KEYS */;
INSERT INTO `web_item_translations` VALUES (1,1,'ru','content','<p style=\"color: #f07c21;\r\nfont-size: 30px;\r\nmargin-top: 50px;\">+7 495 509 30 07</p>'),(2,1,'en','content','<p style=\"color: #f07c21;\r\nfont-size: 30px;\r\nmargin-top: 50px;\">+7 495 509 30 07</p>'),(3,2,'ru','content','<p style=\"margin-top: 42px;\r\nfont-size: 12px;\r\nline-height: 1.3;\">ВАШ ПРОВОДНИК<br />\r\nВ МИР ВЫСОКИХ ТЕХНОЛОГИЙ</p>'),(4,2,'en','content','<p style=\"margin-top: 42px;\r\nfont-size: 12px;\r\nline-height: 1.3;\">YOUR GUIDE TO THE<br />\r\nWORLD OF HIGHT TECHNOLOGY</p>'),(5,3,'ru','content','<div class=\"carousel slide\" id=\"carousel\"><!-- Carousel items -->\r\n<div class=\"carousel-inner\">\r\n<div class=\"active item\"><img alt=\"\" src=\"/images/banner_sait_distribution.jpg\" />\r\n<div class=\"carousel-caption\">\r\n<h4>ДИСТРИБЬЮЦИЯ</h4>\r\n<p>Оптимальный подбор и поставка оборудования от производителей под Ваши задачи</p>\r\n</div>\r\n</div>\r\n\r\n<div class=\"item\"><img alt=\"\" src=\"/images/banner_sait_service.jpg\" />\r\n<div class=\"carousel-caption\">\r\n<h4>ИНТЕГРАЦИЯ</h4>\r\n<p>Полный комплекс работ по проектированию, интеграции и монтажу инженерных систем в единую структуру.</p>\r\n</div>\r\n</div>\r\n\r\n<div class=\"item\"><img alt=\"\" src=\"/images/banner_sait_integration.jpg\" />\r\n<div class=\"carousel-caption\">\r\n<h4>СЕРВИС</h4>\r\n<p>Комплексное обслуживание инженерных систем зданий и сооружений: профилактическое, оперативное, аварийное.</p>\r\n</div>\r\n</div>\r\n</div>\r\n<!-- Carousel nav --><a class=\"carousel-control left\" href=\"#myCarousel\" id=\"carousel_left\">&lsaquo;</a><a class=\"carousel-control right\" href=\"#myCarousel\" id=\"carousel_right\">&rsaquo;</a></div>'),(6,3,'en','content','<div class=\"carousel slide\" id=\"carousel\"><!-- Carousel items -->\r\n<div class=\"carousel-inner\">\r\n<div class=\"active item\"><img alt=\"\" src=\"/images/test1.jpg\" />\r\n<div class=\"carousel-caption\">\r\n<h4>Мы осуществляем</h4>\r\n\r\n<p>Прямые поставки оборудования и гарантируем его качество. Полный комплекс работ по проектированию, монтажу и интеграции инженерных систем в единую структуру и гарантируем высокий уровень исполнения</p>\r\n</div>\r\n</div>\r\n\r\n<div class=\"item\"><img alt=\"\" src=\"/images/test2.jpg\" />\r\n<div class=\"carousel-caption\">\r\n<h4>Вы получаете</h4>\r\n\r\n<p>Автоматизированную систему управления и контроля над инженерными коммуникациями. Возможность удаленно контролировать все инженерные системы и эффективно управлять ими</p>\r\n</div>\r\n</div>\r\n\r\n<div class=\"item\"><img alt=\"\" src=\"/images/test3.jpg\" />\r\n<div class=\"carousel-caption\">\r\n<h4>Реализация Ваших идей</h4>\r\n\r\n<p>Для реализации Ваших идей у нас есть всё: знания, опыт решения нестандартных задач, высококвалифицированный персонал, партнёрство с производителями.</p>\r\n</div>\r\n</div>\r\n</div>\r\n<!-- Carousel nav --><a class=\"carousel-control left\" href=\"#myCarousel\" id=\"carousel_left\">&lsaquo;</a><a class=\"carousel-control right\" href=\"#myCarousel\" id=\"carousel_right\">&rsaquo;</a></div>'),(7,4,'ru','content','<ul style=\"margin-left: 13px\">\r\n<!--	<li><a href=\"#\"><span style=\"color:#777777;\">Пользовательское соглашение</span></a></li> -->\r\n	<li><a href=\"/site_map\"><span style=\"color:#777777;\">Карта сайта</span></a></li>\r\n</ul>'),(8,4,'en','content','<ul style=\"margin-left: 13px\">\r\n	<li><a href=\"#\"><span style=\"color:#777777;\">Пользовательское соглашение</span></a></li>\r\n	<li><a href=\"/site_map\"><span style=\"color:#777777;\">Карта сайта</span></a></li>\r\n</ul>'),(9,5,'ru','content','<p>Ваша заявка принята. Ожидайте с Вами свяжутся наши специалисты.</p>'),(10,5,'en','content','<p>Ваша заявка принята. Ожидайте с Вами свяжутся наши специолисты.</p>'),(11,6,'ru','content','<p>Ваш сообщение успешно отправлено. Спасибо за Ваше участие.</p>'),(12,6,'en','content','<p>Ваш сообщение успешно отправлено. Спасибо за Ваше участие.</p>'),(13,7,'ru','content','<div class=\"carousel slide\" id=\"carousel\"><!-- Carousel items -->\r\n<div class=\"carousel-inner\">\r\n<div class=\"active item\"><img alt=\"\" src=\"/images/banner_sait_distribution.jpg\" />\r\n<div class=\"carousel-caption\">\r\n<h4>DISTRIBUTION</h4>\r\n<p>Оптимальный подбор и поставка оборудования от производителей под Ваши задачи</p>\r\n</div>\r\n</div>\r\n\r\n<div class=\"item\"><img alt=\"\" src=\"/images/banner_sait_service.jpg\" />\r\n<div class=\"carousel-caption\">\r\n<h4>Вы получаете</h4>\r\n<p>Полный комплекс работ по проектированию, интеграции и монтажу инженерных систем в единую структуру.</p>\r\n</div>\r\n</div>\r\n\r\n<div class=\"item\"><img alt=\"\" src=\"/images/banner_sait_integration.jpg\" />\r\n<div class=\"carousel-caption\">\r\n<h4>Реализация Ваших идей</h4>\r\n<p>Комплексное обслуживание инженерных систем зданий и сооружений: профилактическое, оперативное, аварийное.</p>\r\n</div>\r\n</div>\r\n</div>\r\n<!-- Carousel nav --><a class=\"carousel-control left\" href=\"#myCarousel\" id=\"carousel_left\">&lsaquo;</a><a class=\"carousel-control right\" href=\"#myCarousel\" id=\"carousel_right\">&rsaquo;</a></div>'),(14,7,'en','content',NULL),(15,8,'ru','content','<div class=\"row-fluid\">\r\n<div class=\"span6\">\r\n<div class=\"text_orange\">Среди наших Клиентов:</div>\r\n\r\n<div>Правительство РФ<br />\r\nФСО России<br />\r\nУправление делами Президента РФ<br />\r\nМинистерство Обороны РФ<br />\r\nЗАО &laquo;БалтСтрой&raquo;<br />\r\nОАО &laquo;Газпромнефть&raquo;<br />\r\nЗАО &laquo;ДанВита&raquo;</div>\r\n\r\n<div>Управление воздушным движением<br />\r\nМинтранс России (аэропорты Внуково,<br />\r\nДомодедово)<br />\r\nBank of America (первый филиал в России)<br />\r\nЗавод Volvo (Калужская область)<br />\r\nБанк &laquo;Связной&raquo;<br />\r\nТорговый центр &laquo;Галерея Чижова&raquo;<br />\r\n(г. Воронеж)<br />\r\nПроект &laquo;Безопасный город&raquo;<br />\r\n(г. Астана, Казахстан).</div>\r\n</div>\r\n\r\n<div class=\"span6\">\r\n<div class=\"text_orange\">НАШУ НАДЕЖНОСТЬ МОЖНО ИЗМЕРИТЬ</div>\r\n\r\n<div>Стали постоянными Клиентами:<br />\r\n80% Клиентов направления DISTRIBUTION<br />\r\n40% Клиентов направления INTEGRATION<br />\r\n70% Клиентов направления SERVICE</div>\r\n&nbsp;\r\n\r\n<div class=\"text_orange\"><span class=\"big_text\">10</span> лет успешной работы<br />\r\n<br />\r\n<span class=\"big_text\">80%</span> Клиентов рекомендуют нашу компанию<br />\r\n<br />\r\n<span class=\"big_text\">100+</span> выполненных проектов*<br />\r\n<br />\r\n20 &ndash; заводы, аэропорты, торговые центры<br />80 &ndash; офисы, банки, частные заказчики</div>\r\n</div>\r\n</div>\r\n\r\n<p>&nbsp;</p>'),(16,8,'en','content','<div class=\"row-fluid\">\r\n<div class=\"span6\">\r\n<div class=\"text_orange\">Среди наших Клиентов:</div>\r\n\r\n<div>Правительство РФ<br />\r\nЗАО &laquo;ДанВита&raquo;<br />\r\nФСО России<br />\r\nУправление делами Президента РФ<br />\r\nМинистерство Обороны РФ<br />\r\nЗАО &laquo;БалтСтрой&raquo;<br />\r\nОАО &laquo;Газпром нефть&raquo;<br />\r\nУправление воздушным движением<br />\r\nМинтранса России (аэропорты Внуково,<br />\r\nДомодедово)<br />\r\nBank of America (первый филиал в России)<br />\r\nЗавод Volvo (Калужская область)<br />\r\nБанк &laquo;Связной&raquo;<br />\r\nТорговый центр &laquo;Галерея Чижова&raquo;<br />\r\n(г. Воронеж)<br />\r\nПроект &laquo;Безопасный город&raquo;<br />\r\nг. Астана, Казахстан).</div>\r\n</div>\r\n\r\n<div class=\"span6\">\r\n<div class=\"text_orange\">НАШУ НАДЕЖНОСТЬ МОЖНО ИЗМЕРИТЬ</div>\r\n\r\n<div>Стали постоянными Клиентами:<br />\r\n80% Клиентов направления DISTRIBUTION<br />\r\n40% Клиентов направления INTEGRATION<br />\r\n70% Клиентов направления SERVICE</div>\r\n&nbsp;\r\n\r\n<div class=\"text_orange\"><span class=\"big_text\">9</span> лет успешной работы<br />\r\n<br />\r\n<span class=\"big_text\">80%</span> Клиентов рекомендуют нашу компанию<br />\r\n<br />\r\n<span class=\"big_text\">100+</span> выполненных проектов<br />\r\n<br />\r\n20 &ndash; заводы, аэропорты, торговые центры 80 &ndash; офисы, банки, частные заказчики</div>\r\n</div>\r\n</div>\r\n\r\n<p>&nbsp;</p>'),(17,9,'ru','content','<p>Ваш адрес успешно добавлен в рассылку новостей.</p>'),(18,9,'en','content',NULL),(19,10,'ru','content','<div>\r\n<p>Есть вопросы по оборудованию <a href=\"/catalog/automatic_fire_alarm_system/esser-by-honeywell\">ESSER by Honeywell</a>? Обращайтесь:</p>\r\n<p>Говоров Андрей Евгеньевич<br />\r\nруководитель подразделения Дистрибьюция<br />\r\nмоб.: +7 925 080-75-24<br />\r\nтел.: +7 495 509-30-07<br />\r\ne-mail: <a href=\"mailto:a.govorov@wifinder.biz\">a.govorov@wifinder.biz</a></p>\r\n</div>'),(20,10,'en','content','<div class=\"block_text\">\r\n<p>Есть вопросы по оборудованию <a href=\"www.wifinder.biz/catalog/brands/esser-by-honeywell\">ESSER</a>? Обращайтесь:<br />\r\n<b>Андрей Евгеньевич Говоров</b> - инженер технического отдела<br />\r\nмоб.: +7 (925) 080-75-24<br />\r\nтел.: +7 (495) 509-30-07 (добавочный 108)<br />\r\n<a href=\"mailto:a.govorov@wifinder.biz\">a.govorov@wifinder.biz</a></p>\r\n</div>\r\n\r\n<div class=\"block_text\">\r\n<p>По вопросам покупки оборудования <a href=\"www.wifinder.biz/catalog/brands/esser-by-honeywell\">ESSER</a>? Обращайтесь:<br />\r\n<b>Владислав Александрович Цыганков</b> - менеджер отдела продаж<br />\r\nмоб.: +7 (925) 080-75-91<br />\r\nтел.: +7 (495) 509-30-07 (добавочный 110)<br />\r\n<a href=\"mailto:v.tsiganko@wifinder.biz\">v.tsiganko@wifinder.biz</a></p>\r\n</div>'),(21,11,'ru','content','<div class=\"block_text\">\r\n<p><b>По вопросам покупки оборудования системы пожарной сигнализации&nbsp; <a href=\"/catalog/brands/esser-by-honeywell\">ESSER by Honeywell</a>&nbsp;обращайтесь:</b></p>\r\n\r\n<p>Владислав Александрович Цыганко<br />\r\nменеджер отдела продаж<br />\r\nмоб.: +7 (925) 080-75-91<br />\r\nтел.: +7 (495) 509-30-07<br />\r\n<a href=\"mailto:v.tsiganko@wifinder.biz\">v.tsiganko@wifinder.biz</a></p>\r\n</div>\r\n\r\n<div class=\"block_text\">\r\n<p><b>По техническим вопросам и обучению системам пожарной сигнализации <a href=\"/catalog/brands/esser-by-honeywell\">ESSER by Honeywell</a> обращайтесь:</b></p>\r\n\r\n<p>Андрей Евгеньевич Говоров<br />\r\nинженер технического отдела<br />\r\nмоб.: +7 (925) 080-75-24<br />\r\nтел.: +7 (495) 509-30-07<br />\r\n<a href=\"mailto:a.govorov@wifinder.biz\">a.govorov@wifinder.biz</a></p>\r\n</div>'),(22,11,'en','content',NULL),(23,12,'ru','content','<div class=\"carousel slide\" id=\"carousel\" style=\"margin-left: -15px; margin-right: -15px;\"><!-- Carousel items -->\r\n    <div class=\"carousel-inner\">\r\n        <div class=\"active item\">\r\n            <a href=\"/i-surprise\">\r\n                <img alt=\"\" src=\"/images/i_surprize_01.jpg\" />\r\n            </a>\r\n        </div>\r\n        <div class=\"item\">\r\n            <a href=\"/i-surprise\">\r\n                <img alt=\"\" src=\"/images/i_surprize_02.jpg\" />\r\n            </a>\r\n        </div>\r\n        <div class=\"item\">\r\n            <a href=\"/i-surprise\">\r\n                <img alt=\"\" src=\"/images/i_surprize_03.jpg\" />\r\n            </a>\r\n        </div>\r\n    </div>\r\n</div>'),(24,12,'en','content',NULL);
/*!40000 ALTER TABLE `web_item_translations` ENABLE KEYS */;
UNLOCK TABLES;

--
-- Table structure for table `webitem_catalog`
--

DROP TABLE IF EXISTS `webitem_catalog`;
/*!40101 SET @saved_cs_client     = @@character_set_client */;
/*!40101 SET character_set_client = utf8 */;
CREATE TABLE `webitem_catalog` (
  `webitem_id` int(11) NOT NULL,
  `catalog_id` int(11) NOT NULL,
  PRIMARY KEY (`webitem_id`,`catalog_id`),
  KEY `IDX_47FB8A7CFC26189A` (`webitem_id`),
  KEY `IDX_47FB8A7CCC3C66FC` (`catalog_id`),
  CONSTRAINT `FK_47FB8A7CCC3C66FC` FOREIGN KEY (`catalog_id`) REFERENCES `catalog` (`id`) ON DELETE CASCADE,
  CONSTRAINT `FK_47FB8A7CFC26189A` FOREIGN KEY (`webitem_id`) REFERENCES `web_item` (`id`) ON DELETE CASCADE
) ENGINE=InnoDB DEFAULT CHARSET=utf8 COLLATE=utf8_unicode_ci;
/*!40101 SET character_set_client = @saved_cs_client */;

--
-- Dumping data for table `webitem_catalog`
--

LOCK TABLES `webitem_catalog` WRITE;
/*!40000 ALTER TABLE `webitem_catalog` DISABLE KEYS */;
/*!40000 ALTER TABLE `webitem_catalog` ENABLE KEYS */;
UNLOCK TABLES;

--
-- Table structure for table `webitem_content`
--

DROP TABLE IF EXISTS `webitem_content`;
/*!40101 SET @saved_cs_client     = @@character_set_client */;
/*!40101 SET character_set_client = utf8 */;
CREATE TABLE `webitem_content` (
  `webitem_id` int(11) NOT NULL,
  `content_id` int(11) NOT NULL,
  PRIMARY KEY (`webitem_id`,`content_id`),
  KEY `IDX_A2128892FC26189A` (`webitem_id`),
  KEY `IDX_A212889284A0A3ED` (`content_id`),
  CONSTRAINT `FK_A212889284A0A3ED` FOREIGN KEY (`content_id`) REFERENCES `content` (`id`) ON DELETE CASCADE,
  CONSTRAINT `FK_A2128892FC26189A` FOREIGN KEY (`webitem_id`) REFERENCES `web_item` (`id`) ON DELETE CASCADE
) ENGINE=InnoDB DEFAULT CHARSET=utf8 COLLATE=utf8_unicode_ci;
/*!40101 SET character_set_client = @saved_cs_client */;

--
-- Dumping data for table `webitem_content`
--

LOCK TABLES `webitem_content` WRITE;
/*!40000 ALTER TABLE `webitem_content` DISABLE KEYS */;
/*!40000 ALTER TABLE `webitem_content` ENABLE KEYS */;
UNLOCK TABLES;

--
-- Table structure for table `webitem_project`
--

DROP TABLE IF EXISTS `webitem_project`;
/*!40101 SET @saved_cs_client     = @@character_set_client */;
/*!40101 SET character_set_client = utf8 */;
CREATE TABLE `webitem_project` (
  `webitem_id` int(11) NOT NULL,
  `project_id` int(11) NOT NULL,
  PRIMARY KEY (`webitem_id`,`project_id`),
  KEY `IDX_736468D5FC26189A` (`webitem_id`),
  KEY `IDX_736468D5166D1F9C` (`project_id`),
  CONSTRAINT `FK_736468D5166D1F9C` FOREIGN KEY (`project_id`) REFERENCES `project` (`id`) ON DELETE CASCADE,
  CONSTRAINT `FK_736468D5FC26189A` FOREIGN KEY (`webitem_id`) REFERENCES `web_item` (`id`) ON DELETE CASCADE
) ENGINE=InnoDB DEFAULT CHARSET=utf8 COLLATE=utf8_unicode_ci;
/*!40101 SET character_set_client = @saved_cs_client */;

--
-- Dumping data for table `webitem_project`
--

LOCK TABLES `webitem_project` WRITE;
/*!40000 ALTER TABLE `webitem_project` DISABLE KEYS */;
/*!40000 ALTER TABLE `webitem_project` ENABLE KEYS */;
UNLOCK TABLES;

--
-- Table structure for table `years`
--

DROP TABLE IF EXISTS `years`;
/*!40101 SET @saved_cs_client     = @@character_set_client */;
/*!40101 SET character_set_client = utf8 */;
CREATE TABLE `years` (
  `id` int(11) NOT NULL AUTO_INCREMENT,
  `alias` int(11) NOT NULL,
  PRIMARY KEY (`id`),
  UNIQUE KEY `UNIQ_A308E877E16C6B94` (`alias`)
) ENGINE=InnoDB AUTO_INCREMENT=20 DEFAULT CHARSET=utf8 COLLATE=utf8_unicode_ci;
/*!40101 SET character_set_client = @saved_cs_client */;

--
-- Dumping data for table `years`
--

LOCK TABLES `years` WRITE;
/*!40000 ALTER TABLE `years` DISABLE KEYS */;
INSERT INTO `years` VALUES (1,1996),(2,1997),(3,1998),(4,1999),(5,2000),(6,2001),(7,2002),(8,2003),(9,2004),(10,2005),(11,2006),(12,2007),(13,2008),(14,2009),(15,2010),(16,2011),(17,2012),(18,2013),(19,2014);
/*!40000 ALTER TABLE `years` ENABLE KEYS */;
UNLOCK TABLES;
/*!40103 SET TIME_ZONE=@OLD_TIME_ZONE */;

/*!40101 SET SQL_MODE=@OLD_SQL_MODE */;
/*!40014 SET FOREIGN_KEY_CHECKS=@OLD_FOREIGN_KEY_CHECKS */;
/*!40014 SET UNIQUE_CHECKS=@OLD_UNIQUE_CHECKS */;
/*!40101 SET CHARACTER_SET_CLIENT=@OLD_CHARACTER_SET_CLIENT */;
/*!40101 SET CHARACTER_SET_RESULTS=@OLD_CHARACTER_SET_RESULTS */;
/*!40101 SET COLLATION_CONNECTION=@OLD_COLLATION_CONNECTION */;
/*!40111 SET SQL_NOTES=@OLD_SQL_NOTES */;

-- Dump completed on 2014-04-12 21:32:54
